TIME,INF_ARTICLES,ALL_ARTICLES,GEO,VALUE
2021-03-01,56,12298,EE,0.004553585948934786
2021-04-01,58,11237,EE,0.005161519978641987
2021-05-01,86,9419,EE,0.009130480942775241
2021-06-01,52,7926,EE,0.006560686348725713
2021-07-01,30,7130,EE,0.004207573632538569
2021-08-01,39,7584,EE,0.005142405063291139
2021-09-01,97,8846,EE,0.01096540809405381
2021-10-01,104,9358,EE,0.011113485787561444
2021-11-01,106,9292,EE,0.011407662505380972
2021-12-01,146,8711,EE,0.016760417862472735
2022-01-01,163,8805,EE,0.018512208972174902
2022-02-01,106,9418,EE,0.011255043533658951
2022-03-01,115,9567,EE,0.012020487091042123
2022-04-01,106,8272,EE,0.01281431334622824
2022-05-01,221,8206,EE,0.026931513526687788
2022-06-01,309,7845,EE,0.03938814531548757
2022-07-01,238,6988,EE,0.034058385804235834
2022-08-01,218,7843,EE,0.02779548642101237
2022-09-01,279,8047,EE,0.03467130607679881
2022-10-01,189,7458,EE,0.025341914722445697
2022-11-01,139,5515,EE,0.025203989120580236
2022-12-01,143,5786,EE,0.024714828897338403
2023-01-01,137,5759,EE,0.023788852231290153
2023-02-01,118,5326,EE,0.022155463762673678
2023-03-01,107,5001,EE,0.021395720855828835
2023-04-01,41,2499,EE,0.01640656262505002
2023-05-01,36,2701,EE,0.013328396890040726
2023-06-01,46,2650,EE,0.017358490566037735
2023-07-01,33,2437,EE,0.013541239228559704
2023-08-01,42,2635,EE,0.015939278937381403
2023-09-01,37,2572,EE,0.014385692068429238
2023-10-01,33,2338,EE,0.014114627887082978
2023-11-01,35,2476,EE,0.014135702746365105
2023-12-01,33,2470,EE,0.013360323886639677
2024-01-01,27,2315,EE,0.011663066954643628
2024-02-01,34,2599,EE,0.013081954597922277
2024-03-01,23,2588,EE,0.008887171561051005
2024-04-01,31,2831,EE,0.01095019427764041
2024-05-01,38,2609,EE,0.014564967420467612
2024-06-01,18,2390,EE,0.007531380753138075
2024-07-01,14,2008,EE,0.0069721115537848604
2024-08-01,20,1822,EE,0.010976948408342482
2024-09-01,22,2255,EE,0.00975609756097561
2024-10-01,19,2067,EE,0.009192065795839382
2024-11-01,19,2113,EE,0.008991954566966399
2024-12-01,18,2118,EE,0.0084985835694051
2025-01-01,32,1826,EE,0.017524644030668127
2025-02-01,30,1709,EE,0.017554125219426564
2025-03-01,19,1912,EE,0.00993723849372385
2025-04-01,9,1817,EE,0.0049532195927352776
2025-05-01,14,1904,EE,0.007352941176470588
2025-06-01,10,984,EE,0.01016260162601626
2025-07-01,16,1822,EE,0.008781558726673985
2025-08-01,23,2063,EE,0.011148812409112942
2025-09-01,34,2168,EE,0.015682656826568265
2025-10-01,18,2339,EE,0.007695596408721676
2025-11-01,13,2020,EE,0.006435643564356435
2025-12-01,16,2450,EE,0.006530612244897959
2017-01-01,479,80518,FI,0.00594898035221938
2017-02-01,254,72754,FI,0.003491216977760673
2017-03-01,367,73958,FI,0.004962275886313853
2017-04-01,245,67471,FI,0.003631189696313972
2017-05-01,161,66215,FI,0.00243147323114098
2017-06-01,196,62939,FI,0.0031141263763326396
2017-07-01,178,55383,FI,0.003213982630048932
2017-08-01,197,58983,FI,0.003339945407998915
2017-09-01,268,60539,FI,0.004426898363038703
2017-10-01,223,63119,FI,0.003533009078090591
2017-11-01,321,62308,FI,0.005151826410733774
2017-12-01,204,51701,FI,0.003945765072242317
2018-01-01,176,57721,FI,0.0030491502226226157
2018-02-01,232,53990,FI,0.004297092054084089
2018-03-01,109,54950,FI,0.001983621474067334
2018-04-01,99,50357,FI,0.001965963024008579
2018-05-01,131,54906,FI,0.0023858958948020253
2018-06-01,147,54216,FI,0.002711376715360779
2018-07-01,96,51950,FI,0.0018479307025986525
2018-08-01,193,48281,FI,0.003997431701911725
2018-09-01,124,52971,FI,0.0023409035132430952
2018-10-01,108,61707,FI,0.0017502066216150518
2018-11-01,89,58437,FI,0.001523007683488201
2018-12-01,122,50802,FI,0.002401480256682808
2019-01-01,133,54711,FI,0.0024309553837436712
2019-02-01,88,50520,FI,0.0017418844022169437
2019-03-01,137,53301,FI,0.0025703082493761845
2019-04-01,116,50762,FI,0.002285173949016981
2019-05-01,129,52045,FI,0.0024786242674608512
2019-06-01,224,46329,FI,0.004834984566901941
2019-07-01,184,45360,FI,0.004056437389770723
2019-08-01,119,48990,FI,0.0024290671565625637
2019-09-01,168,47858,FI,0.0035103848886288602
2019-10-01,144,48677,FI,0.002958275982496867
2019-11-01,66,48135,FI,0.0013711436584605797
2019-12-01,130,43938,FI,0.0029587145523237287
2020-01-01,159,46221,FI,0.0034399948075550073
2020-02-01,56,37438,FI,0.0014958063999145255
2020-03-01,64,42431,FI,0.0015083311729631637
2020-04-01,68,40020,FI,0.001699150424787606
2020-05-01,61,40825,FI,0.0014941824862216779
2020-06-01,88,36755,FI,0.0023942320772683988
2020-07-01,61,34193,FI,0.001783990875325359
2020-08-01,105,36714,FI,0.0028599444353652557
2020-09-01,101,39032,FI,0.002587620414019266
2020-10-01,21,28056,FI,0.0007485029940119761
2020-11-01,49,28585,FI,0.0017141857617631625
2020-12-01,107,42845,FI,0.0024973742560392112
2021-01-01,69,44036,FI,0.0015668998092469798
2021-02-01,119,41482,FI,0.0028687141410732365
2021-03-01,164,44990,FI,0.0036452545010002223
2021-04-01,133,41996,FI,0.00316696828269359
2021-05-01,172,43441,FI,0.003959393199972377
2021-06-01,254,41865,FI,0.006067120506389585
2021-07-01,219,38791,FI,0.005645639452450311
2021-08-01,119,32516,FI,0.003659736744987083
2021-09-01,187,36596,FI,0.005109848070827413
2021-10-01,319,39999,FI,0.0079751993799845
2021-11-01,404,38322,FI,0.010542247273106832
2021-12-01,467,38593,FI,0.012100640012437488
2022-01-01,411,39835,FI,0.010317559934730764
2022-02-01,565,37001,FI,0.015269857571416988
2022-03-01,728,39416,FI,0.018469656992084433
2022-04-01,701,36686,FI,0.01910810663468353
2022-05-01,817,37702,FI,0.02166993793432709
2022-06-01,1097,36877,FI,0.029747539116522493
2022-07-01,1281,35014,FI,0.036585365853658534
2022-08-01,1163,37296,FI,0.031182968682968683
2022-09-01,1255,39187,FI,0.03202592696557532
2022-10-01,1448,39825,FI,0.036359070935342123
2022-11-01,1241,38206,FI,0.03248180913992567
2022-12-01,1003,37983,FI,0.02640655029881789
2023-01-01,1104,38994,FI,0.02831204800738575
2023-02-01,1282,38375,FI,0.0334071661237785
2023-03-01,944,35029,FI,0.026949099317708183
2023-04-01,410,19260,FI,0.021287642782969886
2023-05-01,519,20661,FI,0.02511979091041092
2023-06-01,394,20872,FI,0.01887696435415868
2023-07-01,368,19790,FI,0.01859525012632643
2023-08-01,295,20630,FI,0.014299563742123121
2023-09-01,428,20965,FI,0.020414977343191032
2023-10-01,384,19221,FI,0.01997814889964102
2023-11-01,290,20001,FI,0.014499275036248187
2023-12-01,331,19764,FI,0.01674762193887877
2024-01-01,287,19914,FI,0.014411971477352617
2024-02-01,219,21647,FI,0.010116875317595971
2024-03-01,336,22518,FI,0.014921396216360246
2024-04-01,349,20759,FI,0.016811985163061805
2024-05-01,312,19812,FI,0.015748031496062992
2024-06-01,277,21789,FI,0.01271283675248979
2024-07-01,235,19330,FI,0.01215726849456803
2024-08-01,320,19981,FI,0.016015214453731046
2024-09-01,383,22724,FI,0.0168544270374934
2024-10-01,269,21888,FI,0.01228983918128655
2024-11-01,399,23176,FI,0.0172160856057991
2024-12-01,280,23021,FI,0.012162807871074236
2025-01-01,337,20565,FI,0.01638706540238269
2025-02-01,315,20415,FI,0.015429831006612785
2025-03-01,314,22456,FI,0.013982899893124331
2025-04-01,341,22975,FI,0.014842219804134929
2025-05-01,197,21028,FI,0.0093684610994864
2025-06-01,108,10596,FI,0.010192525481313703
2025-07-01,240,21771,FI,0.01102383905194984
2025-08-01,171,23859,FI,0.007167106752168993
2025-09-01,352,22870,FI,0.015391342369916922
2025-10-01,158,25524,FI,0.006190252311549914
2025-11-01,143,24811,FI,0.005763572608923462
2025-12-01,160,22434,FI,0.007132031737541232
2017-01-01,3599,373987,FR,0.009623329153152383
2017-02-01,2550,334327,FR,0.007627263128613603
2017-03-01,3998,375138,FR,0.010657411405935948
2017-04-01,2491,321188,FR,0.007755582400338743
2017-05-01,3131,326103,FR,0.00960126095129453
2017-06-01,3178,326617,FR,0.00973005079343696
2017-07-01,3255,255797,FR,0.012724934225186378
2017-08-01,2650,238064,FR,0.011131460447610727
2017-09-01,3359,291942,FR,0.011505710038295277
2017-10-01,2614,317519,FR,0.008232578207918267
2017-11-01,2568,313564,FR,0.008189715656133995
2017-12-01,2260,242678,FR,0.009312751876972778
2018-01-01,2934,273357,FR,0.010733217001942515
2018-02-01,3372,251238,FR,0.01342153655099945
2018-03-01,2743,293270,FR,0.009353155795001193
2018-04-01,2302,271435,FR,0.008480851769300201
2018-05-01,2834,278127,FR,0.010189589647894667
2018-06-01,2237,273487,FR,0.008179547839568242
2018-07-01,2294,252889,FR,0.009071173518816556
2018-08-01,3773,229534,FR,0.016437651938274938
2018-09-01,2643,244859,FR,0.010793967140272564
2018-10-01,2506,277096,FR,0.00904379709559142
2018-11-01,2086,275728,FR,0.007565426797423547
2018-12-01,2303,245701,FR,0.009373181224333641
2019-01-01,2429,261005,FR,0.009306335127679546
2019-02-01,1972,229408,FR,0.008596038499093319
2019-03-01,2549,248525,FR,0.01025651342923247
2019-04-01,3047,233137,FR,0.013069568536954667
2019-05-01,1516,238352,FR,0.006360341008256696
2019-06-01,1780,223051,FR,0.007980237703484853
2019-07-01,1787,240331,FR,0.0074355784314133425
2019-08-01,1544,206359,FR,0.007482106426179619
2019-09-01,2059,237247,FR,0.00867871880360974
2019-10-01,1984,253739,FR,0.007819058166068283
2019-11-01,1363,232171,FR,0.005870672909191932
2019-12-01,1378,217507,FR,0.006335428285066688
2020-01-01,1563,234795,FR,0.0066568708873698335
2020-02-01,1221,230223,FR,0.005303553511160918
2020-03-01,994,262991,FR,0.003779597020430357
2020-04-01,1019,230234,FR,0.00442593187800238
2020-05-01,954,221563,FR,0.004305773075829448
2020-06-01,1070,236048,FR,0.004532976343794483
2020-07-01,744,224591,FR,0.003312688398021292
2020-08-01,1167,191525,FR,0.0060931993212374365
2020-09-01,1229,222528,FR,0.005522900488927236
2020-10-01,679,156755,FR,0.0043316002679340375
2020-11-01,451,149201,FR,0.003022767943914585
2020-12-01,1102,228991,FR,0.0048124162084972775
2021-01-01,1163,235072,FR,0.004947420364824394
2021-02-01,1413,212821,FR,0.006639382391775248
2021-03-01,1986,242235,FR,0.00819865007121184
2021-04-01,1380,215979,FR,0.006389510091258872
2021-05-01,1939,213264,FR,0.009092017405656839
2021-06-01,2107,232213,FR,0.009073566079418465
2021-07-01,1785,206329,FR,0.008651231770618769
2021-08-01,1475,166285,FR,0.008870313016808492
2021-09-01,2544,218753,FR,0.011629554794677102
2021-10-01,4183,211298,FR,0.019796685250215336
2021-11-01,3721,205125,FR,0.018140158439975625
2021-12-01,3510,198835,FR,0.017652827721477606
2022-01-01,4938,207196,FR,0.02383250641904284
2022-02-01,3904,191400,FR,0.02039707419017764
2022-03-01,5704,221681,FR,0.025730667039574884
2022-04-01,6398,207945,FR,0.030767751088028084
2022-05-01,7033,211482,FR,0.03325578536234762
2022-06-01,8086,212744,FR,0.03800812243823563
2022-07-01,8619,184431,FR,0.046732924508352716
2022-08-01,6707,166378,FR,0.040311820072365334
2022-09-01,8459,189085,FR,0.044736494169288946
2022-10-01,8304,184306,FR,0.045055505517997245
2022-11-01,7349,169054,FR,0.043471316857335525
2022-12-01,5944,159196,FR,0.03733762154828011
2023-01-01,6674,167070,FR,0.03994732746752858
2023-02-01,5658,146944,FR,0.03850446428571429
2023-03-01,5409,142161,FR,0.03804840990144977
2023-04-01,3574,87092,FR,0.04103706425389243
2023-05-01,4403,97327,FR,0.0452392450193677
2023-06-01,3972,99859,FR,0.039776084278833154
2023-07-01,3368,92381,FR,0.03645771316612723
2023-08-01,3318,83109,FR,0.039923473991986425
2023-09-01,4935,94784,FR,0.05206574949358542
2023-10-01,3040,84509,FR,0.03597249997041735
2023-11-01,3431,89075,FR,0.038518102722424924
2023-12-01,3185,89753,FR,0.03548627901017236
2024-01-01,3456,88264,FR,0.03915526148826248
2024-02-01,2883,93918,FR,0.03069699099214208
2024-03-01,2840,99032,FR,0.028677599159867517
2024-04-01,2939,97280,FR,0.03021175986842105
2024-05-01,2508,91331,FR,0.027460555561638435
2024-06-01,2914,105574,FR,0.027601492791785857
2024-07-01,2387,93499,FR,0.0255296848094632
2024-08-01,1952,75477,FR,0.02586218318163149
2024-09-01,2516,99639,FR,0.02525115667559891
2024-10-01,2603,97614,FR,0.02666625688938062
2024-11-01,2601,96094,FR,0.02706724665431765
2024-12-01,2734,94260,FR,0.029004880118820284
2025-01-01,2422,94248,FR,0.025698158051099228
2025-02-01,1922,87687,FR,0.021918870528128458
2025-03-01,2301,95989,FR,0.023971496734000772
2025-04-01,2167,92165,FR,0.023512179243747627
2025-05-01,1620,89708,FR,0.01805859009229946
2025-06-01,1093,45750,FR,0.023890710382513662
2025-07-01,1789,88900,FR,0.020123734533183352
2025-08-01,1524,82264,FR,0.018525722065545074
2025-09-01,1954,92212,FR,0.02119030061163406
2025-10-01,1666,93265,FR,0.01786307832520238
2025-11-01,1417,89773,FR,0.015784255845298696
2025-12-01,1865,89039,FR,0.020945877649120048
2017-01-01,5030,684782,DE,0.007345403354644252
2017-02-01,2674,631275,DE,0.004235871846659538
2017-03-01,5171,704568,DE,0.007339249014999262
2017-04-01,4092,589030,DE,0.006947014583297964
2017-05-01,2901,610780,DE,0.004749664363600642
2017-06-01,4652,566712,DE,0.008208755064300738
2017-07-01,3214,494799,DE,0.006495566886756036
2017-08-01,2861,503277,DE,0.005684742199623666
2017-09-01,2760,531951,DE,0.005188447808162782
2017-10-01,2936,553090,DE,0.005308358495000814
2017-11-01,2685,583068,DE,0.004604951738047707
2017-12-01,2657,458454,DE,0.0057955650948622985
2018-01-01,3360,529110,DE,0.006350286329874695
2018-02-01,3112,475882,DE,0.006539436246800677
2018-03-01,3081,532379,DE,0.005787230525621785
2018-04-01,2821,523702,DE,0.005386651187125503
2018-05-01,3227,561413,DE,0.005747996572932939
2018-06-01,3020,596393,DE,0.005063775061075499
2018-07-01,2703,577966,DE,0.004676745690922995
2018-08-01,4988,564021,DE,0.008843642346650213
2018-09-01,3578,524459,DE,0.0068222682802659505
2018-10-01,2858,539693,DE,0.005295603241101885
2018-11-01,2424,532527,DE,0.0045518818764119
2018-12-01,2894,458407,DE,0.006313167120048342
2019-01-01,1966,519784,DE,0.0037823403567635787
2019-02-01,1500,465387,DE,0.003223123980687041
2019-03-01,2058,502146,DE,0.004098409625885698
2019-04-01,2232,479490,DE,0.004654945879997497
2019-05-01,1710,508278,DE,0.0033643006386268933
2019-06-01,2073,450563,DE,0.004600910416523328
2019-07-01,2207,500709,DE,0.004407749810768331
2019-08-01,1957,485700,DE,0.00402923615400453
2019-09-01,1807,483160,DE,0.003739961917377266
2019-10-01,2150,502244,DE,0.004280787824244789
2019-11-01,1465,482006,DE,0.0030393812525155287
2019-12-01,1668,437284,DE,0.003814454679338828
2020-01-01,1932,475528,DE,0.0040628522400363385
2020-02-01,1214,414623,DE,0.0029279610634238814
2020-03-01,895,431236,DE,0.002075429695108943
2020-04-01,714,358238,DE,0.001993088393749407
2020-05-01,1389,362419,DE,0.0038325805214406527
2020-06-01,1073,392785,DE,0.002731774380386216
2020-07-01,1084,403608,DE,0.0026857743156726327
2020-08-01,1590,378914,DE,0.004196202832304955
2020-09-01,1418,374605,DE,0.0037853205376329733
2020-10-01,611,255219,DE,0.0023940223886152676
2020-11-01,671,254833,DE,0.002633096969387795
2020-12-01,1078,334636,DE,0.0032214107268793554
2021-01-01,1182,314367,DE,0.0037599366345704224
2021-02-01,1817,305959,DE,0.0059387042054654384
2021-03-01,2719,339071,DE,0.008018969478368837
2021-04-01,1733,295788,DE,0.00585892598753161
2021-05-01,2914,300106,DE,0.009709902501116273
2021-06-01,3758,306049,DE,0.012279079493806548
2021-07-01,2916,298690,DE,0.009762630151662259
2021-08-01,2197,251195,DE,0.00874619319652063
2021-09-01,3289,301705,DE,0.010901377173066405
2021-10-01,4580,300405,DE,0.015246084452655581
2021-11-01,4064,294548,DE,0.013797411627306924
2021-12-01,4345,273880,DE,0.01586461223893676
2022-01-01,5366,275652,DE,0.019466573795945612
2022-02-01,5221,268849,DE,0.0194198230233328
2022-03-01,5984,309645,DE,0.01932535645658738
2022-04-01,6545,256166,DE,0.025549838776418417
2022-05-01,6393,265546,DE,0.02407492487177363
2022-06-01,9362,250127,DE,0.03742898607507386
2022-07-01,9451,245041,DE,0.0385690557906636
2022-08-01,8237,233538,DE,0.03527049131190641
2022-09-01,9563,238707,DE,0.04006166555651908
2022-10-01,8091,237441,DE,0.03407583357549875
2022-11-01,8217,226271,DE,0.03631486138303185
2022-12-01,10265,216046,DE,0.047513029632578245
2023-01-01,7465,224588,DE,0.03323864142340641
2023-02-01,5948,220231,DE,0.027008005230871223
2023-03-01,5381,241321,DE,0.022298100869795834
2023-04-01,2432,203818,DE,0.011932214034089237
2023-05-01,2927,243307,DE,0.012030069007467932
2023-06-01,2593,217858,DE,0.011902248253449495
2023-07-01,2574,207055,DE,0.012431479558571394
2023-08-01,2416,210700,DE,0.011466540104413859
2023-09-01,2261,206010,DE,0.010975195378865104
2023-10-01,1766,185013,DE,0.009545275196878058
2023-11-01,2263,214393,DE,0.010555381938775987
2023-12-01,2135,212193,DE,0.010061594868822252
2024-01-01,2365,215398,DE,0.010979674834492428
2024-02-01,2234,232456,DE,0.0096104208968579
2024-03-01,2328,241557,DE,0.009637476868813572
2024-04-01,2124,238993,DE,0.008887289585887453
2024-05-01,1693,214711,DE,0.007885017535198477
2024-06-01,1674,230251,DE,0.007270326730394222
2024-07-01,1368,228930,DE,0.0059756257371248855
2024-08-01,1389,205466,DE,0.006760242570546952
2024-09-01,1711,226426,DE,0.007556552692711968
2024-10-01,1291,205966,DE,0.006268024819630425
2024-11-01,1362,214039,DE,0.006363326309691225
2024-12-01,1700,210495,DE,0.008076201334948574
2025-01-01,1595,206598,DE,0.007720307069768342
2025-02-01,1151,198884,DE,0.005787293095472738
2025-03-01,1426,217287,DE,0.00656274880687754
2025-04-01,1396,203258,DE,0.006868118352045184
2025-05-01,1097,200818,DE,0.005462657729884772
2025-06-01,945,99245,DE,0.009521890271550204
2025-07-01,1327,215700,DE,0.006152063050533148
2025-08-01,1448,218150,DE,0.006637634655053862
2025-09-01,1478,220962,DE,0.006688932938695341
2025-10-01,1279,227131,DE,0.005631111561169545
2025-11-01,1019,219828,DE,0.004635442254853794
2025-12-01,1267,216088,DE,0.0058633519677168565
2017-01-01,2198,365805,GR,0.006008665819220623
2017-02-01,1694,326706,GR,0.005185089958556011
2017-03-01,2118,361008,GR,0.0058669059965430126
2017-04-01,2030,309130,GR,0.006566816549671659
2017-05-01,1362,321672,GR,0.004234126688054913
2017-06-01,1376,293639,GR,0.004686026038775503
2017-07-01,1131,251595,GR,0.004495319859297681
2017-08-01,1149,231791,GR,0.0049570518268612675
2017-09-01,1310,274805,GR,0.004767016611779262
2017-10-01,1501,290023,GR,0.005175451602114315
2017-11-01,1250,304570,GR,0.004104146829956989
2017-12-01,968,243745,GR,0.003971363515149029
2018-01-01,1498,262096,GR,0.005715463036444661
2018-02-01,1601,220747,GR,0.007252646695085324
2018-03-01,1132,239690,GR,0.004722766907255205
2018-04-01,1100,230068,GR,0.004781195124919589
2018-05-01,1921,261302,GR,0.007351646753564841
2018-06-01,1278,282238,GR,0.004528093311318816
2018-07-01,1660,253968,GR,0.006536256536256536
2018-08-01,2462,217562,GR,0.011316314429909635
2018-09-01,2005,247386,GR,0.008104743194845302
2018-10-01,1647,259461,GR,0.006347774810087065
2018-11-01,1564,237412,GR,0.006587704075615386
2018-12-01,1419,212404,GR,0.00668066514754901
2019-01-01,1330,231950,GR,0.005733994395343824
2019-02-01,1299,213313,GR,0.0060896429190907255
2019-03-01,1416,223695,GR,0.006330047609468249
2019-04-01,1511,221488,GR,0.0068220400202268295
2019-05-01,1514,240448,GR,0.006296579717859995
2019-06-01,1528,218551,GR,0.006991503127416484
2019-07-01,1537,235769,GR,0.006519092840873906
2019-08-01,1655,207885,GR,0.007961132356831902
2019-09-01,1855,223555,GR,0.00829773433830601
2019-10-01,1210,251467,GR,0.004811764565529473
2019-11-01,1098,247290,GR,0.004440131020259614
2019-12-01,670,258156,GR,0.0025953299555307643
2020-01-01,736,228663,GR,0.003218710504104293
2020-02-01,630,198304,GR,0.0031769404550588995
2020-03-01,509,220795,GR,0.0023053058266717997
2020-04-01,513,201108,GR,0.0025508681902261473
2020-05-01,741,198348,GR,0.003735858188638151
2020-06-01,582,191050,GR,0.003046322952106778
2020-07-01,487,187196,GR,0.0026015513151990428
2020-08-01,556,162710,GR,0.00341712248786184
2020-09-01,1017,188416,GR,0.005397630774456522
2020-10-01,485,127488,GR,0.0038042796184738956
2020-11-01,413,123213,GR,0.0033519190345174615
2020-12-01,685,189851,GR,0.00360809266214031
2021-01-01,685,184136,GR,0.003720076465221358
2021-02-01,1047,168503,GR,0.006213539224820923
2021-03-01,1499,184915,GR,0.008106427277397724
2021-04-01,1081,175268,GR,0.006167697469018874
2021-05-01,1517,170340,GR,0.00890571797581308
2021-06-01,1750,163887,GR,0.010678089171197227
2021-07-01,1622,157001,GR,0.010331144387615366
2021-08-01,936,130550,GR,0.007169666794331674
2021-09-01,2490,158739,GR,0.01568612628276605
2021-10-01,2797,150441,GR,0.018592006168531183
2021-11-01,3270,144860,GR,0.02257351925997515
2021-12-01,3197,139641,GR,0.022894422125307037
2022-01-01,3161,132767,GR,0.02380862714379326
2022-02-01,3746,129396,GR,0.028949890259358867
2022-03-01,4418,142569,GR,0.030988503812189185
2022-04-01,4986,128082,GR,0.03892818663043988
2022-05-01,4994,138921,GR,0.035948488709410385
2022-06-01,6726,141871,GR,0.047409266164332386
2022-07-01,5957,131544,GR,0.04528522775649212
2022-08-01,5382,121911,GR,0.04414695966729827
2022-09-01,7009,138409,GR,0.05063977053515306
2022-10-01,7019,146635,GR,0.04786715313533604
2022-11-01,6338,142061,GR,0.04461463737408578
2022-12-01,6167,146883,GR,0.041985798220352255
2023-01-01,6291,156725,GR,0.04014037326527357
2023-02-01,5181,149635,GR,0.03462425234737862
2023-03-01,4499,149635,GR,0.030066495138169547
2023-04-01,2856,106729,GR,0.0267593624975405
2023-05-01,3885,127199,GR,0.030542692945699258
2023-06-01,3130,119069,GR,0.02628727880472667
2023-07-01,2843,115423,GR,0.024631139374301482
2023-08-01,1884,101707,GR,0.018523798755247917
2023-09-01,2214,112036,GR,0.019761505230461638
2023-10-01,1970,102060,GR,0.019302371154223005
2023-11-01,2805,106897,GR,0.026240212541044184
2023-12-01,2923,112145,GR,0.02606447010566677
2024-01-01,3010,107427,GR,0.028019026874063317
2024-02-01,2327,111399,GR,0.02088887691990054
2024-03-01,2695,112654,GR,0.023922807889644397
2024-04-01,3238,118021,GR,0.027435795324560884
2024-05-01,2866,104983,GR,0.027299658039873123
2024-06-01,2383,118524,GR,0.02010563261449158
2024-07-01,2074,115442,GR,0.017965731709429843
2024-08-01,1475,97520,GR,0.015125102543068088
2024-09-01,2415,122550,GR,0.0197062423500612
2024-10-01,2199,117217,GR,0.018760077463166606
2024-11-01,2686,116226,GR,0.023110147471305905
2024-12-01,2686,122102,GR,0.021998001670734305
2025-01-01,2032,109239,GR,0.01860141524547094
2025-02-01,1478,99462,GR,0.014859946512235829
2025-03-01,1910,108470,GR,0.017608555360929288
2025-04-01,2643,110604,GR,0.023896061625257675
2025-05-01,1314,113595,GR,0.011567410537435626
2025-06-01,737,51179,GR,0.01440043767951699
2025-07-01,1330,113348,GR,0.011733775629036242
2025-08-01,1603,100575,GR,0.015938354461844394
2025-09-01,2045,112850,GR,0.018121400088613203
2025-10-01,1597,117018,GR,0.013647473038335982
2025-11-01,1621,112457,GR,0.01441439839227438
2025-12-01,1832,120064,GR,0.015258528784648187
2017-01-01,464,88050,AT,0.005269733106189665
2017-02-01,191,86375,AT,0.002211287988422576
2017-03-01,535,96427,AT,0.005548238563887708
2017-04-01,811,90960,AT,0.008916007036059806
2017-05-01,261,93036,AT,0.002805365664903908
2017-06-01,289,87877,AT,0.0032886875974373272
2017-07-01,316,74022,AT,0.004269001107778768
2017-08-01,288,70777,AT,0.004069118498947398
2017-09-01,277,80359,AT,0.00344703144638435
2017-10-01,374,82027,AT,0.004559474319431407
2017-11-01,454,80585,AT,0.005633802816901409
2017-12-01,277,58920,AT,0.004701289884589273
2018-01-01,274,68796,AT,0.003982789697075412
2018-02-01,221,60017,AT,0.0036822900178282818
2018-03-01,247,67283,AT,0.0036710610406789235
2018-04-01,152,63351,AT,0.0023993307130116335
2018-05-01,185,66785,AT,0.002770083102493075
2018-06-01,217,77211,AT,0.0028104803719677246
2018-07-01,288,78207,AT,0.0036825348114618898
2018-08-01,517,87346,AT,0.005918988848945573
2018-09-01,322,85361,AT,0.003772214477337426
2018-10-01,399,92720,AT,0.00430327868852459
2018-11-01,392,88149,AT,0.004447015848166173
2018-12-01,226,72969,AT,0.003097205662678672
2019-01-01,184,78774,AT,0.0023357960748470307
2019-02-01,130,71144,AT,0.0018272798830540875
2019-03-01,179,77384,AT,0.002313139667114649
2019-04-01,166,77522,AT,0.0021413276231263384
2019-05-01,137,83996,AT,0.0016310300490499547
2019-06-01,187,72638,AT,0.0025744100883834907
2019-07-01,162,73716,AT,0.0021976233110857888
2019-08-01,168,65408,AT,0.0025684931506849314
2019-09-01,171,63627,AT,0.002687538309208355
2019-10-01,213,66713,AT,0.003192781017193051
2019-11-01,161,63074,AT,0.0025525573136316072
2019-12-01,167,58906,AT,0.002835025294537059
2020-01-01,151,67244,AT,0.002245553506632562
2020-02-01,75,63040,AT,0.0011897208121827412
2020-03-01,107,70146,AT,0.0015253899010634962
2020-04-01,91,66528,AT,0.001367845117845118
2020-05-01,119,61897,AT,0.0019225487503433123
2020-06-01,95,60825,AT,0.0015618577887381833
2020-07-01,96,63821,AT,0.0015042070791745665
2020-08-01,165,60863,AT,0.002711006687149828
2020-09-01,152,62844,AT,0.0024186875437591498
2020-10-01,90,40832,AT,0.0022041536050156738
2020-11-01,68,39762,AT,0.0017101755444897137
2020-12-01,130,58238,AT,0.002232219513032728
2021-01-01,119,59463,AT,0.0020012444713519333
2021-02-01,119,57726,AT,0.0020614627724075806
2021-03-01,182,67561,AT,0.0026938618433711755
2021-04-01,127,63905,AT,0.0019873249354510603
2021-05-01,179,65523,AT,0.0027318651465897473
2021-06-01,264,64066,AT,0.004120750476071551
2021-07-01,220,62061,AT,0.0035448993731973383
2021-08-01,224,52477,AT,0.0042685366922651825
2021-09-01,366,62589,AT,0.005847672913770791
2021-10-01,550,65107,AT,0.008447632359039734
2021-11-01,535,66235,AT,0.00807730052087265
2021-12-01,512,62759,AT,0.008158192450485189
2022-01-01,642,61498,AT,0.010439363881752253
2022-02-01,679,57717,AT,0.011764298213697871
2022-03-01,978,65858,AT,0.014850132102402137
2022-04-01,1411,61046,AT,0.02311371752448973
2022-05-01,1477,63474,AT,0.023269370135803637
2022-06-01,1835,59157,AT,0.031019152424903225
2022-07-01,1892,59650,AT,0.031718357082984074
2022-08-01,1837,58972,AT,0.031150376449840603
2022-09-01,1920,56826,AT,0.03378735086052159
2022-10-01,1641,59289,AT,0.027677984111723928
2022-11-01,1608,53431,AT,0.030094888735004023
2022-12-01,1434,49342,AT,0.029062461999918934
2023-01-01,1320,51896,AT,0.025435486357330044
2023-02-01,1085,49878,AT,0.021753077509122257
2023-03-01,1082,50600,AT,0.021383399209486165
2023-04-01,506,30535,AT,0.01657114786310791
2023-05-01,1007,32904,AT,0.03060418186238755
2023-06-01,677,32593,AT,0.020771331267450066
2023-07-01,477,30350,AT,0.0157166392092257
2023-08-01,633,29931,AT,0.021148641876315526
2023-09-01,636,31605,AT,0.020123398196487896
2023-10-01,477,29761,AT,0.016027687241692148
2023-11-01,569,30890,AT,0.0184202007122046
2023-12-01,461,30408,AT,0.015160484083136017
2024-01-01,424,29747,AT,0.014253538171916496
2024-02-01,356,31958,AT,0.011139620752237312
2024-03-01,344,35160,AT,0.009783845278725825
2024-04-01,392,34502,AT,0.011361660193611964
2024-05-01,295,32170,AT,0.00917003419334784
2024-06-01,284,35714,AT,0.007952063616508931
2024-07-01,278,34778,AT,0.007993559146586922
2024-08-01,228,32677,AT,0.0069773847048382655
2024-09-01,326,37131,AT,0.008779725835555197
2024-10-01,323,35355,AT,0.009135907226700608
2024-11-01,309,33695,AT,0.009170500074194985
2024-12-01,326,32958,AT,0.009891376903938346
2025-01-01,207,30545,AT,0.006776886560811917
2025-02-01,212,28519,AT,0.00743364073074091
2025-03-01,227,32966,AT,0.006885882424315962
2025-04-01,247,34386,AT,0.007183155935555168
2025-05-01,228,35885,AT,0.0063536296502717015
2025-06-01,139,18404,AT,0.007552705933492719
2025-07-01,212,38142,AT,0.0055581773373184415
2025-08-01,381,38300,AT,0.009947780678851175
2025-09-01,642,38210,AT,0.01680188432347553
2025-10-01,436,40752,AT,0.010698861405575187
2025-11-01,378,39406,AT,0.00959244785058113
2025-12-01,401,37027,AT,0.01082993491236125
2017-01-01,567,118840,BE,0.004771120834735779
2017-02-01,459,109037,BE,0.0042095802342324165
2017-03-01,558,117298,BE,0.0047571143583010796
2017-04-01,392,100627,BE,0.0038955747463404453
2017-05-01,398,101631,BE,0.00391612795308518
2017-06-01,283,98434,BE,0.0028750228579555843
2017-07-01,330,84990,BE,0.003882809742322626
2017-08-01,328,88771,BE,0.003694900361604578
2017-09-01,399,98102,BE,0.004067195368086278
2017-10-01,309,97357,BE,0.0031738858017399878
2017-11-01,355,93564,BE,0.0037941943482536016
2017-12-01,319,78477,BE,0.004064885253004065
2018-01-01,430,88782,BE,0.004843324097226915
2018-02-01,473,78275,BE,0.006042797828169914
2018-03-01,357,88851,BE,0.004017962656582368
2018-04-01,278,81114,BE,0.0034272751929383337
2018-05-01,478,80439,BE,0.005942391128681361
2018-06-01,353,71391,BE,0.004944600860052387
2018-07-01,332,62219,BE,0.005335990613799644
2018-08-01,654,56536,BE,0.011567850573086175
2018-09-01,481,58041,BE,0.008287245223204287
2018-10-01,362,63621,BE,0.005689945143899027
2018-11-01,322,58550,BE,0.005499573014517507
2018-12-01,333,49515,BE,0.0067252347773402
2019-01-01,338,50666,BE,0.006671140409742233
2019-02-01,359,44086,BE,0.008143174703987661
2019-03-01,374,46039,BE,0.008123547427181303
2019-04-01,364,43034,BE,0.008458428219547334
2019-05-01,192,42593,BE,0.00450778296903247
2019-06-01,178,36805,BE,0.0048362994158402395
2019-07-01,207,38322,BE,0.005401596993893847
2019-08-01,122,37275,BE,0.003272971160295104
2019-09-01,191,38447,BE,0.00496787785783026
2019-10-01,173,38830,BE,0.004455318053051764
2019-11-01,111,35362,BE,0.003138962728352469
2019-12-01,168,33978,BE,0.004944375772558714
2020-01-01,148,36966,BE,0.004003679056430233
2020-02-01,157,34269,BE,0.004581400099215034
2020-03-01,89,38596,BE,0.002305938439216499
2020-04-01,166,36815,BE,0.004509031644710036
2020-05-01,222,35968,BE,0.006172153024911032
2020-06-01,113,36277,BE,0.0031149212999972433
2020-07-01,99,34232,BE,0.002892030848329049
2020-08-01,109,32551,BE,0.0033485914411231607
2020-09-01,119,35908,BE,0.0033140247298652113
2020-10-01,61,24952,BE,0.002444693812119269
2020-11-01,48,20331,BE,0.0023609266637155085
2020-12-01,100,28510,BE,0.00350754121360926
2021-01-01,114,29168,BE,0.003908392759188152
2021-02-01,180,27694,BE,0.006499602802050986
2021-03-01,199,31986,BE,0.006221471893953605
2021-04-01,111,28676,BE,0.0038708327521272145
2021-05-01,124,29659,BE,0.004180855726760848
2021-06-01,154,30663,BE,0.005022339627564165
2021-07-01,138,28681,BE,0.0048115477145148355
2021-08-01,92,25021,BE,0.00367691139442868
2021-09-01,205,31142,BE,0.006582749983944512
2021-10-01,284,33738,BE,0.008417807813148378
2021-11-01,309,31525,BE,0.009801744647105471
2021-12-01,444,32903,BE,0.013494210254384098
2022-01-01,368,32811,BE,0.011215750815275365
2022-02-01,528,32189,BE,0.016403119077945883
2022-03-01,810,36600,BE,0.022131147540983605
2022-04-01,846,31598,BE,0.026773846445977592
2022-05-01,496,31462,BE,0.015765049901468438
2022-06-01,731,31551,BE,0.023168837754746284
2022-07-01,593,28873,BE,0.02053821909742666
2022-08-01,423,29559,BE,0.014310362326195068
2022-09-01,795,32345,BE,0.0245787602411501
2022-10-01,771,34828,BE,0.02213736074422878
2022-11-01,631,31565,BE,0.01999049580231269
2022-12-01,652,31729,BE,0.02054902455167197
2023-01-01,629,32431,BE,0.019395023280194875
2023-02-01,439,28171,BE,0.015583401370203401
2023-03-01,408,27875,BE,0.01463677130044843
2023-04-01,373,16910,BE,0.022057953873447663
2023-05-01,385,17373,BE,0.02216082426754159
2023-06-01,349,18159,BE,0.01921911999559447
2023-07-01,314,14738,BE,0.021305468856018455
2023-08-01,303,14613,BE,0.020734962020119072
2023-09-01,376,15904,BE,0.023641851106639838
2023-10-01,286,14299,BE,0.020001398699209735
2023-11-01,293,14119,BE,0.020752177916283022
2023-12-01,362,14563,BE,0.024857515621781227
2024-01-01,323,14307,BE,0.02257636122177955
2024-02-01,301,15328,BE,0.019637265135699373
2024-03-01,289,15784,BE,0.018309680689305625
2024-04-01,321,15171,BE,0.02115878979632193
2024-05-01,225,11466,BE,0.019623233908948195
2024-06-01,216,11720,BE,0.018430034129692834
2024-07-01,206,10592,BE,0.019448640483383687
2024-08-01,157,10052,BE,0.015618782331874253
2024-09-01,251,14889,BE,0.01685808314863322
2024-10-01,282,16758,BE,0.016827783745076978
2024-11-01,233,14158,BE,0.016457126712812544
2024-12-01,276,14040,BE,0.019658119658119658
2025-01-01,199,11609,BE,0.017141872684985786
2025-02-01,178,10299,BE,0.017283231381687542
2025-03-01,187,10799,BE,0.017316418186869156
2025-04-01,218,10743,BE,0.020292283347295912
2025-05-01,204,11431,BE,0.017846207680867816
2025-06-01,125,5536,BE,0.022579479768786128
2025-07-01,193,11135,BE,0.017332734620565785
2025-08-01,234,12019,BE,0.019469173808137116
2025-09-01,297,13673,BE,0.02172164119066774
2025-10-01,239,14623,BE,0.016344115434589346
2025-11-01,215,13259,BE,0.01621540085979335
2025-12-01,240,13246,BE,0.01811867733655443
2017-01-01,438,76549,BG,0.0057218252361232675
2017-02-01,356,70701,BG,0.0050352894584235015
2017-03-01,515,78278,BG,0.006579115460282583
2017-04-01,439,67520,BG,0.0065017772511848345
2017-05-01,376,63032,BG,0.005965224013199644
2017-06-01,316,58482,BG,0.005403371977702541
2017-07-01,218,50221,BG,0.004340813603870891
2017-08-01,287,49241,BG,0.005828476269775187
2017-09-01,438,51965,BG,0.00842875012027326
2017-10-01,276,57984,BG,0.004759933774834437
2017-11-01,404,57519,BG,0.007023766059910638
2017-12-01,374,46060,BG,0.008119843682153712
2018-01-01,475,52976,BG,0.008966324373301117
2018-02-01,366,49299,BG,0.007424085681251141
2018-03-01,263,56121,BG,0.004686302809999821
2018-04-01,328,54503,BG,0.0060180173568427425
2018-05-01,556,68950,BG,0.008063814358230602
2018-06-01,457,76440,BG,0.00597854526425955
2018-07-01,564,79396,BG,0.007103632424807295
2018-08-01,767,85714,BG,0.008948363161210537
2018-09-01,703,82138,BG,0.008558766953176361
2018-10-01,821,93484,BG,0.008782251508279491
2018-11-01,738,92672,BG,0.00796357044198895
2018-12-01,570,80439,BG,0.007086114944243464
2019-01-01,582,90486,BG,0.006431934221868577
2019-02-01,554,82408,BG,0.006722648286574119
2019-03-01,439,91096,BG,0.004819091946957056
2019-04-01,557,85830,BG,0.0064895724105790515
2019-05-01,449,89148,BG,0.005036568403104949
2019-06-01,555,81944,BG,0.0067729180904032025
2019-07-01,478,87077,BG,0.005489394443997841
2019-08-01,406,84750,BG,0.004790560471976401
2019-09-01,372,83908,BG,0.004433427086809363
2019-10-01,468,91383,BG,0.0051213026492892555
2019-11-01,425,83510,BG,0.005089210872949348
2019-12-01,383,80386,BG,0.004764511233299331
2020-01-01,404,89593,BG,0.00450928085899568
2020-02-01,509,87559,BG,0.005813223083863452
2020-03-01,310,99706,BG,0.00310914087417006
2020-04-01,345,98152,BG,0.0035149563941641536
2020-05-01,279,82690,BG,0.003374047647841335
2020-06-01,289,78406,BG,0.003685942402367166
2020-07-01,383,77326,BG,0.004953055893231255
2020-08-01,307,67388,BG,0.004555707247581172
2020-09-01,394,72805,BG,0.005411716228281025
2020-10-01,234,55007,BG,0.004254004035849982
2020-11-01,203,54041,BG,0.003756407172332118
2020-12-01,336,77528,BG,0.004333918068310804
2021-01-01,423,82837,BG,0.005106413800596352
2021-02-01,380,78382,BG,0.004848051848638718
2021-03-01,481,83773,BG,0.005741706755159777
2021-04-01,447,80759,BG,0.005534986812615312
2021-05-01,546,73712,BG,0.007407206425005426
2021-06-01,671,77159,BG,0.008696328360917067
2021-07-01,906,75282,BG,0.012034749342472305
2021-08-01,727,66081,BG,0.011001649490776472
2021-09-01,1401,73247,BG,0.0191270632244324
2021-10-01,1666,78929,BG,0.0211075776964107
2021-11-01,1618,81887,BG,0.01975893609486243
2021-12-01,1724,75380,BG,0.022870788007429026
2022-01-01,2218,77840,BG,0.028494347379239466
2022-02-01,2341,76655,BG,0.03053942991324767
2022-03-01,2092,72776,BG,0.028745740353962844
2022-04-01,2722,68499,BG,0.03973780639133418
2022-05-01,3777,67295,BG,0.05612601233375437
2022-06-01,3580,70894,BG,0.05049792648178971
2022-07-01,2705,67789,BG,0.03990322913747068
2022-08-01,2424,70592,BG,0.03433816863100635
2022-09-01,2982,68697,BG,0.04340800908336609
2022-10-01,3740,77888,BG,0.0480176663927691
2022-11-01,2948,75050,BG,0.03928047968021319
2022-12-01,2530,73386,BG,0.03447524050908893
2023-01-01,2677,78057,BG,0.0342954507603418
2023-02-01,2873,71116,BG,0.040398785083525506
2023-03-01,2780,63191,BG,0.04399360668449621
2023-04-01,1070,36319,BG,0.029461163578292354
2023-05-01,993,41383,BG,0.023995360413696445
2023-06-01,856,39514,BG,0.021663207976919573
2023-07-01,892,39392,BG,0.022644191714053616
2023-08-01,564,35506,BG,0.01588463921590717
2023-09-01,661,34425,BG,0.019201161946259985
2023-10-01,548,32273,BG,0.016980138196015244
2023-11-01,709,33798,BG,0.020977572637434168
2023-12-01,684,32424,BG,0.021095484826054774
2024-01-01,820,33880,BG,0.024203069657615112
2024-02-01,759,35717,BG,0.021250384970742223
2024-03-01,836,37167,BG,0.022493071811015147
2024-04-01,954,39864,BG,0.023931366646598434
2024-05-01,826,35291,BG,0.02340540081040492
2024-06-01,777,39237,BG,0.019802737212325103
2024-07-01,531,39249,BG,0.013529007108461362
2024-08-01,426,34703,BG,0.012275595769818171
2024-09-01,517,38130,BG,0.013558877524259114
2024-10-01,686,38128,BG,0.017992026856903064
2024-11-01,575,37966,BG,0.015145129853026393
2024-12-01,808,37949,BG,0.021291733642520225
2025-01-01,1047,36417,BG,0.028750308921657468
2025-02-01,1211,35162,BG,0.0344405892725101
2025-03-01,691,36834,BG,0.01875984145083347
2025-04-01,719,36133,BG,0.0198987075526527
2025-05-01,761,34877,BG,0.02181953723083981
2025-06-01,621,17329,BG,0.03583588204743494
2025-07-01,839,33487,BG,0.025054498760713112
2025-08-01,555,33604,BG,0.016515890965361265
2025-09-01,729,33118,BG,0.022012198804275622
2025-10-01,738,34700,BG,0.02126801152737752
2025-11-01,796,30769,BG,0.0258701940264552
2025-12-01,840,30570,BG,0.02747791952894995
2017-01-01,155,39703,HR,0.0039039871042490493
2017-02-01,147,36206,HR,0.004060100535822792
2017-03-01,171,40162,HR,0.004257756087844231
2017-04-01,105,36394,HR,0.002885090949057537
2017-05-01,112,36903,HR,0.003034983605668916
2017-06-01,81,31421,HR,0.0025778937653161897
2017-07-01,104,28995,HR,0.0035868253147094326
2017-08-01,96,29148,HR,0.0032935364347468094
2017-09-01,121,31909,HR,0.0037920335955373093
2017-10-01,134,35388,HR,0.003786594325760145
2017-11-01,147,33347,HR,0.004408192641017183
2017-12-01,120,28988,HR,0.004139643990616807
2018-01-01,124,31611,HR,0.0039226851412483
2018-02-01,221,29442,HR,0.007506283540520345
2018-03-01,109,34414,HR,0.003167315627360958
2018-04-01,144,32160,HR,0.004477611940298508
2018-05-01,186,36474,HR,0.005099522947853265
2018-06-01,138,34744,HR,0.003971908818788856
2018-07-01,113,34763,HR,0.0032505825158933347
2018-08-01,135,33571,HR,0.004021327931845939
2018-09-01,113,38041,HR,0.002970479219789175
2018-10-01,157,39370,HR,0.003987807975615951
2018-11-01,120,36247,HR,0.003310618809832538
2018-12-01,98,34370,HR,0.0028513238289205704
2019-01-01,103,36388,HR,0.0028306034956579094
2019-02-01,163,35928,HR,0.004536851480739256
2019-03-01,117,40092,HR,0.0029182879377431907
2019-04-01,107,39111,HR,0.0027358032267137122
2019-05-01,109,40529,HR,0.002689432258382886
2019-06-01,83,36217,HR,0.0022917414473865865
2019-07-01,126,39247,HR,0.0032104364664815145
2019-08-01,64,34593,HR,0.0018500852773682536
2019-09-01,105,37667,HR,0.0027875859505668093
2019-10-01,136,41061,HR,0.00331214534473101
2019-11-01,92,39735,HR,0.0023153391216811374
2019-12-01,65,39089,HR,0.0016628719076978177
2020-01-01,66,36725,HR,0.00179714091218516
2020-02-01,124,34194,HR,0.0036263671989237877
2020-03-01,38,39863,HR,0.0009532649323934476
2020-04-01,64,40674,HR,0.0015734867482912918
2020-05-01,69,33129,HR,0.0020827673639409582
2020-06-01,48,25217,HR,0.001903477812586747
2020-07-01,66,24946,HR,0.002645714743846709
2020-08-01,67,22033,HR,0.0030408932056460764
2020-09-01,54,25177,HR,0.0021448147118401715
2020-10-01,25,19026,HR,0.0013139913802165458
2020-11-01,16,16644,HR,0.0009613073780341264
2020-12-01,62,25978,HR,0.002386634844868735
2021-01-01,31,26104,HR,0.001187557462457861
2021-02-01,43,24758,HR,0.0017368123434849342
2021-03-01,69,29255,HR,0.002358571184412921
2021-04-01,62,27755,HR,0.0022338317420284633
2021-05-01,98,28963,HR,0.003383627386665746
2021-06-01,114,27762,HR,0.004106332396801383
2021-07-01,126,29072,HR,0.0043340671436433685
2021-08-01,173,24808,HR,0.006973556917123509
2021-09-01,321,30540,HR,0.010510805500982318
2021-10-01,526,32709,HR,0.016081200892720658
2021-11-01,311,32247,HR,0.009644307997643192
2021-12-01,431,32614,HR,0.01321518366345741
2022-01-01,553,29259,HR,0.01890016746983834
2022-02-01,766,29659,HR,0.025826899086280723
2022-03-01,790,36689,HR,0.02153233939327864
2022-04-01,868,34296,HR,0.025309073944483323
2022-05-01,1010,34530,HR,0.02924992759918911
2022-06-01,1107,29718,HR,0.03725015142337977
2022-07-01,1214,29763,HR,0.04078889896851796
2022-08-01,833,26035,HR,0.031995390820049936
2022-09-01,933,27519,HR,0.033903848250299795
2022-10-01,1020,28190,HR,0.03618304363249379
2022-11-01,987,26032,HR,0.037914874001229254
2022-12-01,819,25748,HR,0.03180829578996427
2023-01-01,1176,26875,HR,0.04375813953488372
2023-02-01,764,25593,HR,0.029851912632360412
2023-03-01,851,24773,HR,0.03435191539175716
2023-04-01,375,14608,HR,0.025670865279299016
2023-05-01,406,15063,HR,0.026953462125738566
2023-06-01,347,14417,HR,0.024068807657626413
2023-07-01,246,15467,HR,0.0159048296372923
2023-08-01,316,13901,HR,0.022732177541184086
2023-09-01,470,14764,HR,0.031834191276076944
2023-10-01,268,13569,HR,0.0197509027931314
2023-11-01,256,14523,HR,0.01762721200853818
2023-12-01,320,15902,HR,0.020123254936485976
2024-01-01,305,15000,HR,0.02033333333333333
2024-02-01,262,16042,HR,0.016332128163570627
2024-03-01,327,17644,HR,0.01853321242348674
2024-04-01,236,15377,HR,0.01534759706054497
2024-05-01,219,14327,HR,0.015285823968730369
2024-06-01,275,15908,HR,0.017286899673120443
2024-07-01,259,16068,HR,0.01611899427433408
2024-08-01,180,14040,HR,0.01282051282051282
2024-09-01,271,17338,HR,0.01563040719806206
2024-10-01,204,15675,HR,0.013014354066985647
2024-11-01,265,15624,HR,0.016961085509472607
2024-12-01,343,17334,HR,0.01978770047305873
2025-01-01,493,15351,HR,0.03211517165005537
2025-02-01,325,14158,HR,0.02295521966379432
2025-03-01,327,16272,HR,0.020095870206489674
2025-04-01,396,16491,HR,0.024013098053483718
2025-05-01,165,16074,HR,0.010265024262784622
2025-06-01,117,8984,HR,0.013023152270703473
2025-07-01,256,19208,HR,0.013327780091628489
2025-08-01,243,19869,HR,0.012230107202174241
2025-09-01,310,18719,HR,0.01656071371333939
2025-10-01,358,20589,HR,0.017387925591335177
2025-11-01,241,20984,HR,0.011484940907357986
2025-12-01,391,22245,HR,0.017576983591818387
2017-01-01,73,2854,CY,0.0255781359495445
2017-02-01,57,2680,CY,0.02126865671641791
2017-03-01,60,3024,CY,0.01984126984126984
2017-04-01,41,2544,CY,0.01611635220125786
2017-05-01,58,2748,CY,0.021106259097525473
2017-06-01,60,2565,CY,0.023391812865497075
2017-07-01,61,2418,CY,0.025227460711331678
2017-08-01,36,2258,CY,0.015943312666076175
2017-09-01,31,1894,CY,0.016367476240760296
2017-10-01,11,892,CY,0.01233183856502242
2017-11-01,8,720,CY,0.011111111111111112
2017-12-01,16,656,CY,0.024390243902439025
2018-01-01,6,459,CY,0.013071895424836602
2018-02-01,4,250,CY,0.016
2018-03-01,3,295,CY,0.010169491525423728
2018-04-01,3,1012,CY,0.0029644268774703555
2018-05-01,13,908,CY,0.014317180616740088
2018-06-01,12,1124,CY,0.010676156583629894
2018-07-01,17,1854,CY,0.009169363538295576
2018-08-01,22,2173,CY,0.010124252185918085
2018-09-01,15,1605,CY,0.009345794392523364
2018-10-01,9,1685,CY,0.005341246290801187
2018-11-01,5,1509,CY,0.0033134526176275677
2018-12-01,5,1495,CY,0.0033444816053511705
2019-01-01,16,1617,CY,0.009894867037724181
2019-02-01,12,1623,CY,0.0073937153419593345
2019-03-01,7,1674,CY,0.004181600955794504
2019-04-01,18,2052,CY,0.008771929824561403
2019-05-01,13,2030,CY,0.0064039408866995075
2019-06-01,9,1712,CY,0.005257009345794392
2019-07-01,12,1841,CY,0.006518196632265073
2019-08-01,20,2155,CY,0.009280742459396751
2019-09-01,10,2024,CY,0.004940711462450593
2019-10-01,13,1980,CY,0.0065656565656565654
2019-11-01,7,1680,CY,0.004166666666666667
2019-12-01,8,1585,CY,0.005047318611987382
2020-01-01,8,1395,CY,0.005734767025089606
2020-02-01,9,1299,CY,0.006928406466512702
2020-03-01,3,675,CY,0.0044444444444444444
2020-04-01,14,570,CY,0.02456140350877193
2020-05-01,12,915,CY,0.013114754098360656
2020-06-01,14,504,CY,0.027777777777777776
2020-07-01,20,712,CY,0.028089887640449437
2020-08-01,21,600,CY,0.035
2020-09-01,20,572,CY,0.03496503496503497
2020-10-01,17,412,CY,0.0412621359223301
2020-11-01,19,502,CY,0.037848605577689244
2020-12-01,16,470,CY,0.03404255319148936
2021-01-01,19,477,CY,0.039832285115303984
2021-02-01,26,938,CY,0.02771855010660981
2021-03-01,36,1333,CY,0.02700675168792198
2021-04-01,28,1311,CY,0.02135774218154081
2021-05-01,50,1504,CY,0.03324468085106383
2021-06-01,35,1428,CY,0.024509803921568627
2021-07-01,28,826,CY,0.03389830508474576
2021-08-01,29,589,CY,0.04923599320882852
2021-09-01,36,602,CY,0.059800664451827246
2021-10-01,48,744,CY,0.06451612903225806
2021-11-01,55,800,CY,0.06875
2021-12-01,49,1092,CY,0.04487179487179487
2022-01-01,49,779,CY,0.06290115532734275
2022-02-01,33,691,CY,0.04775687409551375
2022-03-01,20,601,CY,0.033277870216306155
2022-04-01,34,678,CY,0.05014749262536873
2022-05-01,37,546,CY,0.06776556776556776
2022-06-01,30,465,CY,0.06451612903225806
2022-07-01,99,1323,CY,0.07482993197278912
2022-08-01,40,701,CY,0.05706134094151213
2022-09-01,38,539,CY,0.07050092764378478
2022-10-01,111,1121,CY,0.09901873327386262
2022-11-01,93,1146,CY,0.08115183246073299
2022-12-01,46,585,CY,0.07863247863247863
2023-01-01,74,730,CY,0.10136986301369863
2023-02-01,46,661,CY,0.06959152798789713
2023-03-01,34,659,CY,0.051593323216995446
2023-04-01,66,1162,CY,0.05679862306368331
2023-05-01,93,1482,CY,0.06275303643724696
2023-06-01,75,1339,CY,0.05601194921583271
2023-07-01,63,1296,CY,0.04861111111111111
2023-08-01,51,1079,CY,0.047265987025023166
2023-09-01,62,1302,CY,0.047619047619047616
2023-10-01,52,1206,CY,0.04311774461028192
2023-11-01,45,1148,CY,0.039198606271777
2023-12-01,41,1140,CY,0.035964912280701755
2024-01-01,35,1004,CY,0.0348605577689243
2024-02-01,45,1260,CY,0.03571428571428571
2024-03-01,43,1216,CY,0.03536184210526316
2024-04-01,54,1466,CY,0.036834924965893585
2024-05-01,44,1223,CY,0.035977105478331974
2024-06-01,40,1221,CY,0.03276003276003276
2024-07-01,35,1391,CY,0.02516175413371675
2024-08-01,37,1115,CY,0.033183856502242155
2024-09-01,41,1296,CY,0.031635802469135804
2024-10-01,61,1343,CY,0.045420699925539834
2024-11-01,31,1256,CY,0.024681528662420384
2024-12-01,53,1239,CY,0.042776432606941084
2025-01-01,61,1164,CY,0.05240549828178694
2025-02-01,35,696,CY,0.05028735632183908
2025-03-01,28,865,CY,0.03236994219653179
2025-04-01,37,826,CY,0.044794188861985475
2025-05-01,19,843,CY,0.022538552787663108
2025-06-01,15,391,CY,0.03836317135549872
2025-07-01,35,963,CY,0.036344755970924195
2025-08-01,32,822,CY,0.038929440389294405
2025-09-01,35,920,CY,0.03804347826086957
2025-10-01,41,927,CY,0.04422869471413161
2025-11-01,38,887,CY,0.04284103720405862
2025-12-01,32,940,CY,0.03404255319148936
2017-01-01,126,23542,EE,0.0053521366069153005
2017-02-01,81,21352,EE,0.0037935556388160358
2017-03-01,79,23720,EE,0.003330522765598651
2017-04-01,62,17065,EE,0.0036331673014942866
2017-05-01,57,16009,EE,0.0035604972203135735
2017-06-01,76,20187,EE,0.003764799128151781
2017-07-01,45,16568,EE,0.002716079188797682
2017-08-01,72,17310,EE,0.004159445407279029
2017-09-01,80,18575,EE,0.004306864064602961
2017-10-01,61,20155,EE,0.0030265442818159264
2017-11-01,69,20008,EE,0.0034486205517792884
2017-12-01,62,16058,EE,0.003861003861003861
2018-01-01,100,17957,EE,0.0055688589408030295
2018-02-01,68,17091,EE,0.003978702240945527
2018-03-01,66,17995,EE,0.003667685468185607
2018-04-01,47,19034,EE,0.002469265524850268
2018-05-01,64,21585,EE,0.002965022006022701
2018-06-01,170,21785,EE,0.007803534542116135
2018-07-01,51,16917,EE,0.0030147189217946445
2018-08-01,72,15514,EE,0.004640969446951141
2018-09-01,59,13900,EE,0.004244604316546763
2018-10-01,72,14320,EE,0.005027932960893855
2018-11-01,70,13468,EE,0.005197505197505198
2018-12-01,51,11475,EE,0.0044444444444444444
2019-01-01,47,13254,EE,0.0035460992907801418
2019-02-01,36,12529,EE,0.0028733338654321973
2019-03-01,47,12847,EE,0.003658441659531408
2019-04-01,59,11867,EE,0.004971770455886071
2019-05-01,33,12001,EE,0.002749770852428964
2019-06-01,37,10274,EE,0.003601323729803387
2019-07-01,44,9702,EE,0.0045351473922902496
2019-08-01,46,10320,EE,0.004457364341085271
2019-09-01,71,10827,EE,0.006557679874388104
2019-10-01,43,11633,EE,0.003696380985128514
2019-11-01,29,10680,EE,0.0027153558052434457
2019-12-01,33,9244,EE,0.003569883167459974
2020-01-01,43,9854,EE,0.004363710168459509
2020-02-01,20,9740,EE,0.002053388090349076
2020-03-01,28,13252,EE,0.002112888620585572
2020-04-01,28,12136,EE,0.0023071852340145024
2020-05-01,19,11322,EE,0.0016781487369722664
2020-06-01,23,10057,EE,0.0022869643034702197
2020-07-01,26,9030,EE,0.0028792912513842745
2020-08-01,13,8867,EE,0.0014661102966053907
2020-09-01,44,10435,EE,0.0042165788212745565
2020-10-01,6,7629,EE,0.0007864726700747149
2020-11-01,7,7157,EE,0.0009780634343998882
2020-12-01,18,10138,EE,0.0017754981258630894
2021-01-01,17,10200,EE,0.0016666666666666668
2021-02-01,29,10391,EE,0.002790876720238668
2017-01-01,530,68577,IE,0.007728538722895431
2017-02-01,378,65447,IE,0.005775665805919293
2017-03-01,330,66485,IE,0.004963525607279837
2017-04-01,400,54762,IE,0.007304335122895438
2017-05-01,340,51485,IE,0.006603865203457317
2017-06-01,379,47526,IE,0.007974582333880402
2017-07-01,345,43100,IE,0.008004640371229698
2017-08-01,238,41595,IE,0.005721841567496094
2017-09-01,231,42272,IE,0.005464610143830432
2017-10-01,291,49064,IE,0.005931028860264145
2017-11-01,278,48209,IE,0.0057665581115559335
2017-12-01,244,38647,IE,0.006313556032809791
2018-01-01,312,40944,IE,0.0076201641266119575
2018-02-01,287,36835,IE,0.007791502646939052
2018-03-01,265,41285,IE,0.006418796172944169
2018-04-01,197,39529,IE,0.0049836828657441375
2018-05-01,220,43475,IE,0.005060379528464635
2018-06-01,183,42172,IE,0.004339372095229062
2018-07-01,225,47785,IE,0.004708590561891807
2018-08-01,293,49490,IE,0.005920387957163063
2018-09-01,284,49044,IE,0.005790718538455265
2018-10-01,221,52647,IE,0.004197770053374361
2018-11-01,238,51054,IE,0.004661730716496259
2018-12-01,258,44467,IE,0.005802055456855646
2019-01-01,340,51343,IE,0.006622129598971622
2019-02-01,256,47831,IE,0.0053521774581338465
2019-03-01,235,50925,IE,0.004614629356897398
2019-04-01,221,48780,IE,0.004530545305453055
2019-05-01,231,51819,IE,0.00445782435014184
2019-06-01,294,46177,IE,0.006366805985663858
2019-07-01,300,50038,IE,0.005995443462968144
2019-08-01,289,48053,IE,0.006014192662268745
2019-09-01,283,47529,IE,0.005954259504723432
2019-10-01,202,51072,IE,0.003955200501253133
2019-11-01,238,48018,IE,0.004956474655337582
2019-12-01,214,41790,IE,0.005120842306771955
2020-01-01,242,47098,IE,0.005138222429827169
2020-02-01,175,42980,IE,0.004071661237785016
2020-03-01,102,45938,IE,0.0022203839958204537
2020-04-01,89,42531,IE,0.0020925912863558344
2020-05-01,111,41463,IE,0.0026770855943853557
2020-06-01,113,41170,IE,0.0027447170269613796
2020-07-01,94,41560,IE,0.0022617901828681426
2020-08-01,136,37513,IE,0.0036254098579159223
2020-09-01,250,38301,IE,0.006527244719459022
2020-10-01,62,25181,IE,0.0024621738612445893
2020-11-01,59,23369,IE,0.0025247122255980144
2020-12-01,90,35168,IE,0.002559144676979072
2021-01-01,126,38745,IE,0.0032520325203252032
2021-02-01,147,35942,IE,0.00408992265316343
2021-03-01,189,40392,IE,0.004679144385026738
2021-04-01,107,33688,IE,0.003176205176917597
2021-05-01,168,33316,IE,0.005042622163525033
2021-06-01,215,34144,IE,0.006296860356138707
2021-07-01,265,38011,IE,0.006971666096656231
2021-08-01,159,31574,IE,0.005035788940267309
2021-09-01,476,39643,IE,0.01200716393814797
2021-10-01,472,42256,IE,0.011170011359333586
2021-11-01,441,40791,IE,0.010811208354784144
2021-12-01,421,38031,IE,0.011069916646945913
2022-01-01,595,38836,IE,0.015320836337418889
2022-02-01,960,36806,IE,0.02608270390697169
2022-03-01,918,39379,IE,0.023311917519490084
2022-04-01,1036,36436,IE,0.02843341749917664
2022-05-01,994,36928,IE,0.026917244367417676
2022-06-01,1162,33258,IE,0.03493896205424259
2022-07-01,980,35686,IE,0.027461749705766966
2022-08-01,983,35349,IE,0.027808424566465813
2022-09-01,1346,35384,IE,0.03803979199638254
2022-10-01,874,37384,IE,0.02337898566231543
2022-11-01,869,35027,IE,0.02480943272332772
2022-12-01,569,32339,IE,0.017594854510034324
2023-01-01,991,38643,IE,0.02564500685764563
2023-02-01,907,37586,IE,0.024131325493534826
2023-03-01,561,39055,IE,0.014364357956727691
2023-04-01,403,23092,IE,0.017451931404815522
2023-05-01,623,26811,IE,0.02323673119242102
2023-06-01,533,24682,IE,0.02159468438538206
2023-07-01,534,24519,IE,0.02177902850850361
2023-08-01,459,23495,IE,0.019536071504575443
2023-09-01,469,23562,IE,0.01990493166963755
2023-10-01,402,23963,IE,0.016775862788465552
2023-11-01,297,24477,IE,0.012133839931364137
2023-12-01,310,24065,IE,0.012881778516517764
2024-01-01,339,24113,IE,0.014058806452950691
2024-02-01,315,23877,IE,0.013192612137203167
2024-03-01,312,24559,IE,0.01270410032981799
2024-04-01,314,23501,IE,0.013361133568784307
2024-05-01,277,22715,IE,0.012194585075941008
2024-06-01,460,23185,IE,0.019840414060815183
2024-07-01,368,23006,IE,0.01599582717551943
2024-08-01,301,21023,IE,0.014317652095324169
2024-09-01,433,23413,IE,0.018493999060351086
2024-10-01,246,21518,IE,0.011432289246212474
2024-11-01,357,22605,IE,0.01579296615792966
2024-12-01,200,20223,IE,0.00988972951589774
2025-01-01,212,20865,IE,0.010160555954948478
2025-02-01,181,18662,IE,0.009698853284749759
2025-03-01,245,20878,IE,0.01173484050196379
2025-04-01,245,21824,IE,0.01122617302052786
2025-05-01,190,21409,IE,0.008874772292026718
2025-06-01,185,9955,IE,0.01858362631843295
2025-07-01,265,19953,IE,0.013281210845486894
2025-08-01,211,20834,IE,0.01012767591437074
2025-09-01,217,20707,IE,0.010479547978944318
2025-10-01,282,22364,IE,0.012609551064210339
2025-11-01,159,20698,IE,0.00768190163300802
2025-12-01,197,20049,IE,0.009825926480123696
2017-01-01,3690,610274,IT,0.006046464375018434
2017-02-01,3248,563768,IT,0.005761235117991798
2017-03-01,3326,617616,IT,0.005385223180746613
2017-04-01,2196,525189,IT,0.004181351856188915
2017-05-01,2316,545384,IT,0.004246549220365834
2017-06-01,2357,508960,IT,0.004631012260295504
2017-07-01,1924,431737,IT,0.00445641675371812
2017-08-01,1969,386391,IT,0.00509587438630817
2017-09-01,2587,470393,IT,0.005499656670060991
2017-10-01,1982,524340,IT,0.0037799900827707213
2017-11-01,1960,502066,IT,0.003903869212414304
2017-12-01,1845,388904,IT,0.004744101372060971
2018-01-01,2578,437396,IT,0.005893972510036672
2018-02-01,2678,413389,IT,0.006478159796220993
2018-03-01,2190,469066,IT,0.004668852570853569
2018-04-01,1847,435721,IT,0.004238951071901515
2018-05-01,2515,505144,IT,0.004978778328555818
2018-06-01,1947,502575,IT,0.0038740486494553052
2018-07-01,2512,515617,IT,0.004871833162987256
2018-08-01,2422,440686,IT,0.005495976727193512
2018-09-01,2274,500777,IT,0.004540943373996809
2018-10-01,2335,562164,IT,0.0041535921901793785
2018-11-01,2242,528921,IT,0.004238818273428357
2018-12-01,2796,470980,IT,0.0059365578156184975
2019-01-01,2817,517908,IT,0.005439189971964133
2019-02-01,2035,481083,IT,0.004230039307146584
2019-03-01,2165,517395,IT,0.004184423892770514
2019-04-01,2091,491663,IT,0.004252913072572067
2019-05-01,1840,493784,IT,0.0037263256808645075
2019-06-01,2113,449714,IT,0.004698541739861334
2019-07-01,1820,467348,IT,0.003894314301120364
2019-08-01,1540,384868,IT,0.004001371898936778
2019-09-01,1817,436036,IT,0.004167087121246869
2019-10-01,2066,475242,IT,0.0043472588702177
2019-11-01,1499,456476,IT,0.003283852820301615
2019-12-01,1402,430878,IT,0.0032538212672728706
2020-01-01,1539,463451,IT,0.0033207394093442456
2020-02-01,1214,466729,IT,0.002601081141304697
2020-03-01,1256,540685,IT,0.002322979183813126
2020-04-01,1399,513358,IT,0.0027251937244573963
2020-05-01,1571,501061,IT,0.0031353467941029134
2020-06-01,1341,478494,IT,0.002802542978595343
2020-07-01,1235,491437,IT,0.0025130382938199605
2020-08-01,1370,404028,IT,0.003390854099220846
2020-09-01,1579,458602,IT,0.003443072642509191
2020-10-01,912,324748,IT,0.002808331383103206
2020-11-01,844,305158,IT,0.0027657803498515525
2020-12-01,1079,464533,IT,0.002322762860765543
2021-01-01,1333,459107,IT,0.002903462591509169
2021-02-01,1893,453491,IT,0.0041742835028699575
2021-03-01,2560,510645,IT,0.005013267534196947
2021-04-01,1768,481555,IT,0.0036714393994455464
2021-05-01,2638,490511,IT,0.005378064915975381
2021-06-01,2850,447056,IT,0.00637504026341219
2021-07-01,2329,434072,IT,0.005365469323061612
2021-08-01,1480,331404,IT,0.00446584833013482
2021-09-01,2942,406128,IT,0.007244021589252649
2021-10-01,3065,418579,IT,0.00732239314442435
2021-11-01,3452,410962,IT,0.00839980338814781
2021-12-01,3610,388115,IT,0.009301366862914343
2022-01-01,4661,379852,IT,0.012270568537219759
2022-02-01,5438,370507,IT,0.014677185586237236
2022-03-01,5509,393345,IT,0.014005516785519074
2022-04-01,5296,347912,IT,0.015222240106693647
2022-05-01,5687,369976,IT,0.015371267325448136
2022-06-01,7338,357065,IT,0.020550880091860027
2022-07-01,9112,348637,IT,0.026136067026735543
2022-08-01,6601,303496,IT,0.02174987479241901
2022-09-01,8063,333813,IT,0.024154242045696245
2022-10-01,6344,300078,IT,0.021141169962476423
2022-11-01,6581,282120,IT,0.023326953069615766
2022-12-01,5790,270924,IT,0.02137130708242902
2023-01-01,5602,279880,IT,0.0200157210232957
2023-02-01,4679,279888,IT,0.016717401246212772
2023-03-01,4639,301272,IT,0.015398045619904937
2023-04-01,2790,195187,IT,0.014293984742836358
2023-05-01,3479,213143,IT,0.01632237511905153
2023-06-01,3216,198913,IT,0.016167872386420194
2023-07-01,3646,198409,IT,0.018376182532042398
2023-08-01,2866,168543,IT,0.017004562633867914
2023-09-01,3198,192241,IT,0.01663536914601984
2023-10-01,2875,176639,IT,0.01627613380963434
2023-11-01,2606,186758,IT,0.013953886848220692
2023-12-01,2674,193499,IT,0.01381919286404581
2024-01-01,2460,185454,IT,0.013264744896308519
2024-02-01,2387,209564,IT,0.01139031513046134
2024-03-01,2335,224890,IT,0.010382853839654942
2024-04-01,2222,213847,IT,0.010390606368104299
2024-05-01,1806,200486,IT,0.009008110291990463
2024-06-01,1949,209250,IT,0.0093142174432497
2024-07-01,1907,208944,IT,0.009126847384945248
2024-08-01,1592,172898,IT,0.00920774098023112
2024-09-01,1892,226338,IT,0.00835917963399871
2024-10-01,2174,224839,IT,0.009669141029803548
2024-11-01,2157,227242,IT,0.009492083329666171
2024-12-01,2171,223145,IT,0.009729099912612876
2025-01-01,2129,205001,IT,0.010385315193584422
2025-02-01,1713,203527,IT,0.00841657372240538
2025-03-01,2102,230210,IT,0.009130793623213588
2025-04-01,2449,228313,IT,0.010726502652060986
2025-05-01,1787,244578,IT,0.007306462560001308
2025-06-01,860,112460,IT,0.007647163435888316
2025-07-01,2011,242626,IT,0.008288476915087419
2025-08-01,1707,225924,IT,0.007555638179210708
2025-09-01,1882,243880,IT,0.007716909955715926
2025-10-01,1962,248473,IT,0.007896230173902195
2025-11-01,1927,234303,IT,0.008224393200257786
2025-12-01,2063,223253,IT,0.009240637303866017
2017-01-01,189,23997,LV,0.007875984498062257
2017-02-01,183,21518,LV,0.008504507853889766
2017-03-01,217,23396,LV,0.009275089758933151
2017-04-01,178,20880,LV,0.008524904214559387
2017-05-01,191,20853,LV,0.009159353570229704
2017-06-01,172,19226,LV,0.008946218662228233
2017-07-01,119,15656,LV,0.0076009197751660705
2017-08-01,156,17131,LV,0.009106298523145175
2017-09-01,129,18886,LV,0.006830456422747009
2017-10-01,221,20405,LV,0.010830678755207056
2017-11-01,236,20651,LV,0.011428018013655512
2017-12-01,131,16263,LV,0.008055094386029638
2018-01-01,173,15363,LV,0.011260821454143071
2018-02-01,96,12943,LV,0.007417136676195627
2018-03-01,116,16295,LV,0.007118748082233814
2018-04-01,114,15878,LV,0.007179745559894193
2018-05-01,196,16670,LV,0.011757648470305939
2018-06-01,71,17373,LV,0.004086801358429747
2018-07-01,80,14899,LV,0.005369487885092959
2018-08-01,108,14160,LV,0.007627118644067797
2018-09-01,97,12062,LV,0.008041784115403747
2018-10-01,108,15737,LV,0.006862807396581305
2018-11-01,94,14432,LV,0.006513303769401331
2018-12-01,81,13320,LV,0.006081081081081081
2019-01-01,113,14476,LV,0.007806023763470572
2019-02-01,108,13292,LV,0.008125188083057478
2019-03-01,64,13518,LV,0.0047344281698476105
2019-04-01,54,13347,LV,0.004045853000674309
2019-05-01,62,13814,LV,0.004488200376429709
2019-06-01,85,12028,LV,0.007066844030595277
2019-07-01,67,12634,LV,0.0053031502295393385
2019-08-01,93,12816,LV,0.007256554307116105
2019-09-01,72,12626,LV,0.005702518612387138
2019-10-01,69,13293,LV,0.005190701873166328
2019-11-01,57,12110,LV,0.004706853839801817
2019-12-01,40,10917,LV,0.003664010259228726
2020-01-01,53,11279,LV,0.004698998138132814
2020-02-01,41,9831,LV,0.004170481131115858
2020-03-01,41,11500,LV,0.0035652173913043477
2020-04-01,51,10582,LV,0.0048195048195048195
2020-05-01,32,8610,LV,0.003716608594657375
2020-06-01,33,7994,LV,0.00412809607205404
2020-07-01,18,7933,LV,0.0022690028992814826
2020-08-01,26,7669,LV,0.0033902725257530316
2020-09-01,28,8282,LV,0.0033808258874667954
2020-10-01,18,6026,LV,0.002987056090275473
2020-11-01,15,5999,LV,0.002500416736122687
2020-12-01,25,9165,LV,0.002727768685215494
2021-01-01,19,9332,LV,0.0020360051435919417
2021-02-01,28,8826,LV,0.0031724450487196918
2021-03-01,27,9680,LV,0.0027892561983471073
2021-04-01,22,8069,LV,0.002726484074854381
2021-05-01,16,6826,LV,0.0023439789041898623
2021-06-01,40,6898,LV,0.0057987822557262975
2021-07-01,37,6698,LV,0.005524037025977904
2021-08-01,33,6133,LV,0.005380727213435512
2021-09-01,43,7119,LV,0.006040174181767102
2021-10-01,49,8660,LV,0.005658198614318707
2021-11-01,70,7510,LV,0.009320905459387484
2021-12-01,100,7449,LV,0.013424620754463686
2022-01-01,121,7238,LV,0.016717325227963525
2022-02-01,109,6942,LV,0.015701526937481995
2022-03-01,148,7986,LV,0.018532431755572253
2022-04-01,166,6769,LV,0.02452356330329443
2022-05-01,172,6951,LV,0.024744641058840455
2022-06-01,293,6504,LV,0.04504920049200492
2022-07-01,252,6050,LV,0.04165289256198347
2022-08-01,197,6133,LV,0.032121310940812
2022-09-01,245,6091,LV,0.040223280249548514
2022-10-01,208,6139,LV,0.03388173969701906
2022-11-01,206,6025,LV,0.034190871369294606
2022-12-01,214,6083,LV,0.03518000986355417
2023-01-01,257,5883,LV,0.04368519462859086
2023-02-01,192,5498,LV,0.03492178974172426
2023-03-01,158,5437,LV,0.029060143461467722
2023-04-01,78,4061,LV,0.019207091849298204
2023-05-01,70,3695,LV,0.018944519621109608
2023-06-01,82,3670,LV,0.0223433242506812
2023-07-01,85,3358,LV,0.02531268612269208
2023-08-01,99,3550,LV,0.027887323943661974
2023-09-01,101,3555,LV,0.02841068917018284
2023-10-01,80,3565,LV,0.02244039270687237
2023-11-01,51,3229,LV,0.015794363580055745
2023-12-01,85,3533,LV,0.02405887347863006
2024-01-01,76,3432,LV,0.022144522144522144
2024-02-01,65,3656,LV,0.017778993435448576
2024-03-01,51,3537,LV,0.01441899915182358
2024-04-01,43,3934,LV,0.010930350788002034
2024-05-01,49,3711,LV,0.013203988143357586
2024-06-01,65,4111,LV,0.015811238141571395
2024-07-01,52,4047,LV,0.012849023968371634
2024-08-01,61,3602,LV,0.01693503609106052
2024-09-01,47,4394,LV,0.010696404187528447
2024-10-01,59,4031,LV,0.01463656660878194
2024-11-01,86,4064,LV,0.021161417322834646
2024-12-01,76,3899,LV,0.019492177481405488
2025-01-01,68,3914,LV,0.017373530914665303
2025-02-01,62,3937,LV,0.015748031496062992
2025-03-01,45,4127,LV,0.01090380421613763
2025-04-01,68,4202,LV,0.01618277010947168
2025-05-01,45,3840,LV,0.01171875
2025-06-01,25,2207,LV,0.011327594019030359
2025-07-01,67,3994,LV,0.016775162744116175
2025-08-01,47,4210,LV,0.011163895486935867
2025-09-01,58,4217,LV,0.013753853450320134
2025-10-01,38,4649,LV,0.008173800817380082
2025-11-01,40,4234,LV,0.00944733112895607
2025-12-01,83,4479,LV,0.01853092208082161
2017-01-01,345,51221,LT,0.00673551863493489
2017-02-01,197,49749,LT,0.003959878590524432
2017-03-01,250,55838,LT,0.004477237723414162
2017-04-01,165,46803,LT,0.0035254150374975962
2017-05-01,133,42669,LT,0.003117017038130727
2017-06-01,129,41261,LT,0.00312643901020334
2017-07-01,173,35449,LT,0.004880250500719344
2017-08-01,180,33741,LT,0.005334755934915978
2017-09-01,209,36429,LT,0.005737187405638365
2017-10-01,356,36971,LT,0.009629168807984636
2017-11-01,262,35507,LT,0.007378826710226153
2017-12-01,397,28864,LT,0.013754157427937916
2018-01-01,247,32135,LT,0.007686323323479073
2018-02-01,231,30141,LT,0.007663979297302678
2018-03-01,191,35484,LT,0.00538270769924473
2018-04-01,111,33285,LT,0.003334835511491663
2018-05-01,226,35608,LT,0.006346888339698944
2018-06-01,191,33935,LT,0.005628407249152792
2018-07-01,189,35493,LT,0.005324993660721832
2018-08-01,240,33690,LT,0.007123775601068566
2018-09-01,166,31289,LT,0.005305378887148838
2018-10-01,221,35740,LT,0.006183547845551203
2018-11-01,162,33142,LT,0.004888057449761632
2018-12-01,162,30456,LT,0.005319148936170213
2019-01-01,235,32657,LT,0.007196006981657838
2019-02-01,174,32560,LT,0.005343980343980344
2019-03-01,180,34623,LT,0.005198856251624643
2019-04-01,136,36156,LT,0.003761478039606151
2019-05-01,120,35381,LT,0.003391650886068794
2019-06-01,141,32353,LT,0.004358173894229283
2019-07-01,96,36009,LT,0.00266600016662501
2019-08-01,106,31464,LT,0.003368929570302568
2019-09-01,187,33407,LT,0.005597629239380968
2019-10-01,150,35753,LT,0.004195452129891198
2019-11-01,107,34875,LT,0.003068100358422939
2019-12-01,131,33739,LT,0.0038827469693826135
2020-01-01,117,35077,LT,0.0033355190010548224
2020-02-01,100,34150,LT,0.0029282576866764276
2020-03-01,149,43523,LT,0.003423477241918066
2020-04-01,89,44072,LT,0.0020194227627518607
2020-05-01,102,41038,LT,0.0024855012427506215
2020-06-01,106,38381,LT,0.0027617831739662852
2020-07-01,150,35793,LT,0.004190763557120107
2020-08-01,78,36366,LT,0.002144860584062036
2020-09-01,105,37745,LT,0.0027818254073387204
2020-10-01,77,29676,LT,0.0025946893112279283
2020-11-01,80,26485,LT,0.0030205776854823484
2020-12-01,72,41834,LT,0.0017210881101496392
2021-01-01,103,41867,LT,0.002460171495449877
2021-02-01,266,36693,LT,0.007249339111002099
2021-03-01,286,45416,LT,0.006297340144442487
2021-04-01,206,42475,LT,0.004849911712772219
2021-05-01,246,44068,LT,0.005582281927929564
2021-06-01,305,40523,LT,0.007526589837869852
2021-07-01,186,35406,LT,0.005253346890357566
2021-08-01,163,32096,LT,0.00507851445663011
2021-09-01,463,37658,LT,0.012294864305061342
2021-10-01,461,38235,LT,0.01205701582319864
2021-11-01,1182,38190,LT,0.030950510604870383
2021-12-01,795,36809,LT,0.02159797875519574
2022-01-01,1460,38080,LT,0.038340336134453784
2022-02-01,1605,36128,LT,0.04442537643932684
2022-03-01,1319,39958,LT,0.03300966014315031
2022-04-01,1650,36280,LT,0.04547960308710033
2022-05-01,1314,38629,LT,0.03401589479406664
2022-06-01,2093,39997,LT,0.0523289246693502
2022-07-01,1690,37081,LT,0.045575901405032225
2022-08-01,1143,36723,LT,0.031124908095743812
2022-09-01,1522,36716,LT,0.04145331735483168
2022-10-01,1386,38103,LT,0.0363750885757027
2022-11-01,1235,35685,LT,0.03460837887067395
2022-12-01,1419,38225,LT,0.03712230215827338
2023-01-01,1528,37648,LT,0.04058648533786655
2023-02-01,1193,35632,LT,0.03348114054782218
2023-03-01,832,33915,LT,0.024531918030370043
2023-04-01,409,16639,LT,0.024580804134863875
2023-05-01,477,18772,LT,0.025410185382484553
2023-06-01,362,17350,LT,0.02086455331412104
2023-07-01,262,16360,LT,0.016014669926650366
2023-08-01,259,15690,LT,0.016507329509241556
2023-09-01,361,17024,LT,0.021205357142857144
2023-10-01,350,16195,LT,0.021611608521148504
2023-11-01,282,16554,LT,0.01703515766582095
2023-12-01,347,16402,LT,0.021155956590659674
2024-01-01,270,16059,LT,0.016813002054922473
2024-02-01,273,17635,LT,0.015480578395236744
2024-03-01,257,18757,LT,0.0137015514208029
2024-04-01,262,18536,LT,0.014134656883901597
2024-05-01,197,18764,LT,0.010498827542101897
2024-06-01,301,19321,LT,0.015578903783448061
2024-07-01,215,17649,LT,0.012181993314068785
2024-08-01,174,15699,LT,0.011083508503726351
2024-09-01,232,17857,LT,0.012992103936831494
2024-10-01,233,16242,LT,0.014345523950252431
2024-11-01,175,14592,LT,0.011992872807017545
2024-12-01,214,15155,LT,0.014120752226987793
2025-01-01,232,14793,LT,0.015683093354965188
2025-02-01,174,15065,LT,0.011549950215731828
2025-03-01,184,17059,LT,0.010786095316255349
2025-04-01,257,17649,LT,0.014561731542863618
2025-05-01,181,18493,LT,0.009787487157302764
2025-06-01,119,9258,LT,0.012853748109742925
2025-07-01,138,18872,LT,0.007312420517168292
2025-08-01,184,18560,LT,0.009913793103448277
2025-09-01,167,19456,LT,0.008583470394736841
2025-10-01,191,20278,LT,0.009419074859453595
2025-11-01,155,19371,LT,0.008001651953951784
2025-12-01,204,19893,LT,0.010254863519831096
2017-01-01,45,19587,LU,0.002297442181038444
2017-02-01,41,16103,LU,0.002546109420604856
2017-03-01,64,11329,LU,0.005649218818960191
2017-04-01,67,9305,LU,0.007200429876410532
2017-05-01,77,9631,LU,0.007995016093863565
2017-06-01,35,8658,LU,0.0040425040425040425
2017-07-01,32,6798,LU,0.004707266843189173
2017-08-01,34,6350,LU,0.005354330708661417
2017-09-01,41,8512,LU,0.00481672932330827
2017-10-01,39,9373,LU,0.004160887656033287
2017-11-01,53,9341,LU,0.005673910716197409
2017-12-01,45,6743,LU,0.006673587423995255
2018-01-01,61,7822,LU,0.007798517003323958
2018-02-01,56,6915,LU,0.008098336948662329
2018-03-01,43,8395,LU,0.005122096486003574
2018-04-01,18,8770,LU,0.0020524515393386543
2018-05-01,53,10104,LU,0.005245447347585115
2018-06-01,46,12699,LU,0.0036223324671233953
2018-07-01,44,12084,LU,0.003641178417742469
2018-08-01,104,9776,LU,0.010638297872340425
2018-09-01,58,10972,LU,0.005286183011301494
2018-10-01,51,11506,LU,0.004432470015644012
2018-11-01,29,10681,LU,0.002715101582248853
2018-12-01,57,9975,LU,0.005714285714285714
2019-01-01,53,11037,LU,0.004802029537011869
2019-02-01,43,10591,LU,0.0040600509866868095
2019-03-01,42,10535,LU,0.003986710963455149
2019-04-01,54,9732,LU,0.005548705302096177
2019-05-01,24,9685,LU,0.00247805885389778
2019-06-01,36,9286,LU,0.0038768037906525953
2019-07-01,45,10071,LU,0.004468275245755138
2019-08-01,40,9257,LU,0.004321054337258291
2019-09-01,43,9406,LU,0.004571550074420582
2019-10-01,49,9713,LU,0.005044785339236075
2019-11-01,51,9173,LU,0.005559795050692249
2019-12-01,47,8424,LU,0.005579297245963913
2020-01-01,48,9826,LU,0.004884998982291879
2020-02-01,39,9132,LU,0.0042706964520367935
2020-03-01,18,9889,LU,0.0018202042673677824
2020-04-01,18,9591,LU,0.001876759461995621
2020-05-01,26,9679,LU,0.002686227916107036
2020-06-01,64,9145,LU,0.006998359759431383
2020-07-01,30,9207,LU,0.0032583903551645487
2020-08-01,19,6877,LU,0.002762832630507489
2020-09-01,30,8592,LU,0.0034916201117318434
2020-10-01,20,5937,LU,0.0033687047330301497
2020-11-01,15,5923,LU,0.002532500422083404
2020-12-01,32,8784,LU,0.0036429872495446266
2021-01-01,22,8803,LU,0.0024991480177212312
2021-02-01,42,7826,LU,0.005366726296958855
2021-03-01,35,8880,LU,0.003941441441441441
2021-04-01,17,7881,LU,0.0021570866641289176
2021-05-01,34,6948,LU,0.00489349453080023
2021-06-01,46,6678,LU,0.006888289907157832
2021-07-01,56,6583,LU,0.00850675983594106
2021-08-01,22,3492,LU,0.006300114547537228
2021-09-01,42,4953,LU,0.008479709267110842
2021-10-01,61,5754,LU,0.010601320820298922
2021-11-01,63,4876,LU,0.012920426579163249
2021-12-01,79,4662,LU,0.016945516945516947
2022-01-01,104,4943,LU,0.021039854339469956
2022-02-01,67,4498,LU,0.014895509115162294
2022-03-01,126,3178,LU,0.039647577092511016
2022-04-01,130,2908,LU,0.04470426409903714
2022-05-01,124,2771,LU,0.04474918801876579
2022-06-01,220,3832,LU,0.05741127348643006
2022-07-01,284,4195,LU,0.06769964243146603
2022-08-01,183,3564,LU,0.05134680134680135
2022-09-01,316,3867,LU,0.0817170933540212
2022-10-01,218,3010,LU,0.07242524916943521
2022-11-01,160,2827,LU,0.05659709939865582
2022-12-01,148,3799,LU,0.03895762042642801
2023-01-01,166,4323,LU,0.03839925977330558
2023-02-01,149,4032,LU,0.03695436507936508
2023-03-01,134,3826,LU,0.035023523261892314
2023-04-01,53,2091,LU,0.025346724055475847
2023-05-01,39,1656,LU,0.02355072463768116
2023-06-01,36,1714,LU,0.021003500583430573
2023-07-01,28,1714,LU,0.01633605600933489
2023-08-01,38,1475,LU,0.02576271186440678
2023-09-01,41,1590,LU,0.02578616352201258
2023-10-01,31,1548,LU,0.020025839793281652
2023-11-01,30,1521,LU,0.01972386587771203
2023-12-01,29,1680,LU,0.017261904761904763
2024-01-01,22,1672,LU,0.013157894736842105
2024-02-01,9,1554,LU,0.005791505791505791
2024-03-01,22,1759,LU,0.012507106310403639
2024-04-01,20,1499,LU,0.0133422281521014
2024-05-01,9,1542,LU,0.005836575875486381
2024-06-01,13,1912,LU,0.006799163179916318
2024-07-01,10,1798,LU,0.0055617352614015575
2024-08-01,9,1467,LU,0.006134969325153374
2024-09-01,12,2295,LU,0.00522875816993464
2024-10-01,12,2026,LU,0.005923000987166831
2024-11-01,18,1576,LU,0.011421319796954314
2024-12-01,13,1619,LU,0.008029647930821495
2025-01-01,11,1639,LU,0.006711409395973154
2025-02-01,7,1456,LU,0.004807692307692308
2025-03-01,10,1814,LU,0.005512679162072767
2025-04-01,23,1953,LU,0.011776753712237584
2025-05-01,9,2157,LU,0.004172461752433936
2025-06-01,5,756,LU,0.006613756613756613
2025-07-01,8,1871,LU,0.00427578834847675
2025-08-01,8,1757,LU,0.004553215708594195
2025-09-01,5,1829,LU,0.002733734281027884
2025-10-01,7,1926,LU,0.0036344755970924196
2025-11-01,7,1753,LU,0.003993154592127781
2025-12-01,19,1876,LU,0.010127931769722815
2017-01-01,80,4228,MT,0.01892147587511826
2017-02-01,76,3764,MT,0.020191285866099893
2017-03-01,74,4181,MT,0.017699115044247787
2017-04-01,72,4737,MT,0.015199493350221659
2017-05-01,91,5438,MT,0.016734093416697314
2017-06-01,62,3486,MT,0.01778542742398164
2017-07-01,67,3747,MT,0.017880971443821725
2017-08-01,61,3606,MT,0.01691625069328896
2017-09-01,57,3516,MT,0.016211604095563138
2017-10-01,59,3987,MT,0.014798093804865815
2017-11-01,62,4114,MT,0.015070491006319884
2017-12-01,33,3260,MT,0.010122699386503068
2018-01-01,51,3441,MT,0.014821272885789015
2018-02-01,64,3491,MT,0.01833285591521054
2018-03-01,75,4020,MT,0.018656716417910446
2018-04-01,40,4113,MT,0.009725261366399222
2018-05-01,71,4214,MT,0.01684859990507831
2018-06-01,51,4388,MT,0.01162260711030082
2018-07-01,42,4333,MT,0.009693053311793215
2018-08-01,58,4113,MT,0.014101628981278872
2018-09-01,62,4211,MT,0.014723343623842318
2018-10-01,78,4652,MT,0.016766981943250214
2018-11-01,45,4528,MT,0.00993816254416961
2018-12-01,48,3800,MT,0.01263157894736842
2019-01-01,28,3812,MT,0.007345225603357817
2019-02-01,60,3560,MT,0.016853932584269662
2019-03-01,38,4014,MT,0.009466865969108122
2019-04-01,38,3773,MT,0.010071561091969255
2019-05-01,36,4057,MT,0.008873551885629776
2019-06-01,27,2445,MT,0.011042944785276074
2019-07-01,15,2058,MT,0.007288629737609329
2019-08-01,8,1103,MT,0.007252946509519492
2019-09-01,10,1175,MT,0.00851063829787234
2019-10-01,23,2568,MT,0.00895638629283489
2019-11-01,17,2555,MT,0.006653620352250489
2019-12-01,16,2230,MT,0.007174887892376682
2020-01-01,12,2382,MT,0.005037783375314861
2020-02-01,18,2268,MT,0.007936507936507936
2020-03-01,9,2568,MT,0.0035046728971962616
2020-04-01,6,2560,MT,0.00234375
2020-05-01,12,2504,MT,0.004792332268370607
2020-06-01,15,2659,MT,0.005641218503196691
2020-07-01,17,2822,MT,0.006024096385542169
2020-08-01,12,2624,MT,0.004573170731707317
2020-09-01,16,2339,MT,0.006840530141085934
2020-10-01,12,2023,MT,0.005931784478497282
2020-11-01,15,2055,MT,0.0072992700729927005
2020-12-01,11,2619,MT,0.004200076365024819
2021-01-01,16,2722,MT,0.005878030859662013
2021-02-01,37,2650,MT,0.013962264150943397
2021-03-01,52,2961,MT,0.017561634582911177
2021-04-01,45,2778,MT,0.016198704103671708
2021-05-01,61,2971,MT,0.020531807472231572
2021-06-01,66,3096,MT,0.02131782945736434
2021-07-01,62,3339,MT,0.018568433662773286
2021-08-01,49,2981,MT,0.016437437101643745
2021-09-01,54,3421,MT,0.015784858228588133
2021-10-01,97,3034,MT,0.03197099538562953
2021-11-01,66,2511,MT,0.026284348864994027
2021-12-01,65,2328,MT,0.027920962199312716
2022-01-01,88,2515,MT,0.03499005964214712
2022-02-01,96,2460,MT,0.03902439024390244
2022-03-01,111,2906,MT,0.038196834136269786
2022-04-01,110,2398,MT,0.045871559633027525
2022-05-01,130,2690,MT,0.048327137546468404
2022-06-01,117,2399,MT,0.04877032096706961
2022-07-01,143,2361,MT,0.06056755612028801
2022-08-01,129,2231,MT,0.057821604661586735
2022-09-01,162,2342,MT,0.06917164816396243
2022-10-01,160,2627,MT,0.06090597639893414
2022-11-01,116,2501,MT,0.04638144742103159
2022-12-01,93,2128,MT,0.043703007518796994
2023-01-01,106,2431,MT,0.04360345536816125
2023-02-01,98,2454,MT,0.03993480032599837
2023-03-01,83,2296,MT,0.03614982578397213
2023-04-01,50,1322,MT,0.037821482602118005
2023-05-01,70,1596,MT,0.043859649122807015
2023-06-01,31,1346,MT,0.023031203566121844
2023-07-01,36,1438,MT,0.025034770514603615
2023-08-01,26,1178,MT,0.022071307300509338
2023-09-01,51,1147,MT,0.044463818657367045
2023-10-01,45,1176,MT,0.03826530612244898
2023-11-01,39,1003,MT,0.038883349950149554
2023-12-01,46,950,MT,0.04842105263157895
2024-01-01,37,1056,MT,0.035037878787878785
2024-02-01,38,1043,MT,0.0364333652924257
2024-03-01,34,1236,MT,0.02750809061488673
2024-04-01,22,986,MT,0.02231237322515213
2024-05-01,21,958,MT,0.021920668058455117
2024-06-01,23,1019,MT,0.022571148184494603
2024-07-01,15,999,MT,0.015015015015015015
2024-08-01,15,840,MT,0.017857142857142856
2024-09-01,15,917,MT,0.016357688113413305
2024-10-01,31,1017,MT,0.03048180924287119
2024-11-01,36,981,MT,0.03669724770642202
2024-12-01,21,956,MT,0.021966527196652718
2025-01-01,19,858,MT,0.022144522144522144
2025-02-01,13,872,MT,0.014908256880733946
2025-03-01,18,899,MT,0.020022246941045607
2025-04-01,25,985,MT,0.025380710659898477
2025-05-01,12,950,MT,0.01263157894736842
2025-06-01,11,515,MT,0.021359223300970873
2025-07-01,16,945,MT,0.016931216931216932
2025-08-01,17,1006,MT,0.016898608349900597
2025-09-01,13,984,MT,0.013211382113821139
2025-10-01,20,1094,MT,0.018281535648994516
2025-11-01,14,1034,MT,0.013539651837524178
2025-12-01,12,854,MT,0.01405152224824356
2017-01-01,672,134318,NL,0.00500305245760062
2017-02-01,442,108830,NL,0.004061380134154185
2017-03-01,440,101149,NL,0.004350018289849628
2017-04-01,267,80321,NL,0.003324161800774393
2017-05-01,248,83668,NL,0.002964096189702156
2017-06-01,401,78878,NL,0.005083800299196227
2017-07-01,293,63344,NL,0.004625536751704976
2017-08-01,297,62861,NL,0.004724710074609058
2017-09-01,314,70666,NL,0.004443438145642883
2017-10-01,272,74705,NL,0.003640987885683689
2017-11-01,258,71338,NL,0.003616585830833497
2017-12-01,212,58474,NL,0.003625542976365564
2018-01-01,266,65873,NL,0.004038073262186328
2018-02-01,286,57498,NL,0.0049740860551671364
2018-03-01,183,67919,NL,0.002694385959746168
2018-04-01,156,62831,NL,0.002482850822046442
2018-05-01,230,67133,NL,0.0034260348859726213
2018-06-01,198,70755,NL,0.0027983888064447744
2018-07-01,174,74363,NL,0.0023398733240993503
2018-08-01,330,74725,NL,0.004416192706590833
2018-09-01,197,69756,NL,0.0028241298239577955
2018-10-01,179,75490,NL,0.002371174990064909
2018-11-01,189,76397,NL,0.002473919132950247
2018-12-01,212,66231,NL,0.003200917999124277
2019-01-01,172,70474,NL,0.0024406163975366803
2019-02-01,139,61001,NL,0.0022786511696529566
2019-03-01,163,66694,NL,0.0024439979608360573
2019-04-01,156,64326,NL,0.0024251469079376925
2019-05-01,190,65185,NL,0.0029147810079005907
2019-06-01,215,58936,NL,0.003648024976245419
2019-07-01,195,58073,NL,0.0033578427152032788
2019-08-01,156,52491,NL,0.002971938046522261
2019-09-01,185,58932,NL,0.003139211294373176
2019-10-01,150,57150,NL,0.0026246719160104987
2019-11-01,113,55548,NL,0.0020342766616259812
2019-12-01,151,51116,NL,0.0029540652633226385
2020-01-01,90,52403,NL,0.0017174589241073985
2020-02-01,69,48649,NL,0.0014183230898887952
2020-03-01,57,57930,NL,0.000983946141895391
2020-04-01,74,50457,NL,0.0014665953187862934
2020-05-01,104,46527,NL,0.0022352612461581448
2020-06-01,66,43811,NL,0.0015064709776083632
2020-07-01,50,40937,NL,0.0012213889635293255
2020-08-01,59,40046,NL,0.0014733056984467861
2020-09-01,122,42743,NL,0.002854268535198746
2020-10-01,43,28411,NL,0.0015134982929147162
2020-11-01,39,23537,NL,0.0016569656285847815
2020-12-01,83,36012,NL,0.0023047872931245142
2021-01-01,131,37387,NL,0.003503891727070907
2021-02-01,120,37521,NL,0.0031982090029583432
2021-03-01,262,41827,NL,0.006263896526167308
2021-04-01,201,38705,NL,0.005193127502906601
2021-05-01,300,37192,NL,0.008066250806625081
2021-06-01,361,61470,NL,0.005872783471612169
2021-07-01,242,70412,NL,0.0034369141623586887
2021-08-01,168,57190,NL,0.002937576499388005
2021-09-01,277,70861,NL,0.003909061401899493
2021-10-01,397,71716,NL,0.005535724245635563
2021-11-01,385,67039,NL,0.005742925759632453
2021-12-01,404,65067,NL,0.006208984585119953
2022-01-01,418,60883,NL,0.006865627515069888
2022-02-01,476,60560,NL,0.00785997357992074
2022-03-01,542,66486,NL,0.008152092169780105
2022-04-01,630,62849,NL,0.010024025839711053
2022-05-01,640,63813,NL,0.010029304373716954
2022-06-01,660,64062,NL,0.010302519434298024
2022-07-01,735,63206,NL,0.011628642850362308
2022-08-01,825,61649,NL,0.013382212201333355
2022-09-01,884,61552,NL,0.014361840395113075
2022-10-01,802,64568,NL,0.012421013505141866
2022-11-01,664,60862,NL,0.010909927376688246
2022-12-01,513,65907,NL,0.0077836952068824255
2023-01-01,547,56886,NL,0.00961572267341701
2023-02-01,492,30311,NL,0.016231731054732607
2023-03-01,498,31338,NL,0.015891250239326058
2023-04-01,419,20650,NL,0.02029055690072639
2023-05-01,592,22917,NL,0.0258323515294323
2023-06-01,567,23079,NL,0.02456778889899909
2023-07-01,533,18452,NL,0.02888575764144808
2023-08-01,513,16108,NL,0.03184752917804817
2023-09-01,649,24570,NL,0.026414326414326415
2023-10-01,425,14952,NL,0.028424291064740502
2023-11-01,457,16072,NL,0.028434544549527128
2023-12-01,478,16242,NL,0.029429873168329023
2024-01-01,473,16287,NL,0.029041566893841714
2024-02-01,489,16015,NL,0.030533874492663128
2024-03-01,481,16659,NL,0.02887328170958641
2024-04-01,473,16244,NL,0.02911844373307067
2024-05-01,471,15260,NL,0.030865006553079947
2024-06-01,387,15785,NL,0.02451694646816598
2024-07-01,332,14359,NL,0.023121387283236993
2024-08-01,286,14232,NL,0.020095559302979203
2024-09-01,396,27175,NL,0.014572217111315547
2024-10-01,353,17799,NL,0.01983257486375639
2024-11-01,397,18074,NL,0.021965253955958837
2024-12-01,429,18258,NL,0.023496549457771937
2025-01-01,446,17799,NL,0.025057587504916008
2025-02-01,304,18899,NL,0.016085507169691517
2025-03-01,443,27930,NL,0.015861081274615108
2025-04-01,367,26682,NL,0.013754591110111685
2025-05-01,251,24953,NL,0.010058910752214163
2025-06-01,199,11436,NL,0.01740118922700245
2025-07-01,319,21510,NL,0.014830311483031149
2025-08-01,308,25184,NL,0.012229987293519696
2025-09-01,326,18619,NL,0.017508996186691016
2025-10-01,314,17711,NL,0.01772909491276608
2025-11-01,217,20907,NL,0.010379298799445161
2025-12-01,331,21911,NL,0.015106567477522705
2017-01-01,449,76036,PT,0.005905097585354306
2017-02-01,306,71833,PT,0.004259880556290284
2017-03-01,320,76688,PT,0.004172751929897768
2017-04-01,237,64309,PT,0.0036853317576078
2017-05-01,241,67620,PT,0.0035640343093759244
2017-06-01,264,64648,PT,0.004083653013240936
2017-07-01,208,56048,PT,0.003711104767342278
2017-08-01,210,55442,PT,0.003787742144944266
2017-09-01,267,64968,PT,0.004109715552271888
2017-10-01,453,77941,PT,0.00581208863114407
2017-11-01,325,71623,PT,0.0045376485207265825
2017-12-01,366,60385,PT,0.006061107891032542
2018-01-01,430,71455,PT,0.006017773423833182
2018-02-01,423,60767,PT,0.006961015024602169
2018-03-01,321,63678,PT,0.005040987468199378
2018-04-01,407,59084,PT,0.0068884977320425155
2018-05-01,481,66039,PT,0.007283574857281303
2018-06-01,495,64993,PT,0.00761620482205776
2018-07-01,155,69241,PT,0.002238558079750437
2018-08-01,4,59029,PT,6.776330278337766e-05
2018-09-01,2,63786,PT,3.135484275546358e-05
2018-10-01,1,71764,PT,1.3934563290786468e-05
2018-11-01,1,63629,PT,1.571610429206808e-05
2018-12-01,0,53463,PT,0.0
2019-01-01,0,60475,PT,0.0
2019-02-01,4,53935,PT,7.416334476684898e-05
2019-03-01,2,56408,PT,3.545596369309318e-05
2019-04-01,1,52357,PT,1.9099642836678953e-05
2019-05-01,4,57849,PT,6.914553406281871e-05
2019-06-01,4,50755,PT,7.880996946113684e-05
2019-07-01,6,56348,PT,0.00010648115283594804
2019-08-01,1,48486,PT,2.0624510167883512e-05
2019-09-01,10,53079,PT,0.0001883984249891671
2019-10-01,1,58515,PT,1.708963513628984e-05
2019-11-01,0,51470,PT,0.0
2019-12-01,0,47346,PT,0.0
2020-01-01,6,50327,PT,0.0001192202992429511
2020-02-01,1,45106,PT,2.216999955660001e-05
2020-03-01,0,60677,PT,0.0
2020-04-01,3,60840,PT,4.930966469428008e-05
2020-05-01,0,57290,PT,0.0
2020-06-01,0,53757,PT,0.0
2020-07-01,0,54521,PT,0.0
2020-08-01,0,46241,PT,0.0
2020-09-01,0,49862,PT,0.0
2020-10-01,0,32415,PT,0.0
2020-11-01,0,30437,PT,0.0
2020-12-01,0,45000,PT,0.0
2021-01-01,0,51585,PT,0.0
2021-02-01,0,46032,PT,0.0
2021-03-01,1,51259,PT,1.9508769191751692e-05
2021-04-01,0,47337,PT,0.0
2021-05-01,5,45068,PT,0.0001109434632111476
2021-06-01,0,42187,PT,0.0
2021-07-01,0,40976,PT,0.0
2021-08-01,1,32562,PT,3.071064430931761e-05
2021-09-01,4,41597,PT,9.616078082554031e-05
2021-10-01,3,44579,PT,6.729626057112093e-05
2021-11-01,1,43041,PT,2.323366092795242e-05
2021-12-01,4,38757,PT,0.00010320716257708285
2022-01-01,3,39377,PT,7.618660639459582e-05
2022-02-01,3,37693,PT,7.959037487066564e-05
2022-03-01,5,42927,PT,0.00011647680946723508
2022-04-01,20,38480,PT,0.0005197505197505198
2022-05-01,9,42158,PT,0.00021348261302718346
2022-06-01,6,37890,PT,0.00015835312747426763
2022-07-01,8,38485,PT,0.00020787319734961673
2022-08-01,10,35431,PT,0.00028223871750726766
2022-09-01,16,37737,PT,0.00042398706839441396
2022-10-01,29,39044,PT,0.0007427517672369635
2022-11-01,23,37723,PT,0.0006097076054396522
2022-12-01,11,35683,PT,0.00030827004455903374
2023-01-01,12,42153,PT,0.00028467724717101987
2023-02-01,14,38031,PT,0.0003681207436039021
2023-03-01,20,38459,PT,0.0005200343222652695
2023-04-01,9,24572,PT,0.0003662705518476315
2023-05-01,1,29419,PT,3.399163805703797e-05
2023-06-01,5,26531,PT,0.0001884587840639252
2023-07-01,6,25500,PT,0.00023529411764705883
2023-08-01,4,23046,PT,0.00017356591165495098
2023-09-01,4,23933,PT,0.00016713324698115572
2023-10-01,0,20811,PT,0.0
2023-11-01,7,21245,PT,0.00032948929159802305
2023-12-01,3,21112,PT,0.00014209928003031453
2024-01-01,1,20050,PT,4.987531172069826e-05
2024-02-01,9,19950,PT,0.0004511278195488722
2024-03-01,8,20743,PT,0.00038567227498433206
2024-04-01,2,20744,PT,9.641342074816814e-05
2024-05-01,2,19958,PT,0.0001002104419280489
2024-06-01,4,20079,PT,0.00019921310822252104
2024-07-01,2,20167,PT,9.91719145138097e-05
2024-08-01,5,17662,PT,0.00028309364737855283
2024-09-01,0,19964,PT,0.0
2024-10-01,1,19567,PT,5.110645474523432e-05
2024-11-01,0,17374,PT,0.0
2024-12-01,3,14731,PT,0.00020365216210712104
2025-01-01,0,15200,PT,0.0
2025-02-01,3,14302,PT,0.00020976087260523004
2025-03-01,4,16583,PT,0.00024121087861062534
2025-04-01,3,15608,PT,0.00019220912352639673
2025-05-01,0,16853,PT,0.0
2025-06-01,0,7911,PT,0.0
2025-07-01,2,17115,PT,0.00011685655857434999
2025-08-01,0,16859,PT,0.0
2025-09-01,2,20257,PT,9.87313027595399e-05
2025-10-01,0,24084,PT,0.0
2025-11-01,0,24132,PT,0.0
2025-12-01,3,24410,PT,0.00012290045063498566
2017-01-01,255,34627,SK,0.007364195569930979
2017-02-01,264,38129,SK,0.006923863725773033
2017-03-01,348,41474,SK,0.008390799054829532
2017-04-01,246,36433,SK,0.0067521203304696294
2017-05-01,186,37219,SK,0.004997447540234826
2017-06-01,195,34247,SK,0.0056939293952754984
2017-07-01,128,29401,SK,0.00435359341518996
2017-08-01,148,29952,SK,0.004941239316239316
2017-09-01,162,32222,SK,0.005027620880144001
2017-10-01,229,33623,SK,0.006810814026113077
2017-11-01,355,32319,SK,0.010984250750332622
2017-12-01,179,25771,SK,0.00694579178145978
2018-01-01,244,28556,SK,0.008544614091609469
2018-02-01,199,26905,SK,0.0073963947221706
2018-03-01,164,31395,SK,0.005223761745500876
2018-04-01,309,32372,SK,0.009545286049672556
2018-05-01,305,36065,SK,0.008456952724247886
2018-06-01,260,37169,SK,0.006995076542279857
2018-07-01,228,31105,SK,0.007330011252210255
2018-08-01,231,26655,SK,0.008666291502532357
2018-09-01,153,25937,SK,0.005898908894629294
2018-10-01,140,26245,SK,0.005334349399885693
2018-11-01,120,25971,SK,0.004620538292711101
2018-12-01,139,22595,SK,0.006151803496348749
2019-01-01,152,24546,SK,0.006192454982481871
2019-02-01,154,22751,SK,0.006768933233704013
2019-03-01,121,25613,SK,0.004724163510717214
2019-04-01,118,23271,SK,0.0050706888401873575
2019-05-01,132,24938,SK,0.005293126954848023
2019-06-01,184,24606,SK,0.007477850930667317
2019-07-01,143,24525,SK,0.005830784913353721
2019-08-01,113,24176,SK,0.004674056915949703
2019-09-01,189,26099,SK,0.0072416567684585615
2019-10-01,135,27007,SK,0.004998704039693413
2019-11-01,143,24233,SK,0.005901044030866999
2019-12-01,115,22212,SK,0.005177381595533946
2020-01-01,84,21002,SK,0.003999619083896772
2020-02-01,64,19687,SK,0.003250876212729212
2020-03-01,60,24144,SK,0.002485089463220676
2020-04-01,55,21639,SK,0.0025417071029160314
2020-05-01,43,17703,SK,0.00242896684177823
2020-06-01,68,17067,SK,0.00398429718169567
2020-07-01,61,15984,SK,0.003816316316316316
2020-08-01,60,14936,SK,0.004017139796464917
2020-09-01,58,15948,SK,0.0036368196639077
2020-10-01,32,12438,SK,0.0025727608940344106
2020-11-01,32,11506,SK,0.0027811576568746743
2020-12-01,73,17635,SK,0.0041394953218032325
2021-01-01,68,19053,SK,0.0035689917598278487
2021-02-01,55,18702,SK,0.002940861939899476
2021-03-01,96,20285,SK,0.004732561005669214
2021-04-01,89,18267,SK,0.004872173865440412
2021-05-01,111,21966,SK,0.005053264135482109
2021-06-01,107,22105,SK,0.0048405338158787605
2021-07-01,97,20262,SK,0.004787286546244201
2021-08-01,80,18798,SK,0.004255771890626662
2021-09-01,121,20982,SK,0.005766847774282718
2021-10-01,268,21516,SK,0.012455846811675032
2021-11-01,174,20089,SK,0.008661456518492707
2021-12-01,225,19125,SK,0.011764705882352941
2022-01-01,274,18902,SK,0.01449582054809015
2022-02-01,304,18408,SK,0.016514558887440245
2022-03-01,358,19823,SK,0.01805982949099531
2022-04-01,393,17007,SK,0.02310813194566943
2022-05-01,556,18184,SK,0.030576330840299162
2022-06-01,613,18586,SK,0.03298181426880448
2022-07-01,475,17389,SK,0.02731611938581862
2022-08-01,446,17604,SK,0.02533515110202227
2022-09-01,555,17666,SK,0.03141627985961734
2022-10-01,467,19014,SK,0.02456084990007363
2022-11-01,498,16880,SK,0.029502369668246445
2022-12-01,495,16659,SK,0.02971366828741221
2023-01-01,417,16749,SK,0.024897008776643383
2023-02-01,398,16276,SK,0.024453182600147456
2023-03-01,429,15971,SK,0.02686118589944274
2023-04-01,255,8902,SK,0.028645248258818243
2023-05-01,271,10083,SK,0.026876921551125657
2023-06-01,346,10038,SK,0.034469017732616056
2023-07-01,206,9630,SK,0.021391484942886813
2023-08-01,188,9098,SK,0.020663882171905915
2023-09-01,198,9472,SK,0.020903716216216218
2023-10-01,185,9040,SK,0.020464601769911505
2023-11-01,213,9000,SK,0.023666666666666666
2023-12-01,233,9744,SK,0.02391215106732348
2024-01-01,176,9510,SK,0.0185068349106204
2024-02-01,187,9484,SK,0.019717418810628426
2024-03-01,171,10080,SK,0.016964285714285713
2024-04-01,195,10309,SK,0.018915510718789406
2024-05-01,158,9260,SK,0.017062634989200864
2024-06-01,174,9971,SK,0.01745060675960285
2024-07-01,117,9561,SK,0.012237213680577345
2024-08-01,101,9164,SK,0.011021388040157136
2024-09-01,177,11352,SK,0.015591966173361522
2024-10-01,197,10545,SK,0.018681839734471312
2024-11-01,190,10403,SK,0.018263962318561953
2024-12-01,187,10643,SK,0.017570233956591186
2025-01-01,128,10433,SK,0.01226876258027413
2025-02-01,156,10130,SK,0.015399802566633761
2025-03-01,191,11353,SK,0.016823747027217475
2025-04-01,173,10410,SK,0.016618635926993277
2025-05-01,113,10168,SK,0.011113296616837137
2025-06-01,68,5116,SK,0.013291634089132134
2025-07-01,133,10387,SK,0.012804467122364493
2025-08-01,117,10189,SK,0.01148297183236824
2025-09-01,172,10983,SK,0.01566056632978239
2025-10-01,176,12027,SK,0.014633740749979213
2025-11-01,190,12477,SK,0.015228019555983009
2025-12-01,201,12938,SK,0.015535631473179781
2017-01-01,130,22428,SI,0.005796326021045122
2017-02-01,102,20230,SI,0.005042016806722689
2017-03-01,128,22916,SI,0.0055856170361319605
2017-04-01,73,20467,SI,0.0035667171544437387
2017-05-01,75,20537,SI,0.003651945269513561
2017-06-01,59,19731,SI,0.0029902184379909788
2017-07-01,58,16042,SI,0.0036155092881186885
2017-08-01,67,15540,SI,0.004311454311454311
2017-09-01,153,18028,SI,0.008486798313734192
2017-10-01,195,20260,SI,0.0096248766041461
2017-11-01,140,19042,SI,0.007352168889822498
2017-12-01,51,14871,SI,0.00342949364535001
2018-01-01,111,15533,SI,0.007146076096053563
2018-02-01,99,12984,SI,0.007624768946395564
2018-03-01,157,14203,SI,0.011054002675491094
2018-04-01,41,31720,SI,0.0012925598991172763
2018-05-01,73,80214,SI,0.0009100655745879772
2018-06-01,86,177205,SI,0.00048531361981885387
2018-07-01,53,120379,SI,0.0004402761278960616
2018-08-01,83,29489,SI,0.00281460883719353
2018-09-01,73,16282,SI,0.004483478688121852
2018-10-01,39,18407,SI,0.0021187591677079374
2018-11-01,84,17750,SI,0.004732394366197183
2018-12-01,60,16574,SI,0.0036201279111861954
2019-01-01,92,17424,SI,0.005280073461891644
2019-02-01,53,15939,SI,0.0033251772382207165
2019-03-01,81,17506,SI,0.004626985033702731
2019-04-01,69,17159,SI,0.0040212133574217615
2019-05-01,72,17684,SI,0.00407147704139335
2019-06-01,72,16630,SI,0.004329524954900782
2019-07-01,71,17127,SI,0.004145501255327845
2019-08-01,53,16197,SI,0.003272210903253689
2019-09-01,101,16535,SI,0.006108255216208044
2019-10-01,90,17018,SI,0.005288518039722647
2019-11-01,59,16716,SI,0.003529552524527399
2019-12-01,63,15681,SI,0.004017600918308781
2020-01-01,52,15727,SI,0.003306415718191645
2020-02-01,48,15295,SI,0.0031382804838182413
2020-03-01,34,18311,SI,0.0018568073835399487
2020-04-01,51,17092,SI,0.0029838520945471565
2020-05-01,69,18053,SI,0.003822079432781255
2020-06-01,69,17119,SI,0.0040306092645598455
2020-07-01,50,16898,SI,0.002958930050893597
2020-08-01,36,15891,SI,0.0022654332641117614
2020-09-01,44,15088,SI,0.0029162248144220574
2020-10-01,29,10144,SI,0.002858832807570978
2020-11-01,21,9794,SI,0.002144169899938738
2020-12-01,34,15099,SI,0.0022518047552818068
2021-01-01,52,14383,SI,0.003615379267190433
2021-02-01,59,13018,SI,0.004532186203717929
2021-03-01,68,15318,SI,0.004439221830526178
2021-04-01,38,14060,SI,0.002702702702702703
2021-05-01,98,14684,SI,0.006673930809043857
2021-06-01,126,15316,SI,0.008226691042047532
2021-07-01,80,15542,SI,0.0051473426843392095
2021-08-01,46,13337,SI,0.0034490515108345204
2021-09-01,76,16071,SI,0.004729014995955448
2021-10-01,173,17534,SI,0.009866544998289038
2021-11-01,150,17205,SI,0.008718395815170008
2021-12-01,160,17145,SI,0.009332166812481774
2022-01-01,185,15443,SI,0.01197953765460079
2022-02-01,187,13573,SI,0.013777352096073087
2022-03-01,252,15606,SI,0.016147635524798153
2022-04-01,246,14766,SI,0.016659894351889477
2022-05-01,284,15104,SI,0.018802966101694914
2022-06-01,369,15129,SI,0.024390243902439025
2022-07-01,352,14561,SI,0.02417416386237209
2022-08-01,275,12795,SI,0.021492770613520906
2022-09-01,303,11810,SI,0.025656223539373413
2022-10-01,315,11992,SI,0.026267511674449632
2022-11-01,241,11239,SI,0.021443188895809234
2022-12-01,210,10990,SI,0.01910828025477707
2023-01-01,234,10919,SI,0.021430533931678725
2023-02-01,215,9852,SI,0.02182298010556232
2023-03-01,191,9661,SI,0.019770210123175654
2023-04-01,176,7641,SI,0.023033634341054834
2023-05-01,222,9169,SI,0.024212018758861382
2023-06-01,169,8721,SI,0.01937851163857356
2023-07-01,110,7684,SI,0.014315460697553357
2023-08-01,73,7779,SI,0.009384239619488366
2023-09-01,111,7646,SI,0.014517394716191472
2023-10-01,163,6933,SI,0.023510745708928315
2023-11-01,203,7463,SI,0.027200857563982314
2023-12-01,217,7698,SI,0.028189140036373083
2024-01-01,157,7123,SI,0.02204127474378773
2024-02-01,132,7423,SI,0.01778256769500202
2024-03-01,140,8387,SI,0.01669250029808036
2024-04-01,115,8299,SI,0.013857091215809133
2024-05-01,102,7835,SI,0.013018506700701978
2024-06-01,153,8816,SI,0.01735480943738657
2024-07-01,103,8107,SI,0.012705069692858024
2024-08-01,83,7081,SI,0.011721508261544979
2024-09-01,132,8016,SI,0.016467065868263474
2024-10-01,125,7590,SI,0.016469038208168644
2024-11-01,152,7646,SI,0.019879675647397333
2024-12-01,141,8143,SI,0.017315485693233452
2025-01-01,105,7679,SI,0.013673655423883319
2025-02-01,124,7476,SI,0.01658640984483681
2025-03-01,144,7968,SI,0.018072289156626505
2025-04-01,212,8105,SI,0.026156693399136337
2025-05-01,143,7879,SI,0.018149511359309558
2025-06-01,69,4100,SI,0.016829268292682928
2025-07-01,141,7983,SI,0.017662532882375046
2025-08-01,137,8309,SI,0.016488145384522805
2025-09-01,114,8437,SI,0.013511911816996562
2025-10-01,90,7716,SI,0.01166407465007776
2025-11-01,54,7194,SI,0.007506255212677231
2025-12-01,106,7884,SI,0.013444951801116184
2017-01-01,3733,517982,ES,0.007206814136398562
2017-02-01,3381,497507,ES,0.00679588427901517
2017-03-01,3274,558505,ES,0.005862078226694479
2017-04-01,2366,455847,ES,0.005190337986210285
2017-05-01,1989,462746,ES,0.004298254333911044
2017-06-01,2143,436592,ES,0.004908472899182761
2017-07-01,2349,365450,ES,0.006427691886715009
2017-08-01,1802,336908,ES,0.005348641172070714
2017-09-01,2705,394148,ES,0.006862904289759177
2017-10-01,2179,423620,ES,0.005143760917803692
2017-11-01,2231,419326,ES,0.005320442805836032
2017-12-01,1910,325325,ES,0.005871052024898179
2018-01-01,2570,370847,ES,0.006930081677888725
2018-02-01,2638,363856,ES,0.007250120926960116
2018-03-01,2725,384380,ES,0.007089338675269265
2018-04-01,2200,381564,ES,0.0057657430994538265
2018-05-01,2696,403364,ES,0.006683789331720233
2018-06-01,2607,388427,ES,0.006711685850880603
2018-07-01,1207,345473,ES,0.0034937607280453174
2018-08-01,1479,278349,ES,0.005313473373355033
2018-09-01,2681,356477,ES,0.007520821820201584
2018-10-01,2274,387381,ES,0.00587018981312971
2018-11-01,1853,368859,ES,0.005023599803719036
2018-12-01,2210,336972,ES,0.006558408413755446
2019-01-01,2040,356139,ES,0.005728100545011919
2019-02-01,1792,336879,ES,0.005319417357567554
2019-03-01,1889,361803,ES,0.005221073346544943
2019-04-01,1739,329476,ES,0.005278077917663199
2019-05-01,1648,332461,ES,0.004956972396762327
2019-06-01,2035,298134,ES,0.006825789745550658
2019-07-01,1755,303177,ES,0.00578869769144757
2019-08-01,1846,260039,ES,0.007098935159726041
2019-09-01,1958,297002,ES,0.006592548198328631
2019-10-01,1844,328113,ES,0.005620015055788707
2019-11-01,1221,304518,ES,0.004009615195160877
2019-12-01,1286,268846,ES,0.00478340760137774
2020-01-01,1295,285558,ES,0.004534980634407021
2020-02-01,1010,287693,ES,0.0035106867389891306
2020-03-01,810,354905,ES,0.0022823008974232543
2020-04-01,1016,328933,ES,0.0030887749176884047
2020-05-01,854,325790,ES,0.0026213204825194145
2020-06-01,815,315310,ES,0.0025847578573467383
2020-07-01,875,315316,ES,0.0027749939742987987
2020-08-01,841,273911,ES,0.003070340366031302
2020-09-01,1247,299125,ES,0.004168825741746761
2020-10-01,719,206054,ES,0.0034893765711900763
2020-11-01,529,198283,ES,0.0026679039554576033
2020-12-01,1194,290838,ES,0.004105378251810286
2021-01-01,1112,296764,ES,0.0037470852259708053
2021-02-01,847,285673,ES,0.002964928432158447
2021-03-01,1345,309136,ES,0.004350835878060142
2021-04-01,1126,277001,ES,0.004064967274486374
2021-05-01,1294,267290,ES,0.004841183733024056
2021-06-01,1365,248622,ES,0.0054902623259405845
2021-07-01,1453,233947,ES,0.006210808430969408
2021-08-01,1077,175968,ES,0.006120430987452264
2021-09-01,2124,232237,ES,0.009145829475923302
2021-10-01,2951,237164,ES,0.012442866539609722
2021-11-01,3192,236497,ES,0.01349699996194455
2021-12-01,2791,193344,ES,0.014435410460112546
2022-01-01,3066,173011,ES,0.017721416557328725
2022-02-01,2586,166996,ES,0.015485400847924501
2022-03-01,4961,181695,ES,0.027303998458955942
2022-04-01,5717,162476,ES,0.03518673527167089
2022-05-01,4812,173958,ES,0.027661849411927016
2022-06-01,6285,166195,ES,0.037817022172748876
2022-07-01,7818,148150,ES,0.05277084036449545
2022-08-01,5195,130932,ES,0.039677084288027374
2022-09-01,7304,148251,ES,0.04926779583274312
2022-10-01,7145,151047,ES,0.04730315729541136
2022-11-01,4933,134026,ES,0.03680629131661021
2022-12-01,4755,128369,ES,0.037041653358676936
2023-01-01,4767,133504,ES,0.03570679530201342
2023-02-01,3762,131517,ES,0.028604667077259973
2023-03-01,4285,145943,ES,0.029360777837923024
2023-04-01,3135,118447,ES,0.026467534002549663
2023-05-01,3677,140143,ES,0.026237485996446486
2023-06-01,3246,131311,ES,0.02471993968517489
2023-07-01,2977,123852,ES,0.024036753544553178
2023-08-01,2041,106254,ES,0.019208688614075705
2023-09-01,2692,119953,ES,0.022442123164906257
2023-10-01,2441,112411,ES,0.02171495672131731
2023-11-01,2493,119641,ES,0.020837338370625454
2023-12-01,2615,120865,ES,0.0216357092624002
2024-01-01,2142,116281,ES,0.018420894213156062
2024-02-01,2088,150215,ES,0.01390007655693506
2024-03-01,2472,164208,ES,0.015054077755042385
2024-04-01,2491,178423,ES,0.013961204553224641
2024-05-01,2115,172280,ES,0.012276526584629672
2024-06-01,2412,180679,ES,0.013349642183098202
2024-07-01,2139,172794,ES,0.012378902045209902
2024-08-01,1759,143799,ES,0.01223235210258764
2024-09-01,2364,177570,ES,0.01331305963845244
2024-10-01,2249,177883,ES,0.0126431418404232
2024-11-01,2324,180342,ES,0.01288662652072174
2024-12-01,2388,170438,ES,0.014010959997183726
2025-01-01,2222,167097,ES,0.013297665427865252
2025-02-01,1993,165200,ES,0.012064164648910412
2025-03-01,2108,176160,ES,0.011966394187102634
2025-04-01,2534,163959,ES,0.015455083283015876
2025-05-01,1488,161519,ES,0.009212538462967206
2025-06-01,872,78328,ES,0.011132672862833214
2025-07-01,1586,158746,ES,0.009990802917868797
2025-08-01,1607,147148,ES,0.010920977519232338
2025-09-01,1919,166325,ES,0.011537652186983317
2025-10-01,2068,179924,ES,0.011493741802094217
2025-11-01,2114,173716,ES,0.01216928780308089
2025-12-01,2554,170143,ES,0.015010902593700593
2017-01-01,581,79939,CH,0.007268041881934976
2017-02-01,278,73653,CH,0.0037744558945324697
2017-03-01,625,84975,CH,0.0073551044424830835
2017-04-01,631,72163,CH,0.008744093233374444
2017-05-01,352,73533,CH,0.004786966396039873
2017-06-01,576,68709,CH,0.00838318124263197
2017-07-01,441,60335,CH,0.007309190353857628
2017-08-01,324,62970,CH,0.005145307289185327
2017-09-01,403,66290,CH,0.006079348317996681
2017-10-01,475,67895,CH,0.006996096914353045
2017-11-01,523,70508,CH,0.007417598003063482
2017-12-01,359,53117,CH,0.006758664834233861
2018-01-01,415,59900,CH,0.006928213689482471
2018-02-01,469,53775,CH,0.008721524872152487
2018-03-01,393,65885,CH,0.005964938908704561
2018-04-01,347,62365,CH,0.005564018279483685
2018-05-01,407,68415,CH,0.0059489877950741794
2018-06-01,470,77795,CH,0.006041519377852047
2018-07-01,430,76358,CH,0.005631368029545038
2018-08-01,687,80533,CH,0.008530664448114438
2018-09-01,609,79723,CH,0.007638949863903767
2018-10-01,495,83217,CH,0.005948303832149681
2018-11-01,521,80974,CH,0.006434164052658878
2018-12-01,471,60246,CH,0.007817946419679315
2019-01-01,332,68567,CH,0.004841979377834819
2019-02-01,268,63237,CH,0.004238025206761864
2019-03-01,274,65641,CH,0.004174220380554836
2019-04-01,230,62579,CH,0.003675354352098947
2019-05-01,238,66542,CH,0.0035766884073216917
2019-06-01,311,62807,CH,0.004951677360803732
2019-07-01,281,64359,CH,0.0043661337186718255
2019-08-01,240,60838,CH,0.003944902856767152
2019-09-01,375,59821,CH,0.006268701626519115
2019-10-01,352,61754,CH,0.0057000356252226575
2019-11-01,253,59548,CH,0.004248673339154968
2019-12-01,357,53990,CH,0.006612335617706982
2020-01-01,247,56133,CH,0.004400263659522919
2020-02-01,156,53029,CH,0.0029417865696128535
2020-03-01,240,61954,CH,0.003873841882687155
2020-04-01,121,58605,CH,0.002064670249978671
2020-05-01,147,56317,CH,0.002610224266207362
2020-06-01,201,57659,CH,0.0034860125912693596
2020-07-01,148,57478,CH,0.00257489822192839
2020-08-01,174,57116,CH,0.0030464318229567896
2020-09-01,154,56832,CH,0.002709740990990991
2020-10-01,107,36261,CH,0.002950828714045393
2020-11-01,92,38040,CH,0.00241850683491062
2020-12-01,155,53835,CH,0.002879167827621436
2021-01-01,151,52244,CH,0.0028902840517571397
2021-02-01,176,43145,CH,0.0040792675860470504
2021-03-01,294,49137,CH,0.005983271261981806
2021-04-01,108,42090,CH,0.0025659301496792587
2021-05-01,324,41948,CH,0.00772384857442548
2021-06-01,420,42758,CH,0.00982272323307919
2021-07-01,321,39709,CH,0.008083809715681584
2021-08-01,196,31404,CH,0.0062412431537383775
2021-09-01,230,34036,CH,0.006757550828534493
2021-10-01,298,29565,CH,0.010079485878572637
2021-11-01,281,28274,CH,0.009938459361957983
2021-12-01,360,27022,CH,0.013322477980904449
2022-01-01,429,27650,CH,0.015515370705244122
2022-02-01,334,25407,CH,0.01314598339040422
2022-03-01,520,28263,CH,0.018398613027633303
2022-04-01,441,22473,CH,0.01962354825790949
2022-05-01,458,24203,CH,0.018923273974300707
2022-06-01,694,23358,CH,0.029711447897936467
2022-07-01,647,20613,CH,0.03138795905496531
2022-08-01,811,21043,CH,0.03854013211044053
2022-09-01,732,21102,CH,0.034688655103781635
2022-10-01,562,19954,CH,0.028164778991680867
2022-11-01,509,18822,CH,0.02704282222930613
2022-12-01,525,18847,CH,0.027855892184432535
2023-01-01,376,19159,CH,0.01962524140090819
2023-02-01,229,16793,CH,0.013636634311915679
2023-03-01,318,15543,CH,0.020459370777842115
2023-04-01,122,9100,CH,0.013406593406593406
2023-05-01,132,10220,CH,0.012915851272015656
2023-06-01,166,10385,CH,0.01598459316321618
2023-07-01,123,9037,CH,0.013610711519309506
2023-08-01,104,9073,CH,0.01146258128513171
2023-09-01,180,10809,CH,0.01665278934221482
2023-10-01,157,10604,CH,0.014805733685401735
2023-11-01,232,12200,CH,0.01901639344262295
2023-12-01,278,12422,CH,0.022379649009821284
2024-01-01,225,12416,CH,0.018121778350515465
2024-02-01,226,12991,CH,0.017396659225617735
2024-03-01,253,13633,CH,0.018557910951368006
2024-04-01,181,12827,CH,0.014110859904888126
2024-05-01,117,12644,CH,0.009253400822524517
2024-06-01,167,13562,CH,0.012313818020940864
2024-07-01,94,12482,CH,0.007530844415958981
2024-08-01,110,11375,CH,0.00967032967032967
2024-09-01,158,12689,CH,0.01245172984474742
2024-10-01,115,11799,CH,0.009746588693957114
2024-11-01,133,13043,CH,0.010197040558153798
2024-12-01,249,14202,CH,0.01753274186734263
2025-01-01,185,13700,CH,0.013503649635036497
2025-02-01,142,12850,CH,0.011050583657587548
2025-03-01,230,15201,CH,0.015130583514242483
2025-04-01,224,14647,CH,0.015293234109373933
2025-05-01,144,14883,CH,0.009675468655513001
2025-06-01,96,7210,CH,0.01331484049930652
2025-07-01,139,11949,CH,0.011632772616955394
2025-08-01,148,12772,CH,0.011587848418415283
2025-09-01,139,13048,CH,0.010652973635806254
2025-10-01,123,12685,CH,0.009696491919590067
2025-11-01,102,12254,CH,0.00832381263260976
2025-12-01,196,13467,CH,0.014554095195663475
2017-01-01,7763,580974,GB,0.013362043740339499
2017-02-01,8401,541039,GB,0.015527531287023671
2017-03-01,6979,607937,GB,0.011479807940625426
2017-04-01,5951,538128,GB,0.011058707222073558
2017-05-01,7079,546667,GB,0.012949382347937593
2017-06-01,6077,528107,GB,0.011507137758067967
2017-07-01,5878,455518,GB,0.012903990621665884
2017-08-01,5763,478139,GB,0.01205298040946252
2017-09-01,6934,490992,GB,0.014122429693355493
2017-10-01,8173,529728,GB,0.01542867282831944
2017-11-01,9580,552445,GB,0.017341092778466634
2017-12-01,5795,456362,GB,0.012698252702898137
2018-01-01,7288,511424,GB,0.014250406707545989
2018-02-01,6164,470858,GB,0.01309099558677988
2018-03-01,6110,514712,GB,0.011870716050917794
2018-04-01,5801,508544,GB,0.011407075887238863
2018-05-01,4680,534013,GB,0.008763831592114798
2018-06-01,4306,517909,GB,0.008314201915780571
2018-07-01,4388,546814,GB,0.008024666522803
2018-08-01,5889,563794,GB,0.010445304490647293
2018-09-01,4369,566340,GB,0.007714447151887559
2018-10-01,5687,588653,GB,0.009661039695712074
2018-11-01,3829,552785,GB,0.00692674367068571
2018-12-01,3099,471619,GB,0.006570982085115315
2019-01-01,4316,485270,GB,0.008894017763307026
2019-02-01,4336,505063,GB,0.00858506760542744
2019-03-01,4229,556243,GB,0.007602792304802038
2019-04-01,3841,537829,GB,0.007141675142099069
2019-05-01,3595,556234,GB,0.006463107253422121
2019-06-01,3589,509909,GB,0.007038510793102299
2019-07-01,4221,536282,GB,0.00787085898836806
2019-08-01,4418,503068,GB,0.00878211295490868
2019-09-01,4511,512197,GB,0.008807158183277137
2019-10-01,3082,537200,GB,0.0057371556217423675
2019-11-01,3963,501354,GB,0.007904594358477244
2019-12-01,3068,462152,GB,0.006638508542643979
2020-01-01,3923,504949,GB,0.0077691014340062065
2020-02-01,2807,488115,GB,0.0057506939962918575
2020-03-01,2522,557745,GB,0.004521779666334974
2020-04-01,1639,516564,GB,0.0031728885481760245
2020-05-01,1523,477990,GB,0.003186259126759974
2020-06-01,2066,504000,GB,0.004099206349206349
2020-07-01,2287,511476,GB,0.004471373045851614
2020-08-01,4484,468863,GB,0.009563561210844106
2020-09-01,1912,476050,GB,0.00401638483352589
2020-10-01,1448,304824,GB,0.004750282130016009
2020-11-01,2010,332325,GB,0.006048296095689461
2020-12-01,2007,479421,GB,0.004186299724042126
2021-01-01,2201,494382,GB,0.004452022929637406
2021-02-01,3581,465128,GB,0.007698955986309145
2021-03-01,6616,500826,GB,0.013210176787946313
2021-04-01,2716,426735,GB,0.006364605668623385
2021-05-01,3145,431969,GB,0.007280615044135111
2021-06-01,3846,402689,GB,0.009550794782077484
2021-07-01,4664,409581,GB,0.011387246967022396
2021-08-01,3731,346684,GB,0.010761961901904905
2021-09-01,6047,414529,GB,0.014587640430464455
2021-10-01,7961,428924,GB,0.018560397646203056
2021-11-01,5822,419947,GB,0.013863654223032906
2021-12-01,6103,442359,GB,0.013796486564080305
2022-01-01,11617,494510,GB,0.02349194151786617
2022-02-01,10402,469805,GB,0.022141101095135216
2022-03-01,13899,518751,GB,0.026793201362503398
2022-04-01,11026,472641,GB,0.023328488218330615
2022-05-01,18815,490660,GB,0.038346309053112135
2022-06-01,18178,458499,GB,0.03964676040732913
2022-07-01,23924,447219,GB,0.05349504381522252
2022-08-01,23746,389058,GB,0.061034601524708396
2022-09-01,20901,389325,GB,0.0536852244268927
2022-10-01,22240,396171,GB,0.056137375022401945
2022-11-01,23322,388157,GB,0.06008393510873178
2022-12-01,18677,373066,GB,0.050063527633180185
2023-01-01,20768,397816,GB,0.05220503951575603
2023-02-01,16505,367295,GB,0.04493663131815026
2023-03-01,15928,339273,GB,0.04694744350419868
2023-04-01,7199,190639,GB,0.03776247252660788
2023-05-01,8288,213902,GB,0.03874671578573365
2023-06-01,9031,207221,GB,0.04358149029297224
2023-07-01,8256,202606,GB,0.04074904000868681
2023-08-01,7015,203737,GB,0.03443164471843602
2023-09-01,8216,219766,GB,0.03738521882365789
2023-10-01,6249,198702,GB,0.03144910468943443
2023-11-01,6304,206614,GB,0.030511001190625997
2023-12-01,5612,201779,GB,0.02781260686196284
2024-01-01,6366,207753,GB,0.030642156791959682
2024-02-01,5927,215887,GB,0.02745417741688939
2024-03-01,7120,235307,GB,0.030258343355701274
2024-04-01,5750,227839,GB,0.025237119193816687
2024-05-01,5356,223664,GB,0.02394663423706989
2024-06-01,6329,242712,GB,0.02607617258314381
2024-07-01,5233,235625,GB,0.02220901856763926
2024-08-01,4155,218706,GB,0.018998107047817618
2024-09-01,5823,242388,GB,0.024023466508242983
2024-10-01,4590,229865,GB,0.019968242229134493
2024-11-01,5452,234529,GB,0.023246592105880298
2024-12-01,4691,207752,GB,0.022579806692595017
2025-01-01,4396,208866,GB,0.021046987063476106
2025-02-01,3913,190488,GB,0.020541976397463357
2025-03-01,4840,217453,GB,0.02225768326948812
2025-04-01,4266,214095,GB,0.019925733903173825
2025-05-01,3102,174030,GB,0.017824513014997413
2025-06-01,1647,100204,GB,0.016436469602011897
2025-07-01,3568,214298,GB,0.0166497120831739
2025-08-01,4550,218089,GB,0.020863042152515717
2025-09-01,4333,216647,GB,0.0200002769482153
2025-10-01,4409,228618,GB,0.019285445590460942
2025-11-01,5872,215285,GB,0.027275472048679656
2025-12-01,3766,203320,GB,0.0185225260672831
2017-01-01,38248,5049731,US,0.007574264846978978
2017-02-01,34939,4822626,US,0.007244808119062104
2017-03-01,40646,5073966,US,0.008010696169426441
2017-04-01,28990,4435651,US,0.006535681008266881
2017-05-01,32007,4414019,US,0.0072512148225913845
2017-06-01,31384,4116475,US,0.007623998688198033
2017-07-01,31192,3368078,US,0.009261068181912652
2017-08-01,29211,3780257,US,0.00772725240638401
2017-09-01,27505,3678497,US,0.007477238665683294
2017-10-01,28597,3997677,US,0.007153404339570206
2017-11-01,32285,3985548,US,0.008100517168529898
2017-12-01,28672,3351360,US,0.008555332760431586
2018-01-01,30981,3471576,US,0.008924188898644304
2018-02-01,46915,3243444,US,0.014464562976885064
2018-03-01,31649,3769916,US,0.008395147265880726
2018-04-01,26961,3673014,US,0.007340293285024234
2018-05-01,31208,3930172,US,0.007940619392739046
2018-06-01,26809,3885492,US,0.006899769707414145
2018-07-01,27113,4033205,US,0.006722445300945526
2018-08-01,34310,4076035,US,0.008417493961656364
2018-09-01,29014,3859087,US,0.00751835861694748
2018-10-01,34165,4097560,US,0.008337888889973544
2018-11-01,24669,3861681,US,0.00638815065252671
2018-12-01,24046,3283734,US,0.007322761222437627
2019-01-01,25692,3546309,US,0.007244715562011094
2019-02-01,26067,3463753,US,0.007525652088933593
2019-03-01,26317,3777200,US,0.006967330297574923
2019-04-01,25706,3729950,US,0.006891781391171464
2019-05-01,25312,3786549,US,0.006684714762703454
2019-06-01,23246,3350636,US,0.00693778733350922
2019-07-01,30376,3374116,US,0.009002654324866128
2019-08-01,24103,3404665,US,0.007079404287940223
2019-09-01,21339,3203411,US,0.006661336931164936
2019-10-01,21649,3448555,US,0.006277701820037668
2019-11-01,18752,3059963,US,0.006128178674055863
2019-12-01,19620,2786561,US,0.0070409368393514445
2020-01-01,17200,3017865,US,0.005699393445366178
2020-02-01,16387,2868875,US,0.005711995120038342
2020-03-01,11790,3274258,US,0.003600815818423594
2020-04-01,11569,3025740,US,0.0038235274676608035
2020-05-01,13318,2822737,US,0.0047181157862032485
2020-06-01,13311,2726765,US,0.004881608792836933
2020-07-01,13743,2742729,US,0.005010702843773482
2020-08-01,14796,2618496,US,0.005650571931368236
2020-09-01,15012,2456002,US,0.006112372872660527
2020-10-01,7090,1257711,US,0.0056372250858901605
2020-11-01,6046,1269771,US,0.004761488488869253
2020-12-01,12190,2343342,US,0.005201972225991767
2021-01-01,14532,2446075,US,0.005940946209744182
2021-02-01,19799,2328473,US,0.00850299745799071
2021-03-01,29507,2578551,US,0.011443248553160283
2021-04-01,20877,2356441,US,0.008859547088172375
2021-05-01,29753,2292129,US,0.012980508514136856
2021-06-01,32571,2315045,US,0.014069272951497703
2021-07-01,31844,2245527,US,0.014181080877673705
2021-08-01,21817,1793148,US,0.012166870776979926
2021-09-01,25647,2212903,US,0.011589753369216816
2021-10-01,36297,2248374,US,0.016143666489649853
2021-11-01,54069,2120747,US,0.02549526181105054
2021-12-01,43903,2026271,US,0.021666894507200666
2022-01-01,51372,2062495,US,0.024907696745931504
2022-02-01,45355,1911573,US,0.023726533069885376
2022-03-01,67204,2184582,US,0.03076286447475993
2022-04-01,64644,2033437,US,0.0317905103526689
2022-05-01,79488,2095796,US,0.037927355525060644
2022-06-01,87144,2000074,US,0.043570387895647864
2022-07-01,88317,1900229,US,0.046477029873767846
2022-08-01,98286,1992569,US,0.04932627176273444
2022-09-01,84745,1898878,US,0.044628986169727596
2022-10-01,90979,1872664,US,0.04858266085106565
2022-11-01,86877,1785656,US,0.04865270802438992
2022-12-01,64154,1748334,US,0.03669436160367527
2023-01-01,60384,1856804,US,0.03252039525981202
2023-02-01,60382,1535629,US,0.03932069529814818
2023-03-01,52101,1391023,US,0.037455167887231196
2023-04-01,30173,1085276,US,0.027802144339320135
2023-05-01,34271,663902,US,0.05162057050588792
2023-06-01,28398,1116764,US,0.02542882829317564
2023-07-01,25140,963300,US,0.02609778885082529
2023-08-01,25699,1042556,US,0.024649994820422117
2023-09-01,23929,966406,US,0.02476081481282194
2023-10-01,21534,887220,US,0.02427131940217759
2023-11-01,24000,868568,US,0.027631688019821132
2023-12-01,23640,895338,US,0.026403436467568674
2024-01-01,20712,872165,US,0.023747800014905437
2024-02-01,21495,958253,US,0.022431445557697185
2024-03-01,24239,1015000,US,0.023880788177339903
2024-04-01,21905,932476,US,0.023491221221779435
2024-05-01,22050,810707,US,0.027198482312352057
2024-06-01,23025,980982,US,0.023471378679731127
2024-07-01,23335,496443,US,0.04700438922494627
2024-08-01,23860,641643,US,0.03718578711214803
2024-09-01,24101,765526,US,0.03148292807821028
2024-10-01,22735,745946,US,0.030478077501588586
2024-11-01,23714,899941,US,0.026350616318180857
2024-12-01,20079,665977,US,0.030149689854154123
2025-01-01,19309,725067,US,0.02663064240959801
2025-02-01,18347,833424,US,0.022014004876269463
2025-03-01,20596,947080,US,0.021746842927735776
2025-04-01,22193,976686,US,0.022722758389083084
2025-05-01,16993,928218,US,0.018307121818365944
2025-06-01,7492,197089,US,0.03801328333899913
2025-07-01,17175,749765,US,0.022907177582309122
2025-08-01,20348,999881,US,0.020350421700182322
2025-09-01,17911,945117,US,0.01895109282766049
2025-10-01,17191,963550,US,0.01784131596699704
2025-11-01,17623,698056,US,0.025245825549812622
2025-12-01,18042,667134,US,0.027044042126469346
