GEO,LANGUAGE,QOUTE,TIME,VALUE
BE,nl,inflatie,2014-01-01,36
BE,nl,inflatie,2014-02-01,31
BE,nl,inflatie,2014-03-01,23
BE,nl,inflatie,2014-04-01,22
BE,nl,inflatie,2014-05-01,26
BE,nl,inflatie,2014-06-01,32
BE,nl,inflatie,2014-07-01,14
BE,nl,inflatie,2014-08-01,18
BE,nl,inflatie,2014-09-01,31
BE,nl,inflatie,2014-10-01,29
BE,nl,inflatie,2014-11-01,33
BE,nl,inflatie,2014-12-01,25
BE,nl,inflatie,2015-01-01,37
BE,nl,inflatie,2015-02-01,24
BE,nl,inflatie,2015-03-01,28
BE,nl,inflatie,2015-04-01,16
BE,nl,inflatie,2015-05-01,25
BE,nl,inflatie,2015-06-01,25
BE,nl,inflatie,2015-07-01,12
BE,nl,inflatie,2015-08-01,14
BE,nl,inflatie,2015-09-01,26
BE,nl,inflatie,2015-10-01,24
BE,nl,inflatie,2015-11-01,23
BE,nl,inflatie,2015-12-01,32
BE,nl,inflatie,2016-01-01,30
BE,nl,inflatie,2016-02-01,20
BE,nl,inflatie,2016-03-01,27
BE,nl,inflatie,2016-04-01,23
BE,nl,inflatie,2016-05-01,29
BE,nl,inflatie,2016-06-01,26
BE,nl,inflatie,2016-07-01,12
BE,nl,inflatie,2016-08-01,15
BE,nl,inflatie,2016-09-01,20
BE,nl,inflatie,2016-10-01,21
BE,nl,inflatie,2016-11-01,24
BE,nl,inflatie,2016-12-01,36
BE,nl,inflatie,2017-01-01,32
BE,nl,inflatie,2017-02-01,28
BE,nl,inflatie,2017-03-01,23
BE,nl,inflatie,2017-04-01,18
BE,nl,inflatie,2017-05-01,26
BE,nl,inflatie,2017-06-01,32
BE,nl,inflatie,2017-07-01,10
BE,nl,inflatie,2017-08-01,14
BE,nl,inflatie,2017-09-01,19
BE,nl,inflatie,2017-10-01,26
BE,nl,inflatie,2017-11-01,27
BE,nl,inflatie,2017-12-01,23
BE,nl,inflatie,2018-01-01,31
BE,nl,inflatie,2018-02-01,23
BE,nl,inflatie,2018-03-01,21
BE,nl,inflatie,2018-04-01,21
BE,nl,inflatie,2018-05-01,27
BE,nl,inflatie,2018-06-01,26
BE,nl,inflatie,2018-07-01,15
BE,nl,inflatie,2018-08-01,26
BE,nl,inflatie,2018-09-01,20
BE,nl,inflatie,2018-10-01,23
BE,nl,inflatie,2018-11-01,62
BE,nl,inflatie,2018-12-01,26
BE,nl,inflatie,2019-01-01,28
BE,nl,inflatie,2019-02-01,22
BE,nl,inflatie,2019-03-01,21
BE,nl,inflatie,2019-04-01,19
BE,nl,inflatie,2019-05-01,20
BE,nl,inflatie,2019-06-01,31
BE,nl,inflatie,2019-07-01,13
BE,nl,inflatie,2019-08-01,16
BE,nl,inflatie,2019-09-01,21
BE,nl,inflatie,2019-10-01,26
BE,nl,inflatie,2019-11-01,26
BE,nl,inflatie,2019-12-01,23
BE,nl,inflatie,2020-01-01,28
BE,nl,inflatie,2020-02-01,18
BE,nl,inflatie,2020-03-01,24
BE,nl,inflatie,2020-04-01,29
BE,nl,inflatie,2020-05-01,29
BE,nl,inflatie,2020-06-01,28
BE,nl,inflatie,2020-07-01,13
BE,nl,inflatie,2020-08-01,21
BE,nl,inflatie,2020-09-01,26
BE,nl,inflatie,2020-10-01,25
BE,nl,inflatie,2020-11-01,25
BE,nl,inflatie,2020-12-01,23
BE,nl,inflatie,2021-01-01,35
BE,nl,inflatie,2021-02-01,31
BE,nl,inflatie,2021-03-01,35
BE,nl,inflatie,2021-04-01,26
BE,nl,inflatie,2021-05-01,53
BE,nl,inflatie,2021-06-01,32
BE,nl,inflatie,2021-07-01,17
BE,nl,inflatie,2021-08-01,25
BE,nl,inflatie,2021-09-01,44
BE,nl,inflatie,2021-10-01,46
BE,nl,inflatie,2021-11-01,64
BE,nl,inflatie,2021-12-01,69
BE,nl,inflatie,2022-01-01,95
BE,nl,inflatie,2022-02-01,85
BE,nl,inflatie,2022-03-01,97
BE,nl,inflatie,2022-04-01,82
BE,nl,inflatie,2022-05-01,97
BE,nl,inflatie,2022-06-01,98
BE,nl,inflatie,2022-07-01,55
BE,nl,inflatie,2022-08-01,78
BE,nl,inflatie,2022-09-01,100
BE,nl,inflatie,2022-10-01,95
BE,nl,inflatie,2022-11-01,98
BE,nl,inflatie,2022-12-01,77
BE,nl,inflatie,2023-01-01,80
BE,nl,inflatie,2023-02-01,59
BE,nl,inflatie,2023-03-01,68
BE,nl,inflatie,2023-04-01,41
BE,nl,inflatie,2023-05-01,50
BE,nl,inflatie,2023-06-01,57
BE,nl,inflatie,2023-07-01,33
BE,nl,inflatie,2023-08-01,53
BE,nl,inflatie,2023-09-01,59
BE,nl,inflatie,2023-10-01,59
BE,nl,inflatie,2023-11-01,60
BE,nl,inflatie,2023-12-01,53
BE,nl,inflatie,2024-01-01,61
BE,nl,inflatie,2024-02-01,52
BE,nl,inflatie,2024-03-01,48
BE,nl,inflatie,2024-04-01,50
BE,nl,inflatie,2024-05-01,45
BE,nl,inflatie,2024-06-01,47
BE,nl,inflatie,2024-07-01,32
BE,nl,inflatie,2024-08-01,40
BE,nl,inflatie,2024-09-01,50
BE,nl,inflatie,2024-10-01,55
BE,nl,inflatie,2024-11-01,63
BE,nl,inflatie,2024-12-01,55
BE,nl,inflatie,2025-01-01,70
BE,nl,inflatie,2025-02-01,53
BE,nl,inflatie,2025-03-01,51
BE,nl,inflatie,2025-04-01,46
BE,nl,inflatie,2025-05-01,41
BE,nl,inflatie,2025-06-01,41
BE,nl,inflatie,2025-07-01,32
BE,nl,inflatie,2025-08-01,41
BE,nl,inflatie,2025-09-01,44
BE,nl,inflatie,2025-10-01,46
BE,nl,inflatie,2025-11-01,53
BE,nl,inflatie,2025-12-01,49
BE,nl,inflatie,2026-01-01,61
BE,nl,inflatie,2026-02-01,37
BE,fr,inflation,2014-01-01,19
BE,fr,inflation,2014-02-01,14
BE,fr,inflation,2014-03-01,15
BE,fr,inflation,2014-04-01,18
BE,fr,inflation,2014-05-01,15
BE,fr,inflation,2014-06-01,17
BE,fr,inflation,2014-07-01,12
BE,fr,inflation,2014-08-01,15
BE,fr,inflation,2014-09-01,13
BE,fr,inflation,2014-10-01,15
BE,fr,inflation,2014-11-01,19
BE,fr,inflation,2014-12-01,17
BE,fr,inflation,2015-01-01,23
BE,fr,inflation,2015-02-01,19
BE,fr,inflation,2015-03-01,18
BE,fr,inflation,2015-04-01,20
BE,fr,inflation,2015-05-01,14
BE,fr,inflation,2015-06-01,16
BE,fr,inflation,2015-07-01,11
BE,fr,inflation,2015-08-01,12
BE,fr,inflation,2015-09-01,12
BE,fr,inflation,2015-10-01,13
BE,fr,inflation,2015-11-01,16
BE,fr,inflation,2015-12-01,16
BE,fr,inflation,2016-01-01,17
BE,fr,inflation,2016-02-01,12
BE,fr,inflation,2016-03-01,15
BE,fr,inflation,2016-04-01,15
BE,fr,inflation,2016-05-01,16
BE,fr,inflation,2016-06-01,15
BE,fr,inflation,2016-07-01,10
BE,fr,inflation,2016-08-01,12
BE,fr,inflation,2016-09-01,14
BE,fr,inflation,2016-10-01,15
BE,fr,inflation,2016-11-01,16
BE,fr,inflation,2016-12-01,15
BE,fr,inflation,2017-01-01,18
BE,fr,inflation,2017-02-01,15
BE,fr,inflation,2017-03-01,16
BE,fr,inflation,2017-04-01,14
BE,fr,inflation,2017-05-01,17
BE,fr,inflation,2017-06-01,17
BE,fr,inflation,2017-07-01,9
BE,fr,inflation,2017-08-01,13
BE,fr,inflation,2017-09-01,11
BE,fr,inflation,2017-10-01,13
BE,fr,inflation,2017-11-01,16
BE,fr,inflation,2017-12-01,15
BE,fr,inflation,2018-01-01,17
BE,fr,inflation,2018-02-01,15
BE,fr,inflation,2018-03-01,13
BE,fr,inflation,2018-04-01,13
BE,fr,inflation,2018-05-01,15
BE,fr,inflation,2018-06-01,12
BE,fr,inflation,2018-07-01,10
BE,fr,inflation,2018-08-01,14
BE,fr,inflation,2018-09-01,13
BE,fr,inflation,2018-10-01,14
BE,fr,inflation,2018-11-01,18
BE,fr,inflation,2018-12-01,13
BE,fr,inflation,2019-01-01,16
BE,fr,inflation,2019-02-01,16
BE,fr,inflation,2019-03-01,12
BE,fr,inflation,2019-04-01,12
BE,fr,inflation,2019-05-01,15
BE,fr,inflation,2019-06-01,14
BE,fr,inflation,2019-07-01,10
BE,fr,inflation,2019-08-01,12
BE,fr,inflation,2019-09-01,13
BE,fr,inflation,2019-10-01,12
BE,fr,inflation,2019-11-01,12
BE,fr,inflation,2019-12-01,13
BE,fr,inflation,2020-01-01,13
BE,fr,inflation,2020-02-01,11
BE,fr,inflation,2020-03-01,15
BE,fr,inflation,2020-04-01,18
BE,fr,inflation,2020-05-01,17
BE,fr,inflation,2020-06-01,16
BE,fr,inflation,2020-07-01,11
BE,fr,inflation,2020-08-01,14
BE,fr,inflation,2020-09-01,13
BE,fr,inflation,2020-10-01,15
BE,fr,inflation,2020-11-01,14
BE,fr,inflation,2020-12-01,17
BE,fr,inflation,2021-01-01,21
BE,fr,inflation,2021-02-01,17
BE,fr,inflation,2021-03-01,21
BE,fr,inflation,2021-04-01,18
BE,fr,inflation,2021-05-01,22
BE,fr,inflation,2021-06-01,19
BE,fr,inflation,2021-07-01,15
BE,fr,inflation,2021-08-01,16
BE,fr,inflation,2021-09-01,21
BE,fr,inflation,2021-10-01,28
BE,fr,inflation,2021-11-01,33
BE,fr,inflation,2021-12-01,36
BE,fr,inflation,2022-01-01,46
BE,fr,inflation,2022-02-01,41
BE,fr,inflation,2022-03-01,46
BE,fr,inflation,2022-04-01,48
BE,fr,inflation,2022-05-01,49
BE,fr,inflation,2022-06-01,59
BE,fr,inflation,2022-07-01,46
BE,fr,inflation,2022-08-01,53
BE,fr,inflation,2022-09-01,60
BE,fr,inflation,2022-10-01,57
BE,fr,inflation,2022-11-01,50
BE,fr,inflation,2022-12-01,46
BE,fr,inflation,2023-01-01,52
BE,fr,inflation,2023-02-01,41
BE,fr,inflation,2023-03-01,43
BE,fr,inflation,2023-04-01,34
BE,fr,inflation,2023-05-01,36
BE,fr,inflation,2023-06-01,36
BE,fr,inflation,2023-07-01,26
BE,fr,inflation,2023-08-01,31
BE,fr,inflation,2023-09-01,35
BE,fr,inflation,2023-10-01,36
BE,fr,inflation,2023-11-01,38
BE,fr,inflation,2023-12-01,34
BE,fr,inflation,2024-01-01,36
BE,fr,inflation,2024-02-01,33
BE,fr,inflation,2024-03-01,33
BE,fr,inflation,2024-04-01,34
BE,fr,inflation,2024-05-01,30
BE,fr,inflation,2024-06-01,26
BE,fr,inflation,2024-07-01,27
BE,fr,inflation,2024-08-01,28
BE,fr,inflation,2024-09-01,28
BE,fr,inflation,2024-10-01,33
BE,fr,inflation,2024-11-01,34
BE,fr,inflation,2024-12-01,32
BE,fr,inflation,2025-01-01,36
BE,fr,inflation,2025-02-01,32
BE,fr,inflation,2025-03-01,31
BE,fr,inflation,2025-04-01,36
BE,fr,inflation,2025-05-01,24
BE,fr,inflation,2025-06-01,26
BE,fr,inflation,2025-07-01,24
BE,fr,inflation,2025-08-01,27
BE,fr,inflation,2025-09-01,30
BE,fr,inflation,2025-10-01,31
BE,fr,inflation,2025-11-01,86
BE,fr,inflation,2025-12-01,100
BE,fr,inflation,2026-01-01,70
BE,fr,inflation,2026-02-01,66
BG,bg,инфлация,2014-01-01,27
BG,bg,инфлация,2014-02-01,22
BG,bg,инфлация,2014-03-01,24
BG,bg,инфлация,2014-04-01,22
BG,bg,инфлация,2014-05-01,24
BG,bg,инфлация,2014-06-01,23
BG,bg,инфлация,2014-07-01,9
BG,bg,инфлация,2014-08-01,12
BG,bg,инфлация,2014-09-01,19
BG,bg,инфлация,2014-10-01,18
BG,bg,инфлация,2014-11-01,18
BG,bg,инфлация,2014-12-01,18
BG,bg,инфлация,2015-01-01,30
BG,bg,инфлация,2015-02-01,21
BG,bg,инфлация,2015-03-01,22
BG,bg,инфлация,2015-04-01,22
BG,bg,инфлация,2015-05-01,20
BG,bg,инфлация,2015-06-01,23
BG,bg,инфлация,2015-07-01,13
BG,bg,инфлация,2015-08-01,14
BG,bg,инфлация,2015-09-01,9
BG,bg,инфлация,2015-10-01,13
BG,bg,инфлация,2015-11-01,15
BG,bg,инфлация,2015-12-01,16
BG,bg,инфлация,2016-01-01,21
BG,bg,инфлация,2016-02-01,11
BG,bg,инфлация,2016-03-01,17
BG,bg,инфлация,2016-04-01,17
BG,bg,инфлация,2016-05-01,14
BG,bg,инфлация,2016-06-01,15
BG,bg,инфлация,2016-07-01,7
BG,bg,инфлация,2016-08-01,9
BG,bg,инфлация,2016-09-01,14
BG,bg,инфлация,2016-10-01,14
BG,bg,инфлация,2016-11-01,13
BG,bg,инфлация,2016-12-01,17
BG,bg,инфлация,2017-01-01,20
BG,bg,инфлация,2017-02-01,16
BG,bg,инфлация,2017-03-01,14
BG,bg,инфлация,2017-04-01,15
BG,bg,инфлация,2017-05-01,19
BG,bg,инфлация,2017-06-01,17
BG,bg,инфлация,2017-07-01,8
BG,bg,инфлация,2017-08-01,7
BG,bg,инфлация,2017-09-01,12
BG,bg,инфлация,2017-10-01,17
BG,bg,инфлация,2017-11-01,16
BG,bg,инфлация,2017-12-01,19
BG,bg,инфлация,2018-01-01,23
BG,bg,инфлация,2018-02-01,23
BG,bg,инфлация,2018-03-01,18
BG,bg,инфлация,2018-04-01,13
BG,bg,инфлация,2018-05-01,18
BG,bg,инфлация,2018-06-01,15
BG,bg,инфлация,2018-07-01,11
BG,bg,инфлация,2018-08-01,15
BG,bg,инфлация,2018-09-01,17
BG,bg,инфлация,2018-10-01,24
BG,bg,инфлация,2018-11-01,20
BG,bg,инфлация,2018-12-01,17
BG,bg,инфлация,2019-01-01,27
BG,bg,инфлация,2019-02-01,25
BG,bg,инфлация,2019-03-01,17
BG,bg,инфлация,2019-04-01,19
BG,bg,инфлация,2019-05-01,16
BG,bg,инфлация,2019-06-01,19
BG,bg,инфлация,2019-07-01,11
BG,bg,инфлация,2019-08-01,14
BG,bg,инфлация,2019-09-01,13
BG,bg,инфлация,2019-10-01,17
BG,bg,инфлация,2019-11-01,15
BG,bg,инфлация,2019-12-01,15
BG,bg,инфлация,2020-01-01,28
BG,bg,инфлация,2020-02-01,30
BG,bg,инфлация,2020-03-01,34
BG,bg,инфлация,2020-04-01,33
BG,bg,инфлация,2020-05-01,24
BG,bg,инфлация,2020-06-01,26
BG,bg,инфлация,2020-07-01,11
BG,bg,инфлация,2020-08-01,15
BG,bg,инфлация,2020-09-01,14
BG,bg,инфлация,2020-10-01,16
BG,bg,инфлация,2020-11-01,13
BG,bg,инфлация,2020-12-01,16
BG,bg,инфлация,2021-01-01,29
BG,bg,инфлация,2021-02-01,23
BG,bg,инфлация,2021-03-01,30
BG,bg,инфлация,2021-04-01,20
BG,bg,инфлация,2021-05-01,28
BG,bg,инфлация,2021-06-01,38
BG,bg,инфлация,2021-07-01,26
BG,bg,инфлация,2021-08-01,26
BG,bg,инфлация,2021-09-01,61
BG,bg,инфлация,2021-10-01,61
BG,bg,инфлация,2021-11-01,51
BG,bg,инфлация,2021-12-01,56
BG,bg,инфлация,2022-01-01,100
BG,bg,инфлация,2022-02-01,83
BG,bg,инфлация,2022-03-01,91
BG,bg,инфлация,2022-04-01,73
BG,bg,инфлация,2022-05-01,83
BG,bg,инфлация,2022-06-01,80
BG,bg,инфлация,2022-07-01,63
BG,bg,инфлация,2022-08-01,55
BG,bg,инфлация,2022-09-01,66
BG,bg,инфлация,2022-10-01,75
BG,bg,инфлация,2022-11-01,68
BG,bg,инфлация,2022-12-01,58
BG,bg,инфлация,2023-01-01,87
BG,bg,инфлация,2023-02-01,76
BG,bg,инфлация,2023-03-01,63
BG,bg,инфлация,2023-04-01,45
BG,bg,инфлация,2023-05-01,38
BG,bg,инфлация,2023-06-01,37
BG,bg,инфлация,2023-07-01,32
BG,bg,инфлация,2023-08-01,39
BG,bg,инфлация,2023-09-01,38
BG,bg,инфлация,2023-10-01,40
BG,bg,инфлация,2023-11-01,36
BG,bg,инфлация,2023-12-01,43
BG,bg,инфлация,2024-01-01,75
BG,bg,инфлация,2024-02-01,59
BG,bg,инфлация,2024-03-01,57
BG,bg,инфлация,2024-04-01,47
BG,bg,инфлация,2024-05-01,40
BG,bg,инфлация,2024-06-01,33
BG,bg,инфлация,2024-07-01,28
BG,bg,инфлация,2024-08-01,26
BG,bg,инфлация,2024-09-01,34
BG,bg,инфлация,2024-10-01,38
BG,bg,инфлация,2024-11-01,39
BG,bg,инфлация,2024-12-01,35
BG,bg,инфлация,2025-01-01,71
BG,bg,инфлация,2025-02-01,67
BG,bg,инфлация,2025-03-01,46
BG,bg,инфлация,2025-04-01,40
BG,bg,инфлация,2025-05-01,32
BG,bg,инфлация,2025-06-01,40
BG,bg,инфлация,2025-07-01,34
BG,bg,инфлация,2025-08-01,28
BG,bg,инфлация,2025-09-01,29
BG,bg,инфлация,2025-10-01,35
BG,bg,инфлация,2025-11-01,44
BG,bg,инфлация,2025-12-01,50
BG,bg,инфлация,2026-01-01,69
BG,bg,инфлация,2026-02-01,51
DE,de,inflation,2014-01-01,21
DE,de,inflation,2014-02-01,18
DE,de,inflation,2014-03-01,18
DE,de,inflation,2014-04-01,17
DE,de,inflation,2014-05-01,19
DE,de,inflation,2014-06-01,18
DE,de,inflation,2014-07-01,13
DE,de,inflation,2014-08-01,12
DE,de,inflation,2014-09-01,15
DE,de,inflation,2014-10-01,17
DE,de,inflation,2014-11-01,21
DE,de,inflation,2014-12-01,18
DE,de,inflation,2015-01-01,30
DE,de,inflation,2015-02-01,19
DE,de,inflation,2015-03-01,19
DE,de,inflation,2015-04-01,16
DE,de,inflation,2015-05-01,14
DE,de,inflation,2015-06-01,16
DE,de,inflation,2015-07-01,12
DE,de,inflation,2015-08-01,10
DE,de,inflation,2015-09-01,14
DE,de,inflation,2015-10-01,15
DE,de,inflation,2015-11-01,17
DE,de,inflation,2015-12-01,16
DE,de,inflation,2016-01-01,16
DE,de,inflation,2016-02-01,16
DE,de,inflation,2016-03-01,16
DE,de,inflation,2016-04-01,16
DE,de,inflation,2016-05-01,15
DE,de,inflation,2016-06-01,14
DE,de,inflation,2016-07-01,11
DE,de,inflation,2016-08-01,9
DE,de,inflation,2016-09-01,13
DE,de,inflation,2016-10-01,14
DE,de,inflation,2016-11-01,17
DE,de,inflation,2016-12-01,14
DE,de,inflation,2017-01-01,19
DE,de,inflation,2017-02-01,17
DE,de,inflation,2017-03-01,21
DE,de,inflation,2017-04-01,15
DE,de,inflation,2017-05-01,16
DE,de,inflation,2017-06-01,12
DE,de,inflation,2017-07-01,11
DE,de,inflation,2017-08-01,11
DE,de,inflation,2017-09-01,13
DE,de,inflation,2017-10-01,14
DE,de,inflation,2017-11-01,15
DE,de,inflation,2017-12-01,14
DE,de,inflation,2018-01-01,16
DE,de,inflation,2018-02-01,16
DE,de,inflation,2018-03-01,15
DE,de,inflation,2018-04-01,15
DE,de,inflation,2018-05-01,16
DE,de,inflation,2018-06-01,14
DE,de,inflation,2018-07-01,12
DE,de,inflation,2018-08-01,15
DE,de,inflation,2018-09-01,15
DE,de,inflation,2018-10-01,15
DE,de,inflation,2018-11-01,18
DE,de,inflation,2018-12-01,14
DE,de,inflation,2019-01-01,16
DE,de,inflation,2019-02-01,17
DE,de,inflation,2019-03-01,15
DE,de,inflation,2019-04-01,14
DE,de,inflation,2019-05-01,14
DE,de,inflation,2019-06-01,13
DE,de,inflation,2019-07-01,12
DE,de,inflation,2019-08-01,11
DE,de,inflation,2019-09-01,14
DE,de,inflation,2019-10-01,14
DE,de,inflation,2019-11-01,15
DE,de,inflation,2019-12-01,14
DE,de,inflation,2020-01-01,15
DE,de,inflation,2020-02-01,14
DE,de,inflation,2020-03-01,35
DE,de,inflation,2020-04-01,30
DE,de,inflation,2020-05-01,22
DE,de,inflation,2020-06-01,17
DE,de,inflation,2020-07-01,15
DE,de,inflation,2020-08-01,16
DE,de,inflation,2020-09-01,16
DE,de,inflation,2020-10-01,17
DE,de,inflation,2020-11-01,18
DE,de,inflation,2020-12-01,21
DE,de,inflation,2021-01-01,25
DE,de,inflation,2021-02-01,30
DE,de,inflation,2021-03-01,30
DE,de,inflation,2021-04-01,21
DE,de,inflation,2021-05-01,34
DE,de,inflation,2021-06-01,31
DE,de,inflation,2021-07-01,28
DE,de,inflation,2021-08-01,25
DE,de,inflation,2021-09-01,34
DE,de,inflation,2021-10-01,55
DE,de,inflation,2021-11-01,49
DE,de,inflation,2021-12-01,52
DE,de,inflation,2022-01-01,64
DE,de,inflation,2022-02-01,60
DE,de,inflation,2022-03-01,79
DE,de,inflation,2022-04-01,83
DE,de,inflation,2022-05-01,78
DE,de,inflation,2022-06-01,98
DE,de,inflation,2022-07-01,84
DE,de,inflation,2022-08-01,76
DE,de,inflation,2022-09-01,100
DE,de,inflation,2022-10-01,85
DE,de,inflation,2022-11-01,75
DE,de,inflation,2022-12-01,56
DE,de,inflation,2023-01-01,63
DE,de,inflation,2023-02-01,57
DE,de,inflation,2023-03-01,58
DE,de,inflation,2023-04-01,44
DE,de,inflation,2023-05-01,47
DE,de,inflation,2023-06-01,47
DE,de,inflation,2023-07-01,40
DE,de,inflation,2023-08-01,39
DE,de,inflation,2023-09-01,43
DE,de,inflation,2023-10-01,43
DE,de,inflation,2023-11-01,46
DE,de,inflation,2023-12-01,42
DE,de,inflation,2024-01-01,48
DE,de,inflation,2024-02-01,42
DE,de,inflation,2024-03-01,40
DE,de,inflation,2024-04-01,41
DE,de,inflation,2024-05-01,35
DE,de,inflation,2024-06-01,32
DE,de,inflation,2024-07-01,31
DE,de,inflation,2024-08-01,30
DE,de,inflation,2024-09-01,33
DE,de,inflation,2024-10-01,34
DE,de,inflation,2024-11-01,42
DE,de,inflation,2024-12-01,34
DE,de,inflation,2025-01-01,40
DE,de,inflation,2025-02-01,42
DE,de,inflation,2025-03-01,38
DE,de,inflation,2025-04-01,28
DE,de,inflation,2025-05-01,23
DE,de,inflation,2025-06-01,23
DE,de,inflation,2025-07-01,22
DE,de,inflation,2025-08-01,22
DE,de,inflation,2025-09-01,24
DE,de,inflation,2025-10-01,28
DE,de,inflation,2025-11-01,67
DE,de,inflation,2025-12-01,66
DE,de,inflation,2026-01-01,59
DE,de,inflation,2026-02-01,53
EE,et,inflation,2014-01-01,0
EE,et,inflation,2014-02-01,0
EE,et,inflation,2014-03-01,11
EE,et,inflation,2014-04-01,17
EE,et,inflation,2014-05-01,12
EE,et,inflation,2014-06-01,0
EE,et,inflation,2014-07-01,0
EE,et,inflation,2014-08-01,11
EE,et,inflation,2014-09-01,0
EE,et,inflation,2014-10-01,10
EE,et,inflation,2014-11-01,0
EE,et,inflation,2014-12-01,11
EE,et,inflation,2015-01-01,10
EE,et,inflation,2015-02-01,22
EE,et,inflation,2015-03-01,14
EE,et,inflation,2015-04-01,14
EE,et,inflation,2015-05-01,0
EE,et,inflation,2015-06-01,13
EE,et,inflation,2015-07-01,13
EE,et,inflation,2015-08-01,0
EE,et,inflation,2015-09-01,0
EE,et,inflation,2015-10-01,13
EE,et,inflation,2015-11-01,20
EE,et,inflation,2015-12-01,10
EE,et,inflation,2016-01-01,0
EE,et,inflation,2016-02-01,11
EE,et,inflation,2016-03-01,10
EE,et,inflation,2016-04-01,14
EE,et,inflation,2016-05-01,16
EE,et,inflation,2016-06-01,10
EE,et,inflation,2016-07-01,0
EE,et,inflation,2016-08-01,0
EE,et,inflation,2016-09-01,0
EE,et,inflation,2016-10-01,11
EE,et,inflation,2016-11-01,13
EE,et,inflation,2016-12-01,0
EE,et,inflation,2017-01-01,0
EE,et,inflation,2017-02-01,0
EE,et,inflation,2017-03-01,14
EE,et,inflation,2017-04-01,14
EE,et,inflation,2017-05-01,0
EE,et,inflation,2017-06-01,0
EE,et,inflation,2017-07-01,0
EE,et,inflation,2017-08-01,0
EE,et,inflation,2017-09-01,0
EE,et,inflation,2017-10-01,12
EE,et,inflation,2017-11-01,14
EE,et,inflation,2017-12-01,0
EE,et,inflation,2018-01-01,13
EE,et,inflation,2018-02-01,10
EE,et,inflation,2018-03-01,13
EE,et,inflation,2018-04-01,15
EE,et,inflation,2018-05-01,10
EE,et,inflation,2018-06-01,20
EE,et,inflation,2018-07-01,0
EE,et,inflation,2018-08-01,0
EE,et,inflation,2018-09-01,10
EE,et,inflation,2018-10-01,14
EE,et,inflation,2018-11-01,21
EE,et,inflation,2018-12-01,11
EE,et,inflation,2019-01-01,13
EE,et,inflation,2019-02-01,16
EE,et,inflation,2019-03-01,20
EE,et,inflation,2019-04-01,0
EE,et,inflation,2019-05-01,14
EE,et,inflation,2019-06-01,9
EE,et,inflation,2019-07-01,10
EE,et,inflation,2019-08-01,15
EE,et,inflation,2019-09-01,12
EE,et,inflation,2019-10-01,0
EE,et,inflation,2019-11-01,11
EE,et,inflation,2019-12-01,11
EE,et,inflation,2020-01-01,14
EE,et,inflation,2020-02-01,9
EE,et,inflation,2020-03-01,14
EE,et,inflation,2020-04-01,13
EE,et,inflation,2020-05-01,15
EE,et,inflation,2020-06-01,10
EE,et,inflation,2020-07-01,13
EE,et,inflation,2020-08-01,12
EE,et,inflation,2020-09-01,15
EE,et,inflation,2020-10-01,15
EE,et,inflation,2020-11-01,0
EE,et,inflation,2020-12-01,18
EE,et,inflation,2021-01-01,16
EE,et,inflation,2021-02-01,13
EE,et,inflation,2021-03-01,19
EE,et,inflation,2021-04-01,21
EE,et,inflation,2021-05-01,22
EE,et,inflation,2021-06-01,16
EE,et,inflation,2021-07-01,19
EE,et,inflation,2021-08-01,18
EE,et,inflation,2021-09-01,0
EE,et,inflation,2021-10-01,29
EE,et,inflation,2021-11-01,26
EE,et,inflation,2021-12-01,17
EE,et,inflation,2022-01-01,33
EE,et,inflation,2022-02-01,42
EE,et,inflation,2022-03-01,41
EE,et,inflation,2022-04-01,38
EE,et,inflation,2022-05-01,56
EE,et,inflation,2022-06-01,57
EE,et,inflation,2022-07-01,65
EE,et,inflation,2022-08-01,63
EE,et,inflation,2022-09-01,62
EE,et,inflation,2022-10-01,58
EE,et,inflation,2022-11-01,50
EE,et,inflation,2022-12-01,50
EE,et,inflation,2023-01-01,53
EE,et,inflation,2023-02-01,42
EE,et,inflation,2023-03-01,62
EE,et,inflation,2023-04-01,31
EE,et,inflation,2023-05-01,29
EE,et,inflation,2023-06-01,38
EE,et,inflation,2023-07-01,33
EE,et,inflation,2023-08-01,33
EE,et,inflation,2023-09-01,35
EE,et,inflation,2023-10-01,33
EE,et,inflation,2023-11-01,34
EE,et,inflation,2023-12-01,33
EE,et,inflation,2024-01-01,30
EE,et,inflation,2024-02-01,29
EE,et,inflation,2024-03-01,34
EE,et,inflation,2024-04-01,30
EE,et,inflation,2024-05-01,32
EE,et,inflation,2024-06-01,28
EE,et,inflation,2024-07-01,25
EE,et,inflation,2024-08-01,32
EE,et,inflation,2024-09-01,32
EE,et,inflation,2024-10-01,30
EE,et,inflation,2024-11-01,35
EE,et,inflation,2024-12-01,43
EE,et,inflation,2025-01-01,35
EE,et,inflation,2025-02-01,32
EE,et,inflation,2025-03-01,31
EE,et,inflation,2025-04-01,31
EE,et,inflation,2025-05-01,22
EE,et,inflation,2025-06-01,22
EE,et,inflation,2025-07-01,24
EE,et,inflation,2025-08-01,26
EE,et,inflation,2025-09-01,28
EE,et,inflation,2025-10-01,32
EE,et,inflation,2025-11-01,100
EE,et,inflation,2025-12-01,98
EE,et,inflation,2026-01-01,85
EE,et,inflation,2026-02-01,83
IE,en,inflation,2014-01-01,26
IE,en,inflation,2014-02-01,24
IE,en,inflation,2014-03-01,28
IE,en,inflation,2014-04-01,24
IE,en,inflation,2014-05-01,23
IE,en,inflation,2014-06-01,16
IE,en,inflation,2014-07-01,13
IE,en,inflation,2014-08-01,16
IE,en,inflation,2014-09-01,16
IE,en,inflation,2014-10-01,19
IE,en,inflation,2014-11-01,28
IE,en,inflation,2014-12-01,23
IE,en,inflation,2015-01-01,24
IE,en,inflation,2015-02-01,27
IE,en,inflation,2015-03-01,33
IE,en,inflation,2015-04-01,27
IE,en,inflation,2015-05-01,27
IE,en,inflation,2015-06-01,22
IE,en,inflation,2015-07-01,16
IE,en,inflation,2015-08-01,14
IE,en,inflation,2015-09-01,24
IE,en,inflation,2015-10-01,26
IE,en,inflation,2015-11-01,30
IE,en,inflation,2015-12-01,24
IE,en,inflation,2016-01-01,26
IE,en,inflation,2016-02-01,28
IE,en,inflation,2016-03-01,29
IE,en,inflation,2016-04-01,37
IE,en,inflation,2016-05-01,28
IE,en,inflation,2016-06-01,19
IE,en,inflation,2016-07-01,14
IE,en,inflation,2016-08-01,18
IE,en,inflation,2016-09-01,22
IE,en,inflation,2016-10-01,32
IE,en,inflation,2016-11-01,30
IE,en,inflation,2016-12-01,31
IE,en,inflation,2017-01-01,28
IE,en,inflation,2017-02-01,30
IE,en,inflation,2017-03-01,34
IE,en,inflation,2017-04-01,31
IE,en,inflation,2017-05-01,33
IE,en,inflation,2017-06-01,24
IE,en,inflation,2017-07-01,17
IE,en,inflation,2017-08-01,21
IE,en,inflation,2017-09-01,23
IE,en,inflation,2017-10-01,26
IE,en,inflation,2017-11-01,34
IE,en,inflation,2017-12-01,29
IE,en,inflation,2018-01-01,31
IE,en,inflation,2018-02-01,35
IE,en,inflation,2018-03-01,31
IE,en,inflation,2018-04-01,31
IE,en,inflation,2018-05-01,29
IE,en,inflation,2018-06-01,20
IE,en,inflation,2018-07-01,19
IE,en,inflation,2018-08-01,21
IE,en,inflation,2018-09-01,26
IE,en,inflation,2018-10-01,27
IE,en,inflation,2018-11-01,28
IE,en,inflation,2018-12-01,30
IE,en,inflation,2019-01-01,30
IE,en,inflation,2019-02-01,33
IE,en,inflation,2019-03-01,31
IE,en,inflation,2019-04-01,27
IE,en,inflation,2019-05-01,29
IE,en,inflation,2019-06-01,24
IE,en,inflation,2019-07-01,20
IE,en,inflation,2019-08-01,25
IE,en,inflation,2019-09-01,24
IE,en,inflation,2019-10-01,28
IE,en,inflation,2019-11-01,29
IE,en,inflation,2019-12-01,30
IE,en,inflation,2020-01-01,31
IE,en,inflation,2020-02-01,32
IE,en,inflation,2020-03-01,28
IE,en,inflation,2020-04-01,35
IE,en,inflation,2020-05-01,37
IE,en,inflation,2020-06-01,22
IE,en,inflation,2020-07-01,19
IE,en,inflation,2020-08-01,23
IE,en,inflation,2020-09-01,29
IE,en,inflation,2020-10-01,23
IE,en,inflation,2020-11-01,27
IE,en,inflation,2020-12-01,33
IE,en,inflation,2021-01-01,33
IE,en,inflation,2021-02-01,38
IE,en,inflation,2021-03-01,45
IE,en,inflation,2021-04-01,36
IE,en,inflation,2021-05-01,46
IE,en,inflation,2021-06-01,32
IE,en,inflation,2021-07-01,34
IE,en,inflation,2021-08-01,30
IE,en,inflation,2021-09-01,42
IE,en,inflation,2021-10-01,56
IE,en,inflation,2021-11-01,60
IE,en,inflation,2021-12-01,58
IE,en,inflation,2022-01-01,80
IE,en,inflation,2022-02-01,99
IE,en,inflation,2022-03-01,91
IE,en,inflation,2022-04-01,90
IE,en,inflation,2022-05-01,94
IE,en,inflation,2022-06-01,100
IE,en,inflation,2022-07-01,78
IE,en,inflation,2022-08-01,83
IE,en,inflation,2022-09-01,94
IE,en,inflation,2022-10-01,92
IE,en,inflation,2022-11-01,97
IE,en,inflation,2022-12-01,78
IE,en,inflation,2023-01-01,75
IE,en,inflation,2023-02-01,75
IE,en,inflation,2023-03-01,82
IE,en,inflation,2023-04-01,69
IE,en,inflation,2023-05-01,66
IE,en,inflation,2023-06-01,63
IE,en,inflation,2023-07-01,53
IE,en,inflation,2023-08-01,52
IE,en,inflation,2023-09-01,57
IE,en,inflation,2023-10-01,62
IE,en,inflation,2023-11-01,69
IE,en,inflation,2023-12-01,58
IE,en,inflation,2024-01-01,70
IE,en,inflation,2024-02-01,73
IE,en,inflation,2024-03-01,69
IE,en,inflation,2024-04-01,73
IE,en,inflation,2024-05-01,60
IE,en,inflation,2024-06-01,56
IE,en,inflation,2024-07-01,46
IE,en,inflation,2024-08-01,53
IE,en,inflation,2024-09-01,56
IE,en,inflation,2024-10-01,59
IE,en,inflation,2024-11-01,67
IE,en,inflation,2024-12-01,57
IE,en,inflation,2025-01-01,61
IE,en,inflation,2025-02-01,68
IE,en,inflation,2025-03-01,61
IE,en,inflation,2025-04-01,61
IE,en,inflation,2025-05-01,52
IE,en,inflation,2025-06-01,57
IE,en,inflation,2025-07-01,45
IE,en,inflation,2025-08-01,54
IE,en,inflation,2025-09-01,47
IE,en,inflation,2025-10-01,61
IE,en,inflation,2025-11-01,89
IE,en,inflation,2025-12-01,99
IE,en,inflation,2026-01-01,91
IE,en,inflation,2026-02-01,76
GR,el,inflation,2014-01-01,9
GR,el,inflation,2014-02-01,10
GR,el,inflation,2014-03-01,11
GR,el,inflation,2014-04-01,10
GR,el,inflation,2014-05-01,9
GR,el,inflation,2014-06-01,7
GR,el,inflation,2014-07-01,8
GR,el,inflation,2014-08-01,7
GR,el,inflation,2014-09-01,8
GR,el,inflation,2014-10-01,8
GR,el,inflation,2014-11-01,9
GR,el,inflation,2014-12-01,9
GR,el,inflation,2015-01-01,10
GR,el,inflation,2015-02-01,10
GR,el,inflation,2015-03-01,8
GR,el,inflation,2015-04-01,8
GR,el,inflation,2015-05-01,11
GR,el,inflation,2015-06-01,7
GR,el,inflation,2015-07-01,9
GR,el,inflation,2015-08-01,9
GR,el,inflation,2015-09-01,9
GR,el,inflation,2015-10-01,7
GR,el,inflation,2015-11-01,8
GR,el,inflation,2015-12-01,9
GR,el,inflation,2016-01-01,9
GR,el,inflation,2016-02-01,9
GR,el,inflation,2016-03-01,9
GR,el,inflation,2016-04-01,9
GR,el,inflation,2016-05-01,11
GR,el,inflation,2016-06-01,10
GR,el,inflation,2016-07-01,9
GR,el,inflation,2016-08-01,13
GR,el,inflation,2016-09-01,8
GR,el,inflation,2016-10-01,9
GR,el,inflation,2016-11-01,13
GR,el,inflation,2016-12-01,10
GR,el,inflation,2017-01-01,8
GR,el,inflation,2017-02-01,10
GR,el,inflation,2017-03-01,10
GR,el,inflation,2017-04-01,11
GR,el,inflation,2017-05-01,10
GR,el,inflation,2017-06-01,9
GR,el,inflation,2017-07-01,8
GR,el,inflation,2017-08-01,8
GR,el,inflation,2017-09-01,12
GR,el,inflation,2017-10-01,11
GR,el,inflation,2017-11-01,8
GR,el,inflation,2017-12-01,6
GR,el,inflation,2018-01-01,10
GR,el,inflation,2018-02-01,10
GR,el,inflation,2018-03-01,8
GR,el,inflation,2018-04-01,14
GR,el,inflation,2018-05-01,13
GR,el,inflation,2018-06-01,10
GR,el,inflation,2018-07-01,11
GR,el,inflation,2018-08-01,10
GR,el,inflation,2018-09-01,12
GR,el,inflation,2018-10-01,10
GR,el,inflation,2018-11-01,10
GR,el,inflation,2018-12-01,7
GR,el,inflation,2019-01-01,8
GR,el,inflation,2019-02-01,12
GR,el,inflation,2019-03-01,13
GR,el,inflation,2019-04-01,12
GR,el,inflation,2019-05-01,10
GR,el,inflation,2019-06-01,13
GR,el,inflation,2019-07-01,12
GR,el,inflation,2019-08-01,10
GR,el,inflation,2019-09-01,10
GR,el,inflation,2019-10-01,10
GR,el,inflation,2019-11-01,11
GR,el,inflation,2019-12-01,8
GR,el,inflation,2020-01-01,11
GR,el,inflation,2020-02-01,8
GR,el,inflation,2020-03-01,10
GR,el,inflation,2020-04-01,15
GR,el,inflation,2020-05-01,12
GR,el,inflation,2020-06-01,11
GR,el,inflation,2020-07-01,14
GR,el,inflation,2020-08-01,12
GR,el,inflation,2020-09-01,11
GR,el,inflation,2020-10-01,11
GR,el,inflation,2020-11-01,11
GR,el,inflation,2020-12-01,12
GR,el,inflation,2021-01-01,13
GR,el,inflation,2021-02-01,14
GR,el,inflation,2021-03-01,15
GR,el,inflation,2021-04-01,14
GR,el,inflation,2021-05-01,19
GR,el,inflation,2021-06-01,16
GR,el,inflation,2021-07-01,15
GR,el,inflation,2021-08-01,15
GR,el,inflation,2021-09-01,20
GR,el,inflation,2021-10-01,20
GR,el,inflation,2021-11-01,21
GR,el,inflation,2021-12-01,24
GR,el,inflation,2022-01-01,28
GR,el,inflation,2022-02-01,30
GR,el,inflation,2022-03-01,30
GR,el,inflation,2022-04-01,35
GR,el,inflation,2022-05-01,43
GR,el,inflation,2022-06-01,51
GR,el,inflation,2022-07-01,47
GR,el,inflation,2022-08-01,44
GR,el,inflation,2022-09-01,41
GR,el,inflation,2022-10-01,40
GR,el,inflation,2022-11-01,37
GR,el,inflation,2022-12-01,29
GR,el,inflation,2023-01-01,32
GR,el,inflation,2023-02-01,29
GR,el,inflation,2023-03-01,26
GR,el,inflation,2023-04-01,28
GR,el,inflation,2023-05-01,33
GR,el,inflation,2023-06-01,34
GR,el,inflation,2023-07-01,34
GR,el,inflation,2023-08-01,30
GR,el,inflation,2023-09-01,33
GR,el,inflation,2023-10-01,30
GR,el,inflation,2023-11-01,23
GR,el,inflation,2023-12-01,26
GR,el,inflation,2024-01-01,30
GR,el,inflation,2024-02-01,26
GR,el,inflation,2024-03-01,23
GR,el,inflation,2024-04-01,25
GR,el,inflation,2024-05-01,28
GR,el,inflation,2024-06-01,29
GR,el,inflation,2024-07-01,30
GR,el,inflation,2024-08-01,31
GR,el,inflation,2024-09-01,32
GR,el,inflation,2024-10-01,26
GR,el,inflation,2024-11-01,28
GR,el,inflation,2024-12-01,24
GR,el,inflation,2025-01-01,27
GR,el,inflation,2025-02-01,25
GR,el,inflation,2025-03-01,24
GR,el,inflation,2025-04-01,27
GR,el,inflation,2025-05-01,22
GR,el,inflation,2025-06-01,23
GR,el,inflation,2025-07-01,26
GR,el,inflation,2025-08-01,36
GR,el,inflation,2025-09-01,28
GR,el,inflation,2025-10-01,26
GR,el,inflation,2025-11-01,96
GR,el,inflation,2025-12-01,100
GR,el,inflation,2026-01-01,75
GR,el,inflation,2026-02-01,68
ES,es,inflacion,2014-01-01,20
ES,es,inflacion,2014-02-01,17
ES,es,inflacion,2014-03-01,20
ES,es,inflacion,2014-04-01,21
ES,es,inflacion,2014-05-01,19
ES,es,inflacion,2014-06-01,15
ES,es,inflacion,2014-07-01,7
ES,es,inflacion,2014-08-01,10
ES,es,inflacion,2014-09-01,13
ES,es,inflacion,2014-10-01,16
ES,es,inflacion,2014-11-01,17
ES,es,inflacion,2014-12-01,17
ES,es,inflacion,2015-01-01,20
ES,es,inflacion,2015-02-01,17
ES,es,inflacion,2015-03-01,17
ES,es,inflacion,2015-04-01,16
ES,es,inflacion,2015-05-01,17
ES,es,inflacion,2015-06-01,14
ES,es,inflacion,2015-07-01,8
ES,es,inflacion,2015-08-01,9
ES,es,inflacion,2015-09-01,11
ES,es,inflacion,2015-10-01,13
ES,es,inflacion,2015-11-01,14
ES,es,inflacion,2015-12-01,15
ES,es,inflacion,2016-01-01,16
ES,es,inflacion,2016-02-01,17
ES,es,inflacion,2016-03-01,16
ES,es,inflacion,2016-04-01,17
ES,es,inflacion,2016-05-01,18
ES,es,inflacion,2016-06-01,14
ES,es,inflacion,2016-07-01,8
ES,es,inflacion,2016-08-01,8
ES,es,inflacion,2016-09-01,10
ES,es,inflacion,2016-10-01,14
ES,es,inflacion,2016-11-01,16
ES,es,inflacion,2016-12-01,16
ES,es,inflacion,2017-01-01,19
ES,es,inflacion,2017-02-01,18
ES,es,inflacion,2017-03-01,19
ES,es,inflacion,2017-04-01,17
ES,es,inflacion,2017-05-01,22
ES,es,inflacion,2017-06-01,15
ES,es,inflacion,2017-07-01,10
ES,es,inflacion,2017-08-01,9
ES,es,inflacion,2017-09-01,11
ES,es,inflacion,2017-10-01,13
ES,es,inflacion,2017-11-01,14
ES,es,inflacion,2017-12-01,14
ES,es,inflacion,2018-01-01,18
ES,es,inflacion,2018-02-01,18
ES,es,inflacion,2018-03-01,16
ES,es,inflacion,2018-04-01,18
ES,es,inflacion,2018-05-01,23
ES,es,inflacion,2018-06-01,15
ES,es,inflacion,2018-07-01,11
ES,es,inflacion,2018-08-01,13
ES,es,inflacion,2018-09-01,12
ES,es,inflacion,2018-10-01,15
ES,es,inflacion,2018-11-01,13
ES,es,inflacion,2018-12-01,13
ES,es,inflacion,2019-01-01,16
ES,es,inflacion,2019-02-01,16
ES,es,inflacion,2019-03-01,17
ES,es,inflacion,2019-04-01,17
ES,es,inflacion,2019-05-01,20
ES,es,inflacion,2019-06-01,14
ES,es,inflacion,2019-07-01,11
ES,es,inflacion,2019-08-01,11
ES,es,inflacion,2019-09-01,12
ES,es,inflacion,2019-10-01,16
ES,es,inflacion,2019-11-01,14
ES,es,inflacion,2019-12-01,13
ES,es,inflacion,2020-01-01,17
ES,es,inflacion,2020-02-01,15
ES,es,inflacion,2020-03-01,22
ES,es,inflacion,2020-04-01,30
ES,es,inflacion,2020-05-01,26
ES,es,inflacion,2020-06-01,16
ES,es,inflacion,2020-07-01,10
ES,es,inflacion,2020-08-01,11
ES,es,inflacion,2020-09-01,14
ES,es,inflacion,2020-10-01,15
ES,es,inflacion,2020-11-01,14
ES,es,inflacion,2020-12-01,15
ES,es,inflacion,2021-01-01,17
ES,es,inflacion,2021-02-01,21
ES,es,inflacion,2021-03-01,21
ES,es,inflacion,2021-04-01,23
ES,es,inflacion,2021-05-01,30
ES,es,inflacion,2021-06-01,26
ES,es,inflacion,2021-07-01,17
ES,es,inflacion,2021-08-01,17
ES,es,inflacion,2021-09-01,24
ES,es,inflacion,2021-10-01,40
ES,es,inflacion,2021-11-01,41
ES,es,inflacion,2021-12-01,41
ES,es,inflacion,2022-01-01,55
ES,es,inflacion,2022-02-01,55
ES,es,inflacion,2022-03-01,100
ES,es,inflacion,2022-04-01,67
ES,es,inflacion,2022-05-01,58
ES,es,inflacion,2022-06-01,79
ES,es,inflacion,2022-07-01,76
ES,es,inflacion,2022-08-01,52
ES,es,inflacion,2022-09-01,64
ES,es,inflacion,2022-10-01,53
ES,es,inflacion,2022-11-01,60
ES,es,inflacion,2022-12-01,63
ES,es,inflacion,2023-01-01,59
ES,es,inflacion,2023-02-01,53
ES,es,inflacion,2023-03-01,57
ES,es,inflacion,2023-04-01,49
ES,es,inflacion,2023-05-01,55
ES,es,inflacion,2023-06-01,44
ES,es,inflacion,2023-07-01,43
ES,es,inflacion,2023-08-01,34
ES,es,inflacion,2023-09-01,41
ES,es,inflacion,2023-10-01,43
ES,es,inflacion,2023-11-01,49
ES,es,inflacion,2023-12-01,44
ES,es,inflacion,2024-01-01,44
ES,es,inflacion,2024-02-01,39
ES,es,inflacion,2024-03-01,37
ES,es,inflacion,2024-04-01,42
ES,es,inflacion,2024-05-01,44
ES,es,inflacion,2024-06-01,39
ES,es,inflacion,2024-07-01,29
ES,es,inflacion,2024-08-01,32
ES,es,inflacion,2024-09-01,34
ES,es,inflacion,2024-10-01,36
ES,es,inflacion,2024-11-01,38
ES,es,inflacion,2024-12-01,36
ES,es,inflacion,2025-01-01,40
ES,es,inflacion,2025-02-01,35
ES,es,inflacion,2025-03-01,33
ES,es,inflacion,2025-04-01,30
ES,es,inflacion,2025-05-01,29
ES,es,inflacion,2025-06-01,27
ES,es,inflacion,2025-07-01,25
ES,es,inflacion,2025-08-01,23
ES,es,inflacion,2025-09-01,26
ES,es,inflacion,2025-10-01,28
ES,es,inflacion,2025-11-01,30
ES,es,inflacion,2025-12-01,27
ES,es,inflacion,2026-01-01,30
ES,es,inflacion,2026-02-01,25
FR,fr,inflation,2014-01-01,9
FR,fr,inflation,2014-02-01,7
FR,fr,inflation,2014-03-01,7
FR,fr,inflation,2014-04-01,7
FR,fr,inflation,2014-05-01,6
FR,fr,inflation,2014-06-01,5
FR,fr,inflation,2014-07-01,5
FR,fr,inflation,2014-08-01,5
FR,fr,inflation,2014-09-01,7
FR,fr,inflation,2014-10-01,7
FR,fr,inflation,2014-11-01,7
FR,fr,inflation,2014-12-01,7
FR,fr,inflation,2015-01-01,11
FR,fr,inflation,2015-02-01,8
FR,fr,inflation,2015-03-01,7
FR,fr,inflation,2015-04-01,6
FR,fr,inflation,2015-05-01,5
FR,fr,inflation,2015-06-01,5
FR,fr,inflation,2015-07-01,4
FR,fr,inflation,2015-08-01,4
FR,fr,inflation,2015-09-01,6
FR,fr,inflation,2015-10-01,6
FR,fr,inflation,2015-11-01,6
FR,fr,inflation,2015-12-01,6
FR,fr,inflation,2016-01-01,8
FR,fr,inflation,2016-02-01,7
FR,fr,inflation,2016-03-01,7
FR,fr,inflation,2016-04-01,6
FR,fr,inflation,2016-05-01,5
FR,fr,inflation,2016-06-01,5
FR,fr,inflation,2016-07-01,4
FR,fr,inflation,2016-08-01,4
FR,fr,inflation,2016-09-01,6
FR,fr,inflation,2016-10-01,6
FR,fr,inflation,2016-11-01,7
FR,fr,inflation,2016-12-01,6
FR,fr,inflation,2017-01-01,8
FR,fr,inflation,2017-02-01,7
FR,fr,inflation,2017-03-01,7
FR,fr,inflation,2017-04-01,7
FR,fr,inflation,2017-05-01,6
FR,fr,inflation,2017-06-01,5
FR,fr,inflation,2017-07-01,4
FR,fr,inflation,2017-08-01,5
FR,fr,inflation,2017-09-01,6
FR,fr,inflation,2017-10-01,7
FR,fr,inflation,2017-11-01,7
FR,fr,inflation,2017-12-01,7
FR,fr,inflation,2018-01-01,8
FR,fr,inflation,2018-02-01,8
FR,fr,inflation,2018-03-01,7
FR,fr,inflation,2018-04-01,6
FR,fr,inflation,2018-05-01,6
FR,fr,inflation,2018-06-01,5
FR,fr,inflation,2018-07-01,5
FR,fr,inflation,2018-08-01,7
FR,fr,inflation,2018-09-01,8
FR,fr,inflation,2018-10-01,8
FR,fr,inflation,2018-11-01,9
FR,fr,inflation,2018-12-01,9
FR,fr,inflation,2019-01-01,9
FR,fr,inflation,2019-02-01,8
FR,fr,inflation,2019-03-01,7
FR,fr,inflation,2019-04-01,8
FR,fr,inflation,2019-05-01,6
FR,fr,inflation,2019-06-01,5
FR,fr,inflation,2019-07-01,5
FR,fr,inflation,2019-08-01,5
FR,fr,inflation,2019-09-01,6
FR,fr,inflation,2019-10-01,7
FR,fr,inflation,2019-11-01,7
FR,fr,inflation,2019-12-01,7
FR,fr,inflation,2020-01-01,9
FR,fr,inflation,2020-02-01,7
FR,fr,inflation,2020-03-01,8
FR,fr,inflation,2020-04-01,8
FR,fr,inflation,2020-05-01,6
FR,fr,inflation,2020-06-01,5
FR,fr,inflation,2020-07-01,4
FR,fr,inflation,2020-08-01,5
FR,fr,inflation,2020-09-01,6
FR,fr,inflation,2020-10-01,6
FR,fr,inflation,2020-11-01,6
FR,fr,inflation,2020-12-01,7
FR,fr,inflation,2021-01-01,8
FR,fr,inflation,2021-02-01,8
FR,fr,inflation,2021-03-01,8
FR,fr,inflation,2021-04-01,7
FR,fr,inflation,2021-05-01,9
FR,fr,inflation,2021-06-01,7
FR,fr,inflation,2021-07-01,6
FR,fr,inflation,2021-08-01,6
FR,fr,inflation,2021-09-01,11
FR,fr,inflation,2021-10-01,32
FR,fr,inflation,2021-11-01,41
FR,fr,inflation,2021-12-01,89
FR,fr,inflation,2022-01-01,100
FR,fr,inflation,2022-02-01,62
FR,fr,inflation,2022-03-01,57
FR,fr,inflation,2022-04-01,40
FR,fr,inflation,2022-05-01,35
FR,fr,inflation,2022-06-01,37
FR,fr,inflation,2022-07-01,33
FR,fr,inflation,2022-08-01,37
FR,fr,inflation,2022-09-01,65
FR,fr,inflation,2022-10-01,42
FR,fr,inflation,2022-11-01,42
FR,fr,inflation,2022-12-01,28
FR,fr,inflation,2023-01-01,36
FR,fr,inflation,2023-02-01,30
FR,fr,inflation,2023-03-01,35
FR,fr,inflation,2023-04-01,25
FR,fr,inflation,2023-05-01,20
FR,fr,inflation,2023-06-01,19
FR,fr,inflation,2023-07-01,16
FR,fr,inflation,2023-08-01,19
FR,fr,inflation,2023-09-01,28
FR,fr,inflation,2023-10-01,29
FR,fr,inflation,2023-11-01,26
FR,fr,inflation,2023-12-01,23
FR,fr,inflation,2024-01-01,24
FR,fr,inflation,2024-02-01,20
FR,fr,inflation,2024-03-01,17
FR,fr,inflation,2024-04-01,16
FR,fr,inflation,2024-05-01,12
FR,fr,inflation,2024-06-01,13
FR,fr,inflation,2024-07-01,10
FR,fr,inflation,2024-08-01,10
FR,fr,inflation,2024-09-01,12
FR,fr,inflation,2024-10-01,14
FR,fr,inflation,2024-11-01,17
FR,fr,inflation,2024-12-01,15
FR,fr,inflation,2025-01-01,20
FR,fr,inflation,2025-02-01,15
FR,fr,inflation,2025-03-01,14
FR,fr,inflation,2025-04-01,12
FR,fr,inflation,2025-05-01,10
FR,fr,inflation,2025-06-01,10
FR,fr,inflation,2025-07-01,11
FR,fr,inflation,2025-08-01,10
FR,fr,inflation,2025-09-01,12
FR,fr,inflation,2025-10-01,12
FR,fr,inflation,2025-11-01,28
FR,fr,inflation,2025-12-01,31
FR,fr,inflation,2026-01-01,28
FR,fr,inflation,2026-02-01,27
HR,hr,inflacija,2014-01-01,22
HR,hr,inflacija,2014-02-01,14
HR,hr,inflacija,2014-03-01,20
HR,hr,inflacija,2014-04-01,21
HR,hr,inflacija,2014-05-01,15
HR,hr,inflacija,2014-06-01,14
HR,hr,inflacija,2014-07-01,9
HR,hr,inflacija,2014-08-01,7
HR,hr,inflacija,2014-09-01,16
HR,hr,inflacija,2014-10-01,17
HR,hr,inflacija,2014-11-01,23
HR,hr,inflacija,2014-12-01,22
HR,hr,inflacija,2015-01-01,32
HR,hr,inflacija,2015-02-01,22
HR,hr,inflacija,2015-03-01,24
HR,hr,inflacija,2015-04-01,19
HR,hr,inflacija,2015-05-01,14
HR,hr,inflacija,2015-06-01,16
HR,hr,inflacija,2015-07-01,8
HR,hr,inflacija,2015-08-01,7
HR,hr,inflacija,2015-09-01,12
HR,hr,inflacija,2015-10-01,15
HR,hr,inflacija,2015-11-01,18
HR,hr,inflacija,2015-12-01,15
HR,hr,inflacija,2016-01-01,11
HR,hr,inflacija,2016-02-01,16
HR,hr,inflacija,2016-03-01,12
HR,hr,inflacija,2016-04-01,19
HR,hr,inflacija,2016-05-01,16
HR,hr,inflacija,2016-06-01,11
HR,hr,inflacija,2016-07-01,7
HR,hr,inflacija,2016-08-01,0
HR,hr,inflacija,2016-09-01,14
HR,hr,inflacija,2016-10-01,12
HR,hr,inflacija,2016-11-01,18
HR,hr,inflacija,2016-12-01,10
HR,hr,inflacija,2017-01-01,14
HR,hr,inflacija,2017-02-01,16
HR,hr,inflacija,2017-03-01,14
HR,hr,inflacija,2017-04-01,13
HR,hr,inflacija,2017-05-01,15
HR,hr,inflacija,2017-06-01,11
HR,hr,inflacija,2017-07-01,0
HR,hr,inflacija,2017-08-01,0
HR,hr,inflacija,2017-09-01,10
HR,hr,inflacija,2017-10-01,16
HR,hr,inflacija,2017-11-01,13
HR,hr,inflacija,2017-12-01,14
HR,hr,inflacija,2018-01-01,14
HR,hr,inflacija,2018-02-01,19
HR,hr,inflacija,2018-03-01,16
HR,hr,inflacija,2018-04-01,14
HR,hr,inflacija,2018-05-01,12
HR,hr,inflacija,2018-06-01,10
HR,hr,inflacija,2018-07-01,8
HR,hr,inflacija,2018-08-01,14
HR,hr,inflacija,2018-09-01,15
HR,hr,inflacija,2018-10-01,12
HR,hr,inflacija,2018-11-01,13
HR,hr,inflacija,2018-12-01,14
HR,hr,inflacija,2019-01-01,27
HR,hr,inflacija,2019-02-01,11
HR,hr,inflacija,2019-03-01,19
HR,hr,inflacija,2019-04-01,13
HR,hr,inflacija,2019-05-01,15
HR,hr,inflacija,2019-06-01,9
HR,hr,inflacija,2019-07-01,9
HR,hr,inflacija,2019-08-01,7
HR,hr,inflacija,2019-09-01,11
HR,hr,inflacija,2019-10-01,11
HR,hr,inflacija,2019-11-01,18
HR,hr,inflacija,2019-12-01,10
HR,hr,inflacija,2020-01-01,14
HR,hr,inflacija,2020-02-01,10
HR,hr,inflacija,2020-03-01,26
HR,hr,inflacija,2020-04-01,34
HR,hr,inflacija,2020-05-01,25
HR,hr,inflacija,2020-06-01,16
HR,hr,inflacija,2020-07-01,0
HR,hr,inflacija,2020-08-01,10
HR,hr,inflacija,2020-09-01,11
HR,hr,inflacija,2020-10-01,14
HR,hr,inflacija,2020-11-01,20
HR,hr,inflacija,2020-12-01,11
HR,hr,inflacija,2021-01-01,14
HR,hr,inflacija,2021-02-01,16
HR,hr,inflacija,2021-03-01,20
HR,hr,inflacija,2021-04-01,25
HR,hr,inflacija,2021-05-01,40
HR,hr,inflacija,2021-06-01,29
HR,hr,inflacija,2021-07-01,17
HR,hr,inflacija,2021-08-01,28
HR,hr,inflacija,2021-09-01,38
HR,hr,inflacija,2021-10-01,50
HR,hr,inflacija,2021-11-01,39
HR,hr,inflacija,2021-12-01,42
HR,hr,inflacija,2022-01-01,95
HR,hr,inflacija,2022-02-01,77
HR,hr,inflacija,2022-03-01,65
HR,hr,inflacija,2022-04-01,63
HR,hr,inflacija,2022-05-01,67
HR,hr,inflacija,2022-06-01,69
HR,hr,inflacija,2022-07-01,62
HR,hr,inflacija,2022-08-01,47
HR,hr,inflacija,2022-09-01,51
HR,hr,inflacija,2022-10-01,46
HR,hr,inflacija,2022-11-01,61
HR,hr,inflacija,2022-12-01,52
HR,hr,inflacija,2023-01-01,81
HR,hr,inflacija,2023-02-01,43
HR,hr,inflacija,2023-03-01,49
HR,hr,inflacija,2023-04-01,34
HR,hr,inflacija,2023-05-01,36
HR,hr,inflacija,2023-06-01,29
HR,hr,inflacija,2023-07-01,25
HR,hr,inflacija,2023-08-01,31
HR,hr,inflacija,2023-09-01,44
HR,hr,inflacija,2023-10-01,34
HR,hr,inflacija,2023-11-01,46
HR,hr,inflacija,2023-12-01,43
HR,hr,inflacija,2024-01-01,55
HR,hr,inflacija,2024-02-01,50
HR,hr,inflacija,2024-03-01,44
HR,hr,inflacija,2024-04-01,44
HR,hr,inflacija,2024-05-01,36
HR,hr,inflacija,2024-06-01,31
HR,hr,inflacija,2024-07-01,23
HR,hr,inflacija,2024-08-01,20
HR,hr,inflacija,2024-09-01,45
HR,hr,inflacija,2024-10-01,44
HR,hr,inflacija,2024-11-01,46
HR,hr,inflacija,2024-12-01,46
HR,hr,inflacija,2025-01-01,100
HR,hr,inflacija,2025-02-01,68
HR,hr,inflacija,2025-03-01,42
HR,hr,inflacija,2025-04-01,38
HR,hr,inflacija,2025-05-01,41
HR,hr,inflacija,2025-06-01,40
HR,hr,inflacija,2025-07-01,30
HR,hr,inflacija,2025-08-01,36
HR,hr,inflacija,2025-09-01,37
HR,hr,inflacija,2025-10-01,43
HR,hr,inflacija,2025-11-01,37
HR,hr,inflacija,2025-12-01,46
HR,hr,inflacija,2026-01-01,52
HR,hr,inflacija,2026-02-01,50
IT,it,inflazione,2014-01-01,27
IT,it,inflazione,2014-02-01,23
IT,it,inflazione,2014-03-01,22
IT,it,inflazione,2014-04-01,23
IT,it,inflazione,2014-05-01,22
IT,it,inflazione,2014-06-01,20
IT,it,inflazione,2014-07-01,15
IT,it,inflazione,2014-08-01,18
IT,it,inflazione,2014-09-01,17
IT,it,inflazione,2014-10-01,17
IT,it,inflazione,2014-11-01,17
IT,it,inflazione,2014-12-01,18
IT,it,inflazione,2015-01-01,26
IT,it,inflazione,2015-02-01,21
IT,it,inflazione,2015-03-01,21
IT,it,inflazione,2015-04-01,17
IT,it,inflazione,2015-05-01,20
IT,it,inflazione,2015-06-01,18
IT,it,inflazione,2015-07-01,13
IT,it,inflazione,2015-08-01,11
IT,it,inflazione,2015-09-01,14
IT,it,inflazione,2015-10-01,16
IT,it,inflazione,2015-11-01,17
IT,it,inflazione,2015-12-01,18
IT,it,inflazione,2016-01-01,20
IT,it,inflazione,2016-02-01,21
IT,it,inflazione,2016-03-01,16
IT,it,inflazione,2016-04-01,17
IT,it,inflazione,2016-05-01,16
IT,it,inflazione,2016-06-01,15
IT,it,inflazione,2016-07-01,10
IT,it,inflazione,2016-08-01,8
IT,it,inflazione,2016-09-01,12
IT,it,inflazione,2016-10-01,14
IT,it,inflazione,2016-11-01,15
IT,it,inflazione,2016-12-01,14
IT,it,inflazione,2017-01-01,24
IT,it,inflazione,2017-02-01,21
IT,it,inflazione,2017-03-01,20
IT,it,inflazione,2017-04-01,20
IT,it,inflazione,2017-05-01,21
IT,it,inflazione,2017-06-01,15
IT,it,inflazione,2017-07-01,11
IT,it,inflazione,2017-08-01,10
IT,it,inflazione,2017-09-01,14
IT,it,inflazione,2017-10-01,14
IT,it,inflazione,2017-11-01,17
IT,it,inflazione,2017-12-01,15
IT,it,inflazione,2018-01-01,22
IT,it,inflazione,2018-02-01,21
IT,it,inflazione,2018-03-01,17
IT,it,inflazione,2018-04-01,16
IT,it,inflazione,2018-05-01,24
IT,it,inflazione,2018-06-01,17
IT,it,inflazione,2018-07-01,12
IT,it,inflazione,2018-08-01,14
IT,it,inflazione,2018-09-01,16
IT,it,inflazione,2018-10-01,18
IT,it,inflazione,2018-11-01,19
IT,it,inflazione,2018-12-01,16
IT,it,inflazione,2019-01-01,22
IT,it,inflazione,2019-02-01,21
IT,it,inflazione,2019-03-01,17
IT,it,inflazione,2019-04-01,15
IT,it,inflazione,2019-05-01,17
IT,it,inflazione,2019-06-01,18
IT,it,inflazione,2019-07-01,12
IT,it,inflazione,2019-08-01,10
IT,it,inflazione,2019-09-01,13
IT,it,inflazione,2019-10-01,15
IT,it,inflazione,2019-11-01,15
IT,it,inflazione,2019-12-01,15
IT,it,inflazione,2020-01-01,19
IT,it,inflazione,2020-02-01,15
IT,it,inflazione,2020-03-01,24
IT,it,inflazione,2020-04-01,31
IT,it,inflazione,2020-05-01,31
IT,it,inflazione,2020-06-01,18
IT,it,inflazione,2020-07-01,11
IT,it,inflazione,2020-08-01,12
IT,it,inflazione,2020-09-01,13
IT,it,inflazione,2020-10-01,14
IT,it,inflazione,2020-11-01,18
IT,it,inflazione,2020-12-01,16
IT,it,inflazione,2021-01-01,21
IT,it,inflazione,2021-02-01,28
IT,it,inflazione,2021-03-01,27
IT,it,inflazione,2021-04-01,22
IT,it,inflazione,2021-05-01,29
IT,it,inflazione,2021-06-01,21
IT,it,inflazione,2021-07-01,16
IT,it,inflazione,2021-08-01,13
IT,it,inflazione,2021-09-01,21
IT,it,inflazione,2021-10-01,29
IT,it,inflazione,2021-11-01,39
IT,it,inflazione,2021-12-01,39
IT,it,inflazione,2022-01-01,45
IT,it,inflazione,2022-02-01,51
IT,it,inflazione,2022-03-01,52
IT,it,inflazione,2022-04-01,44
IT,it,inflazione,2022-05-01,53
IT,it,inflazione,2022-06-01,59
IT,it,inflazione,2022-07-01,63
IT,it,inflazione,2022-08-01,47
IT,it,inflazione,2022-09-01,60
IT,it,inflazione,2022-10-01,64
IT,it,inflazione,2022-11-01,74
IT,it,inflazione,2022-12-01,54
IT,it,inflazione,2023-01-01,78
IT,it,inflazione,2023-02-01,61
IT,it,inflazione,2023-03-01,72
IT,it,inflazione,2023-04-01,50
IT,it,inflazione,2023-05-01,49
IT,it,inflazione,2023-06-01,53
IT,it,inflazione,2023-07-01,51
IT,it,inflazione,2023-08-01,50
IT,it,inflazione,2023-09-01,62
IT,it,inflazione,2023-10-01,100
IT,it,inflazione,2023-11-01,68
IT,it,inflazione,2023-12-01,47
IT,it,inflazione,2024-01-01,54
IT,it,inflazione,2024-02-01,50
IT,it,inflazione,2024-03-01,45
IT,it,inflazione,2024-04-01,45
IT,it,inflazione,2024-05-01,42
IT,it,inflazione,2024-06-01,38
IT,it,inflazione,2024-07-01,30
IT,it,inflazione,2024-08-01,31
IT,it,inflazione,2024-09-01,34
IT,it,inflazione,2024-10-01,38
IT,it,inflazione,2024-11-01,43
IT,it,inflazione,2024-12-01,39
IT,it,inflazione,2025-01-01,42
IT,it,inflazione,2025-02-01,39
IT,it,inflazione,2025-03-01,35
IT,it,inflazione,2025-04-01,33
IT,it,inflazione,2025-05-01,38
IT,it,inflazione,2025-06-01,30
IT,it,inflazione,2025-07-01,28
IT,it,inflazione,2025-08-01,26
IT,it,inflazione,2025-09-01,28
IT,it,inflazione,2025-10-01,33
IT,it,inflazione,2025-11-01,38
IT,it,inflazione,2025-12-01,30
IT,it,inflazione,2026-01-01,35
IT,it,inflazione,2026-02-01,30
CY,en,inflation,2014-01-01,17
CY,en,inflation,2014-02-01,16
CY,en,inflation,2014-03-01,24
CY,en,inflation,2014-04-01,20
CY,en,inflation,2014-05-01,19
CY,en,inflation,2014-06-01,14
CY,en,inflation,2014-07-01,15
CY,en,inflation,2014-08-01,0
CY,en,inflation,2014-09-01,0
CY,en,inflation,2014-10-01,17
CY,en,inflation,2014-11-01,0
CY,en,inflation,2014-12-01,25
CY,en,inflation,2015-01-01,16
CY,en,inflation,2015-02-01,19
CY,en,inflation,2015-03-01,19
CY,en,inflation,2015-04-01,19
CY,en,inflation,2015-05-01,30
CY,en,inflation,2015-06-01,20
CY,en,inflation,2015-07-01,0
CY,en,inflation,2015-08-01,0
CY,en,inflation,2015-09-01,14
CY,en,inflation,2015-10-01,17
CY,en,inflation,2015-11-01,26
CY,en,inflation,2015-12-01,24
CY,en,inflation,2016-01-01,22
CY,en,inflation,2016-02-01,17
CY,en,inflation,2016-03-01,27
CY,en,inflation,2016-04-01,39
CY,en,inflation,2016-05-01,28
CY,en,inflation,2016-06-01,11
CY,en,inflation,2016-07-01,13
CY,en,inflation,2016-08-01,0
CY,en,inflation,2016-09-01,12
CY,en,inflation,2016-10-01,26
CY,en,inflation,2016-11-01,28
CY,en,inflation,2016-12-01,22
CY,en,inflation,2017-01-01,14
CY,en,inflation,2017-02-01,17
CY,en,inflation,2017-03-01,17
CY,en,inflation,2017-04-01,25
CY,en,inflation,2017-05-01,26
CY,en,inflation,2017-06-01,22
CY,en,inflation,2017-07-01,19
CY,en,inflation,2017-08-01,15
CY,en,inflation,2017-09-01,11
CY,en,inflation,2017-10-01,22
CY,en,inflation,2017-11-01,31
CY,en,inflation,2017-12-01,30
CY,en,inflation,2018-01-01,25
CY,en,inflation,2018-02-01,37
CY,en,inflation,2018-03-01,24
CY,en,inflation,2018-04-01,26
CY,en,inflation,2018-05-01,19
CY,en,inflation,2018-06-01,20
CY,en,inflation,2018-07-01,12
CY,en,inflation,2018-08-01,29
CY,en,inflation,2018-09-01,23
CY,en,inflation,2018-10-01,26
CY,en,inflation,2018-11-01,21
CY,en,inflation,2018-12-01,11
CY,en,inflation,2019-01-01,20
CY,en,inflation,2019-02-01,15
CY,en,inflation,2019-03-01,25
CY,en,inflation,2019-04-01,25
CY,en,inflation,2019-05-01,27
CY,en,inflation,2019-06-01,16
CY,en,inflation,2019-07-01,20
CY,en,inflation,2019-08-01,22
CY,en,inflation,2019-09-01,23
CY,en,inflation,2019-10-01,29
CY,en,inflation,2019-11-01,22
CY,en,inflation,2019-12-01,17
CY,en,inflation,2020-01-01,20
CY,en,inflation,2020-02-01,20
CY,en,inflation,2020-03-01,22
CY,en,inflation,2020-04-01,24
CY,en,inflation,2020-05-01,33
CY,en,inflation,2020-06-01,25
CY,en,inflation,2020-07-01,23
CY,en,inflation,2020-08-01,21
CY,en,inflation,2020-09-01,18
CY,en,inflation,2020-10-01,20
CY,en,inflation,2020-11-01,25
CY,en,inflation,2020-12-01,24
CY,en,inflation,2021-01-01,25
CY,en,inflation,2021-02-01,29
CY,en,inflation,2021-03-01,30
CY,en,inflation,2021-04-01,25
CY,en,inflation,2021-05-01,32
CY,en,inflation,2021-06-01,43
CY,en,inflation,2021-07-01,16
CY,en,inflation,2021-08-01,18
CY,en,inflation,2021-09-01,31
CY,en,inflation,2021-10-01,35
CY,en,inflation,2021-11-01,48
CY,en,inflation,2021-12-01,38
CY,en,inflation,2022-01-01,43
CY,en,inflation,2022-02-01,45
CY,en,inflation,2022-03-01,54
CY,en,inflation,2022-04-01,51
CY,en,inflation,2022-05-01,53
CY,en,inflation,2022-06-01,51
CY,en,inflation,2022-07-01,62
CY,en,inflation,2022-08-01,53
CY,en,inflation,2022-09-01,72
CY,en,inflation,2022-10-01,62
CY,en,inflation,2022-11-01,55
CY,en,inflation,2022-12-01,39
CY,en,inflation,2023-01-01,47
CY,en,inflation,2023-02-01,51
CY,en,inflation,2023-03-01,45
CY,en,inflation,2023-04-01,43
CY,en,inflation,2023-05-01,50
CY,en,inflation,2023-06-01,44
CY,en,inflation,2023-07-01,39
CY,en,inflation,2023-08-01,35
CY,en,inflation,2023-09-01,48
CY,en,inflation,2023-10-01,37
CY,en,inflation,2023-11-01,48
CY,en,inflation,2023-12-01,38
CY,en,inflation,2024-01-01,47
CY,en,inflation,2024-02-01,46
CY,en,inflation,2024-03-01,45
CY,en,inflation,2024-04-01,47
CY,en,inflation,2024-05-01,43
CY,en,inflation,2024-06-01,38
CY,en,inflation,2024-07-01,42
CY,en,inflation,2024-08-01,33
CY,en,inflation,2024-09-01,40
CY,en,inflation,2024-10-01,39
CY,en,inflation,2024-11-01,41
CY,en,inflation,2024-12-01,33
CY,en,inflation,2025-01-01,34
CY,en,inflation,2025-02-01,39
CY,en,inflation,2025-03-01,37
CY,en,inflation,2025-04-01,39
CY,en,inflation,2025-05-01,27
CY,en,inflation,2025-06-01,21
CY,en,inflation,2025-07-01,22
CY,en,inflation,2025-08-01,34
CY,en,inflation,2025-09-01,37
CY,en,inflation,2025-10-01,39
CY,en,inflation,2025-11-01,93
CY,en,inflation,2025-12-01,100
CY,en,inflation,2026-01-01,89
CY,en,inflation,2026-02-01,85
LV,lv,inflācija,2014-01-01,59
LV,lv,inflācija,2014-02-01,35
LV,lv,inflācija,2014-03-01,42
LV,lv,inflācija,2014-04-01,48
LV,lv,inflācija,2014-05-01,45
LV,lv,inflācija,2014-06-01,36
LV,lv,inflācija,2014-07-01,0
LV,lv,inflācija,2014-08-01,0
LV,lv,inflācija,2014-09-01,24
LV,lv,inflācija,2014-10-01,44
LV,lv,inflācija,2014-11-01,50
LV,lv,inflācija,2014-12-01,29
LV,lv,inflācija,2015-01-01,32
LV,lv,inflācija,2015-02-01,42
LV,lv,inflācija,2015-03-01,22
LV,lv,inflācija,2015-04-01,36
LV,lv,inflācija,2015-05-01,32
LV,lv,inflācija,2015-06-01,28
LV,lv,inflācija,2015-07-01,0
LV,lv,inflācija,2015-08-01,0
LV,lv,inflācija,2015-09-01,0
LV,lv,inflācija,2015-10-01,34
LV,lv,inflācija,2015-11-01,48
LV,lv,inflācija,2015-12-01,27
LV,lv,inflācija,2016-01-01,34
LV,lv,inflācija,2016-02-01,46
LV,lv,inflācija,2016-03-01,0
LV,lv,inflācija,2016-04-01,49
LV,lv,inflācija,2016-05-01,31
LV,lv,inflācija,2016-06-01,0
LV,lv,inflācija,2016-07-01,0
LV,lv,inflācija,2016-08-01,0
LV,lv,inflācija,2016-09-01,0
LV,lv,inflācija,2016-10-01,27
LV,lv,inflācija,2016-11-01,35
LV,lv,inflācija,2016-12-01,0
LV,lv,inflācija,2017-01-01,32
LV,lv,inflācija,2017-02-01,29
LV,lv,inflācija,2017-03-01,34
LV,lv,inflācija,2017-04-01,28
LV,lv,inflācija,2017-05-01,62
LV,lv,inflācija,2017-06-01,0
LV,lv,inflācija,2017-07-01,0
LV,lv,inflācija,2017-08-01,0
LV,lv,inflācija,2017-09-01,0
LV,lv,inflācija,2017-10-01,0
LV,lv,inflācija,2017-11-01,27
LV,lv,inflācija,2017-12-01,36
LV,lv,inflācija,2018-01-01,40
LV,lv,inflācija,2018-02-01,24
LV,lv,inflācija,2018-03-01,24
LV,lv,inflācija,2018-04-01,42
LV,lv,inflācija,2018-05-01,33
LV,lv,inflācija,2018-06-01,37
LV,lv,inflācija,2018-07-01,0
LV,lv,inflācija,2018-08-01,0
LV,lv,inflācija,2018-09-01,0
LV,lv,inflācija,2018-10-01,25
LV,lv,inflācija,2018-11-01,35
LV,lv,inflācija,2018-12-01,47
LV,lv,inflācija,2019-01-01,59
LV,lv,inflācija,2019-02-01,36
LV,lv,inflācija,2019-03-01,37
LV,lv,inflācija,2019-04-01,24
LV,lv,inflācija,2019-05-01,36
LV,lv,inflācija,2019-06-01,0
LV,lv,inflācija,2019-07-01,0
LV,lv,inflācija,2019-08-01,0
LV,lv,inflācija,2019-09-01,26
LV,lv,inflācija,2019-10-01,21
LV,lv,inflācija,2019-11-01,27
LV,lv,inflācija,2019-12-01,29
LV,lv,inflācija,2020-01-01,35
LV,lv,inflācija,2020-02-01,31
LV,lv,inflācija,2020-03-01,26
LV,lv,inflācija,2020-04-01,29
LV,lv,inflācija,2020-05-01,30
LV,lv,inflācija,2020-06-01,0
LV,lv,inflācija,2020-07-01,0
LV,lv,inflācija,2020-08-01,0
LV,lv,inflācija,2020-09-01,18
LV,lv,inflācija,2020-10-01,18
LV,lv,inflācija,2020-11-01,0
LV,lv,inflācija,2020-12-01,0
LV,lv,inflācija,2021-01-01,37
LV,lv,inflācija,2021-02-01,34
LV,lv,inflācija,2021-03-01,43
LV,lv,inflācija,2021-04-01,30
LV,lv,inflācija,2021-05-01,18
LV,lv,inflācija,2021-06-01,21
LV,lv,inflācija,2021-07-01,0
LV,lv,inflācija,2021-08-01,0
LV,lv,inflācija,2021-09-01,23
LV,lv,inflācija,2021-10-01,29
LV,lv,inflācija,2021-11-01,48
LV,lv,inflācija,2021-12-01,51
LV,lv,inflācija,2022-01-01,100
LV,lv,inflācija,2022-02-01,81
LV,lv,inflācija,2022-03-01,67
LV,lv,inflācija,2022-04-01,89
LV,lv,inflācija,2022-05-01,85
LV,lv,inflācija,2022-06-01,81
LV,lv,inflācija,2022-07-01,49
LV,lv,inflācija,2022-08-01,66
LV,lv,inflācija,2022-09-01,75
LV,lv,inflācija,2022-10-01,70
LV,lv,inflācija,2022-11-01,59
LV,lv,inflācija,2022-12-01,54
LV,lv,inflācija,2023-01-01,77
LV,lv,inflācija,2023-02-01,57
LV,lv,inflācija,2023-03-01,81
LV,lv,inflācija,2023-04-01,63
LV,lv,inflācija,2023-05-01,70
LV,lv,inflācija,2023-06-01,31
LV,lv,inflācija,2023-07-01,34
LV,lv,inflācija,2023-08-01,37
LV,lv,inflācija,2023-09-01,60
LV,lv,inflācija,2023-10-01,47
LV,lv,inflācija,2023-11-01,46
LV,lv,inflācija,2023-12-01,50
LV,lv,inflācija,2024-01-01,100
LV,lv,inflācija,2024-02-01,47
LV,lv,inflācija,2024-03-01,47
LV,lv,inflācija,2024-04-01,47
LV,lv,inflācija,2024-05-01,42
LV,lv,inflācija,2024-06-01,25
LV,lv,inflācija,2024-07-01,23
LV,lv,inflācija,2024-08-01,27
LV,lv,inflācija,2024-09-01,29
LV,lv,inflācija,2024-10-01,26
LV,lv,inflācija,2024-11-01,38
LV,lv,inflācija,2024-12-01,45
LV,lv,inflācija,2025-01-01,73
LV,lv,inflācija,2025-02-01,30
LV,lv,inflācija,2025-03-01,32
LV,lv,inflācija,2025-04-01,40
LV,lv,inflācija,2025-05-01,32
LV,lv,inflācija,2025-06-01,19
LV,lv,inflācija,2025-07-01,23
LV,lv,inflācija,2025-08-01,34
LV,lv,inflācija,2025-09-01,27
LV,lv,inflācija,2025-10-01,28
LV,lv,inflācija,2025-11-01,37
LV,lv,inflācija,2025-12-01,40
LV,lv,inflācija,2026-01-01,45
LV,lv,inflācija,2026-02-01,29
LT,lt,infliacija,2014-01-01,35
LT,lt,infliacija,2014-02-01,33
LT,lt,infliacija,2014-03-01,31
LT,lt,infliacija,2014-04-01,32
LT,lt,infliacija,2014-05-01,43
LT,lt,infliacija,2014-06-01,19
LT,lt,infliacija,2014-07-01,0
LT,lt,infliacija,2014-08-01,10
LT,lt,infliacija,2014-09-01,28
LT,lt,infliacija,2014-10-01,33
LT,lt,infliacija,2014-11-01,29
LT,lt,infliacija,2014-12-01,26
LT,lt,infliacija,2015-01-01,38
LT,lt,infliacija,2015-02-01,29
LT,lt,infliacija,2015-03-01,30
LT,lt,infliacija,2015-04-01,33
LT,lt,infliacija,2015-05-01,25
LT,lt,infliacija,2015-06-01,17
LT,lt,infliacija,2015-07-01,0
LT,lt,infliacija,2015-08-01,11
LT,lt,infliacija,2015-09-01,19
LT,lt,infliacija,2015-10-01,21
LT,lt,infliacija,2015-11-01,27
LT,lt,infliacija,2015-12-01,35
LT,lt,infliacija,2016-01-01,25
LT,lt,infliacija,2016-02-01,14
LT,lt,infliacija,2016-03-01,23
LT,lt,infliacija,2016-04-01,32
LT,lt,infliacija,2016-05-01,28
LT,lt,infliacija,2016-06-01,12
LT,lt,infliacija,2016-07-01,0
LT,lt,infliacija,2016-08-01,11
LT,lt,infliacija,2016-09-01,18
LT,lt,infliacija,2016-10-01,24
LT,lt,infliacija,2016-11-01,30
LT,lt,infliacija,2016-12-01,29
LT,lt,infliacija,2017-01-01,26
LT,lt,infliacija,2017-02-01,26
LT,lt,infliacija,2017-03-01,22
LT,lt,infliacija,2017-04-01,31
LT,lt,infliacija,2017-05-01,29
LT,lt,infliacija,2017-06-01,16
LT,lt,infliacija,2017-07-01,17
LT,lt,infliacija,2017-08-01,24
LT,lt,infliacija,2017-09-01,24
LT,lt,infliacija,2017-10-01,45
LT,lt,infliacija,2017-11-01,32
LT,lt,infliacija,2017-12-01,31
LT,lt,infliacija,2018-01-01,41
LT,lt,infliacija,2018-02-01,22
LT,lt,infliacija,2018-03-01,28
LT,lt,infliacija,2018-04-01,30
LT,lt,infliacija,2018-05-01,31
LT,lt,infliacija,2018-06-01,17
LT,lt,infliacija,2018-07-01,0
LT,lt,infliacija,2018-08-01,14
LT,lt,infliacija,2018-09-01,21
LT,lt,infliacija,2018-10-01,26
LT,lt,infliacija,2018-11-01,28
LT,lt,infliacija,2018-12-01,30
LT,lt,infliacija,2019-01-01,31
LT,lt,infliacija,2019-02-01,24
LT,lt,infliacija,2019-03-01,25
LT,lt,infliacija,2019-04-01,28
LT,lt,infliacija,2019-05-01,20
LT,lt,infliacija,2019-06-01,14
LT,lt,infliacija,2019-07-01,13
LT,lt,infliacija,2019-08-01,16
LT,lt,infliacija,2019-09-01,14
LT,lt,infliacija,2019-10-01,17
LT,lt,infliacija,2019-11-01,11
LT,lt,infliacija,2019-12-01,28
LT,lt,infliacija,2020-01-01,34
LT,lt,infliacija,2020-02-01,25
LT,lt,infliacija,2020-03-01,21
LT,lt,infliacija,2020-04-01,34
LT,lt,infliacija,2020-05-01,24
LT,lt,infliacija,2020-06-01,16
LT,lt,infliacija,2020-07-01,8
LT,lt,infliacija,2020-08-01,9
LT,lt,infliacija,2020-09-01,26
LT,lt,infliacija,2020-10-01,20
LT,lt,infliacija,2020-11-01,23
LT,lt,infliacija,2020-12-01,17
LT,lt,infliacija,2021-01-01,38
LT,lt,infliacija,2021-02-01,29
LT,lt,infliacija,2021-03-01,27
LT,lt,infliacija,2021-04-01,31
LT,lt,infliacija,2021-05-01,34
LT,lt,infliacija,2021-06-01,29
LT,lt,infliacija,2021-07-01,12
LT,lt,infliacija,2021-08-01,18
LT,lt,infliacija,2021-09-01,31
LT,lt,infliacija,2021-10-01,44
LT,lt,infliacija,2021-11-01,61
LT,lt,infliacija,2021-12-01,73
LT,lt,infliacija,2022-01-01,88
LT,lt,infliacija,2022-02-01,77
LT,lt,infliacija,2022-03-01,91
LT,lt,infliacija,2022-04-01,85
LT,lt,infliacija,2022-05-01,91
LT,lt,infliacija,2022-06-01,100
LT,lt,infliacija,2022-07-01,75
LT,lt,infliacija,2022-08-01,64
LT,lt,infliacija,2022-09-01,71
LT,lt,infliacija,2022-10-01,65
LT,lt,infliacija,2022-11-01,76
LT,lt,infliacija,2022-12-01,65
LT,lt,infliacija,2023-01-01,77
LT,lt,infliacija,2023-02-01,52
LT,lt,infliacija,2023-03-01,57
LT,lt,infliacija,2023-04-01,40
LT,lt,infliacija,2023-05-01,46
LT,lt,infliacija,2023-06-01,39
LT,lt,infliacija,2023-07-01,40
LT,lt,infliacija,2023-08-01,28
LT,lt,infliacija,2023-09-01,42
LT,lt,infliacija,2023-10-01,34
LT,lt,infliacija,2023-11-01,47
LT,lt,infliacija,2023-12-01,41
LT,lt,infliacija,2024-01-01,48
LT,lt,infliacija,2024-02-01,45
LT,lt,infliacija,2024-03-01,38
LT,lt,infliacija,2024-04-01,32
LT,lt,infliacija,2024-05-01,27
LT,lt,infliacija,2024-06-01,23
LT,lt,infliacija,2024-07-01,21
LT,lt,infliacija,2024-08-01,22
LT,lt,infliacija,2024-09-01,32
LT,lt,infliacija,2024-10-01,29
LT,lt,infliacija,2024-11-01,28
LT,lt,infliacija,2024-12-01,42
LT,lt,infliacija,2025-01-01,53
LT,lt,infliacija,2025-02-01,30
LT,lt,infliacija,2025-03-01,27
LT,lt,infliacija,2025-04-01,27
LT,lt,infliacija,2025-05-01,14
LT,lt,infliacija,2025-06-01,14
LT,lt,infliacija,2025-07-01,16
LT,lt,infliacija,2025-08-01,14
LT,lt,infliacija,2025-09-01,20
LT,lt,infliacija,2025-10-01,33
LT,lt,infliacija,2025-11-01,29
LT,lt,infliacija,2025-12-01,30
LT,lt,infliacija,2026-01-01,45
LT,lt,infliacija,2026-02-01,28
LU,fr,inflation,2014-01-01,23
LU,fr,inflation,2014-02-01,19
LU,fr,inflation,2014-03-01,17
LU,fr,inflation,2014-04-01,14
LU,fr,inflation,2014-05-01,31
LU,fr,inflation,2014-06-01,20
LU,fr,inflation,2014-07-01,0
LU,fr,inflation,2014-08-01,0
LU,fr,inflation,2014-09-01,29
LU,fr,inflation,2014-10-01,19
LU,fr,inflation,2014-11-01,21
LU,fr,inflation,2014-12-01,25
LU,fr,inflation,2015-01-01,36
LU,fr,inflation,2015-02-01,26
LU,fr,inflation,2015-03-01,22
LU,fr,inflation,2015-04-01,22
LU,fr,inflation,2015-05-01,17
LU,fr,inflation,2015-06-01,16
LU,fr,inflation,2015-07-01,13
LU,fr,inflation,2015-08-01,27
LU,fr,inflation,2015-09-01,18
LU,fr,inflation,2015-10-01,21
LU,fr,inflation,2015-11-01,16
LU,fr,inflation,2015-12-01,19
LU,fr,inflation,2016-01-01,23
LU,fr,inflation,2016-02-01,22
LU,fr,inflation,2016-03-01,17
LU,fr,inflation,2016-04-01,26
LU,fr,inflation,2016-05-01,18
LU,fr,inflation,2016-06-01,20
LU,fr,inflation,2016-07-01,0
LU,fr,inflation,2016-08-01,17
LU,fr,inflation,2016-09-01,20
LU,fr,inflation,2016-10-01,16
LU,fr,inflation,2016-11-01,29
LU,fr,inflation,2016-12-01,21
LU,fr,inflation,2017-01-01,26
LU,fr,inflation,2017-02-01,16
LU,fr,inflation,2017-03-01,21
LU,fr,inflation,2017-04-01,19
LU,fr,inflation,2017-05-01,22
LU,fr,inflation,2017-06-01,14
LU,fr,inflation,2017-07-01,23
LU,fr,inflation,2017-08-01,19
LU,fr,inflation,2017-09-01,17
LU,fr,inflation,2017-10-01,22
LU,fr,inflation,2017-11-01,26
LU,fr,inflation,2017-12-01,15
LU,fr,inflation,2018-01-01,29
LU,fr,inflation,2018-02-01,26
LU,fr,inflation,2018-03-01,24
LU,fr,inflation,2018-04-01,23
LU,fr,inflation,2018-05-01,20
LU,fr,inflation,2018-06-01,19
LU,fr,inflation,2018-07-01,21
LU,fr,inflation,2018-08-01,21
LU,fr,inflation,2018-09-01,14
LU,fr,inflation,2018-10-01,24
LU,fr,inflation,2018-11-01,27
LU,fr,inflation,2018-12-01,20
LU,fr,inflation,2019-01-01,23
LU,fr,inflation,2019-02-01,23
LU,fr,inflation,2019-03-01,19
LU,fr,inflation,2019-04-01,18
LU,fr,inflation,2019-05-01,22
LU,fr,inflation,2019-06-01,23
LU,fr,inflation,2019-07-01,19
LU,fr,inflation,2019-08-01,21
LU,fr,inflation,2019-09-01,15
LU,fr,inflation,2019-10-01,20
LU,fr,inflation,2019-11-01,24
LU,fr,inflation,2019-12-01,16
LU,fr,inflation,2020-01-01,25
LU,fr,inflation,2020-02-01,25
LU,fr,inflation,2020-03-01,20
LU,fr,inflation,2020-04-01,20
LU,fr,inflation,2020-05-01,32
LU,fr,inflation,2020-06-01,18
LU,fr,inflation,2020-07-01,21
LU,fr,inflation,2020-08-01,16
LU,fr,inflation,2020-09-01,20
LU,fr,inflation,2020-10-01,24
LU,fr,inflation,2020-11-01,14
LU,fr,inflation,2020-12-01,29
LU,fr,inflation,2021-01-01,28
LU,fr,inflation,2021-02-01,35
LU,fr,inflation,2021-03-01,35
LU,fr,inflation,2021-04-01,27
LU,fr,inflation,2021-05-01,37
LU,fr,inflation,2021-06-01,42
LU,fr,inflation,2021-07-01,21
LU,fr,inflation,2021-08-01,35
LU,fr,inflation,2021-09-01,30
LU,fr,inflation,2021-10-01,49
LU,fr,inflation,2021-11-01,49
LU,fr,inflation,2021-12-01,52
LU,fr,inflation,2022-01-01,72
LU,fr,inflation,2022-02-01,65
LU,fr,inflation,2022-03-01,84
LU,fr,inflation,2022-04-01,77
LU,fr,inflation,2022-05-01,79
LU,fr,inflation,2022-06-01,91
LU,fr,inflation,2022-07-01,70
LU,fr,inflation,2022-08-01,78
LU,fr,inflation,2022-09-01,100
LU,fr,inflation,2022-10-01,95
LU,fr,inflation,2022-11-01,84
LU,fr,inflation,2022-12-01,66
LU,fr,inflation,2023-01-01,85
LU,fr,inflation,2023-02-01,73
LU,fr,inflation,2023-03-01,72
LU,fr,inflation,2023-04-01,63
LU,fr,inflation,2023-05-01,63
LU,fr,inflation,2023-06-01,73
LU,fr,inflation,2023-07-01,65
LU,fr,inflation,2023-08-01,63
LU,fr,inflation,2023-09-01,65
LU,fr,inflation,2023-10-01,58
LU,fr,inflation,2023-11-01,58
LU,fr,inflation,2023-12-01,57
LU,fr,inflation,2024-01-01,66
LU,fr,inflation,2024-02-01,61
LU,fr,inflation,2024-03-01,54
LU,fr,inflation,2024-04-01,52
LU,fr,inflation,2024-05-01,58
LU,fr,inflation,2024-06-01,55
LU,fr,inflation,2024-07-01,42
LU,fr,inflation,2024-08-01,56
LU,fr,inflation,2024-09-01,46
LU,fr,inflation,2024-10-01,58
LU,fr,inflation,2024-11-01,50
LU,fr,inflation,2024-12-01,41
LU,fr,inflation,2025-01-01,51
LU,fr,inflation,2025-02-01,48
LU,fr,inflation,2025-03-01,50
LU,fr,inflation,2025-04-01,45
LU,fr,inflation,2025-05-01,28
LU,fr,inflation,2025-06-01,42
LU,fr,inflation,2025-07-01,39
LU,fr,inflation,2025-08-01,46
LU,fr,inflation,2025-09-01,41
LU,fr,inflation,2025-10-01,40
LU,fr,inflation,2025-11-01,68
LU,fr,inflation,2025-12-01,77
LU,fr,inflation,2026-01-01,71
LU,fr,inflation,2026-02-01,63
MT,en,inflation,2014-01-01,31
MT,en,inflation,2014-02-01,20
MT,en,inflation,2014-03-01,18
MT,en,inflation,2014-04-01,30
MT,en,inflation,2014-05-01,49
MT,en,inflation,2014-06-01,46
MT,en,inflation,2014-07-01,0
MT,en,inflation,2014-08-01,0
MT,en,inflation,2014-09-01,18
MT,en,inflation,2014-10-01,34
MT,en,inflation,2014-11-01,35
MT,en,inflation,2014-12-01,34
MT,en,inflation,2015-01-01,32
MT,en,inflation,2015-02-01,20
MT,en,inflation,2015-03-01,43
MT,en,inflation,2015-04-01,31
MT,en,inflation,2015-05-01,32
MT,en,inflation,2015-06-01,31
MT,en,inflation,2015-07-01,19
MT,en,inflation,2015-08-01,0
MT,en,inflation,2015-09-01,27
MT,en,inflation,2015-10-01,25
MT,en,inflation,2015-11-01,31
MT,en,inflation,2015-12-01,28
MT,en,inflation,2016-01-01,36
MT,en,inflation,2016-02-01,39
MT,en,inflation,2016-03-01,21
MT,en,inflation,2016-04-01,35
MT,en,inflation,2016-05-01,38
MT,en,inflation,2016-06-01,23
MT,en,inflation,2016-07-01,0
MT,en,inflation,2016-08-01,21
MT,en,inflation,2016-09-01,0
MT,en,inflation,2016-10-01,29
MT,en,inflation,2016-11-01,30
MT,en,inflation,2016-12-01,34
MT,en,inflation,2017-01-01,23
MT,en,inflation,2017-02-01,22
MT,en,inflation,2017-03-01,28
MT,en,inflation,2017-04-01,25
MT,en,inflation,2017-05-01,47
MT,en,inflation,2017-06-01,30
MT,en,inflation,2017-07-01,0
MT,en,inflation,2017-08-01,26
MT,en,inflation,2017-09-01,0
MT,en,inflation,2017-10-01,0
MT,en,inflation,2017-11-01,31
MT,en,inflation,2017-12-01,24
MT,en,inflation,2018-01-01,37
MT,en,inflation,2018-02-01,39
MT,en,inflation,2018-03-01,0
MT,en,inflation,2018-04-01,32
MT,en,inflation,2018-05-01,30
MT,en,inflation,2018-06-01,24
MT,en,inflation,2018-07-01,22
MT,en,inflation,2018-08-01,22
MT,en,inflation,2018-09-01,20
MT,en,inflation,2018-10-01,21
MT,en,inflation,2018-11-01,41
MT,en,inflation,2018-12-01,40
MT,en,inflation,2019-01-01,33
MT,en,inflation,2019-02-01,26
MT,en,inflation,2019-03-01,25
MT,en,inflation,2019-04-01,22
MT,en,inflation,2019-05-01,0
MT,en,inflation,2019-06-01,0
MT,en,inflation,2019-07-01,35
MT,en,inflation,2019-08-01,0
MT,en,inflation,2019-09-01,0
MT,en,inflation,2019-10-01,0
MT,en,inflation,2019-11-01,0
MT,en,inflation,2019-12-01,35
MT,en,inflation,2020-01-01,0
MT,en,inflation,2020-02-01,0
MT,en,inflation,2020-03-01,36
MT,en,inflation,2020-04-01,0
MT,en,inflation,2020-05-01,24
MT,en,inflation,2020-06-01,35
MT,en,inflation,2020-07-01,0
MT,en,inflation,2020-08-01,0
MT,en,inflation,2020-09-01,0
MT,en,inflation,2020-10-01,0
MT,en,inflation,2020-11-01,0
MT,en,inflation,2020-12-01,0
MT,en,inflation,2021-01-01,0
MT,en,inflation,2021-02-01,41
MT,en,inflation,2021-03-01,42
MT,en,inflation,2021-04-01,43
MT,en,inflation,2021-05-01,73
MT,en,inflation,2021-06-01,53
MT,en,inflation,2021-07-01,0
MT,en,inflation,2021-08-01,0
SI,sl,inflacija,2025-12-01,51
SI,sl,inflacija,2026-01-01,70
SI,sl,inflacija,2026-02-01,68
SK,sk,inflacia,2014-01-01,30
SK,sk,inflacia,2014-02-01,20
SK,sk,inflacia,2014-03-01,14
SK,sk,inflacia,2014-04-01,14
SK,sk,inflacia,2014-05-01,21
SK,sk,inflacia,2014-06-01,17
SK,sk,inflacia,2014-07-01,10
SK,sk,inflacia,2014-08-01,8
SK,sk,inflacia,2014-09-01,12
SK,sk,inflacia,2014-10-01,11
SK,sk,inflacia,2014-11-01,14
SK,sk,inflacia,2014-12-01,13
SK,sk,inflacia,2015-01-01,21
SK,sk,inflacia,2015-02-01,17
SK,sk,inflacia,2015-03-01,22
SK,sk,inflacia,2015-04-01,20
SK,sk,inflacia,2015-05-01,18
SK,sk,inflacia,2015-06-01,14
SK,sk,inflacia,2015-07-01,0
SK,sk,inflacia,2015-08-01,0
SK,sk,inflacia,2015-09-01,14
SK,sk,inflacia,2015-10-01,11
SK,sk,inflacia,2015-11-01,12
SK,sk,inflacia,2015-12-01,12
SK,sk,inflacia,2016-01-01,21
SK,sk,inflacia,2016-02-01,13
SK,sk,inflacia,2016-03-01,15
SK,sk,inflacia,2016-04-01,20
SK,sk,inflacia,2016-05-01,18
SK,sk,inflacia,2016-06-01,18
SK,sk,inflacia,2016-07-01,0
SK,sk,inflacia,2016-08-01,6
SK,sk,inflacia,2016-09-01,10
SK,sk,inflacia,2016-10-01,12
SK,sk,inflacia,2016-11-01,14
SK,sk,inflacia,2016-12-01,18
SK,sk,inflacia,2017-01-01,17
SK,sk,inflacia,2017-02-01,18
SK,sk,inflacia,2017-03-01,20
SK,sk,inflacia,2017-04-01,14
SK,sk,inflacia,2017-05-01,24
SK,sk,inflacia,2017-06-01,11
SK,sk,inflacia,2017-07-01,0
SK,sk,inflacia,2017-08-01,7
SK,sk,inflacia,2017-09-01,12
SK,sk,inflacia,2017-10-01,15
SK,sk,inflacia,2017-11-01,18
SK,sk,inflacia,2017-12-01,15
SK,sk,inflacia,2018-01-01,23
SK,sk,inflacia,2018-02-01,16
SK,sk,inflacia,2018-03-01,18
SK,sk,inflacia,2018-04-01,20
SK,sk,inflacia,2018-05-01,9
SK,sk,inflacia,2018-06-01,23
SK,sk,inflacia,2018-07-01,10
SK,sk,inflacia,2018-08-01,17
SK,sk,inflacia,2018-09-01,13
SK,sk,inflacia,2018-10-01,19
SK,sk,inflacia,2018-11-01,18
SK,sk,inflacia,2018-12-01,20
SK,sk,inflacia,2019-01-01,20
SK,sk,inflacia,2019-02-01,17
SK,sk,inflacia,2019-03-01,17
SK,sk,inflacia,2019-04-01,18
SK,sk,inflacia,2019-05-01,16
SK,sk,inflacia,2019-06-01,13
SK,sk,inflacia,2019-07-01,12
SK,sk,inflacia,2019-08-01,12
SK,sk,inflacia,2019-09-01,14
SK,sk,inflacia,2019-10-01,14
SK,sk,inflacia,2019-11-01,18
SK,sk,inflacia,2019-12-01,19
SK,sk,inflacia,2020-01-01,20
SK,sk,inflacia,2020-02-01,15
SK,sk,inflacia,2020-03-01,25
SK,sk,inflacia,2020-04-01,26
SK,sk,inflacia,2020-05-01,17
SK,sk,inflacia,2020-06-01,20
SK,sk,inflacia,2020-07-01,16
SK,sk,inflacia,2020-08-01,13
SK,sk,inflacia,2020-09-01,12
SK,sk,inflacia,2020-10-01,16
SK,sk,inflacia,2020-11-01,22
SK,sk,inflacia,2020-12-01,16
SK,sk,inflacia,2021-01-01,22
SK,sk,inflacia,2021-02-01,20
SK,sk,inflacia,2021-03-01,18
SK,sk,inflacia,2021-04-01,26
SK,sk,inflacia,2021-05-01,24
SK,sk,inflacia,2021-06-01,27
SK,sk,inflacia,2021-07-01,19
SK,sk,inflacia,2021-08-01,22
SK,sk,inflacia,2021-09-01,30
SK,sk,inflacia,2021-10-01,44
SK,sk,inflacia,2021-11-01,36
SK,sk,inflacia,2021-12-01,54
SK,sk,inflacia,2022-01-01,78
SK,sk,inflacia,2022-02-01,72
SK,sk,inflacia,2022-03-01,65
SK,sk,inflacia,2022-04-01,58
SK,sk,inflacia,2022-05-01,67
SK,sk,inflacia,2022-06-01,78
SK,sk,inflacia,2022-07-01,75
SK,sk,inflacia,2022-08-01,49
SK,sk,inflacia,2022-09-01,65
SK,sk,inflacia,2022-10-01,59
SK,sk,inflacia,2022-11-01,73
SK,sk,inflacia,2022-12-01,62
SK,sk,inflacia,2023-01-01,100
SK,sk,inflacia,2023-02-01,74
SK,sk,inflacia,2023-03-01,70
SK,sk,inflacia,2023-04-01,54
SK,sk,inflacia,2023-05-01,47
SK,sk,inflacia,2023-06-01,47
SK,sk,inflacia,2023-07-01,41
SK,sk,inflacia,2023-08-01,41
SK,sk,inflacia,2023-09-01,51
SK,sk,inflacia,2023-10-01,57
SK,sk,inflacia,2023-11-01,56
SK,sk,inflacia,2023-12-01,61
SK,sk,inflacia,2024-01-01,89
SK,sk,inflacia,2024-02-01,61
SK,sk,inflacia,2024-03-01,43
SK,sk,inflacia,2024-04-01,51
SK,sk,inflacia,2024-05-01,35
SK,sk,inflacia,2024-06-01,30
SK,sk,inflacia,2024-07-01,36
SK,sk,inflacia,2024-08-01,45
SK,sk,inflacia,2024-09-01,36
SK,sk,inflacia,2024-10-01,52
SK,sk,inflacia,2024-11-01,46
SK,sk,inflacia,2024-12-01,48
SK,sk,inflacia,2025-01-01,85
SK,sk,inflacia,2025-02-01,64
SK,sk,inflacia,2025-03-01,49
SK,sk,inflacia,2025-04-01,49
SK,sk,inflacia,2025-05-01,45
SK,sk,inflacia,2025-06-01,36
SK,sk,inflacia,2025-07-01,38
SK,sk,inflacia,2025-08-01,42
SK,sk,inflacia,2025-09-01,50
SK,sk,inflacia,2025-10-01,61
SK,sk,inflacia,2025-11-01,32
SK,sk,inflacia,2025-12-01,37
SK,sk,inflacia,2026-01-01,73
SK,sk,inflacia,2026-02-01,35
FI,fi,inflaatio,2014-01-01,24
FI,fi,inflaatio,2014-02-01,22
FI,fi,inflaatio,2014-03-01,27
FI,fi,inflaatio,2014-04-01,20
FI,fi,inflaatio,2014-05-01,19
FI,fi,inflaatio,2014-06-01,11
FI,fi,inflaatio,2014-07-01,10
FI,fi,inflaatio,2014-08-01,13
FI,fi,inflaatio,2014-09-01,21
FI,fi,inflaatio,2014-10-01,19
FI,fi,inflaatio,2014-11-01,24
FI,fi,inflaatio,2014-12-01,20
FI,fi,inflaatio,2015-01-01,25
FI,fi,inflaatio,2015-02-01,21
FI,fi,inflaatio,2015-03-01,27
FI,fi,inflaatio,2015-04-01,20
FI,fi,inflaatio,2015-05-01,25
FI,fi,inflaatio,2015-06-01,11
FI,fi,inflaatio,2015-07-01,9
FI,fi,inflaatio,2015-08-01,14
FI,fi,inflaatio,2015-09-01,19
FI,fi,inflaatio,2015-10-01,14
FI,fi,inflaatio,2015-11-01,21
FI,fi,inflaatio,2015-12-01,16
FI,fi,inflaatio,2016-01-01,17
FI,fi,inflaatio,2016-02-01,22
FI,fi,inflaatio,2016-03-01,20
FI,fi,inflaatio,2016-04-01,19
FI,fi,inflaatio,2016-05-01,18
FI,fi,inflaatio,2016-06-01,8
FI,fi,inflaatio,2016-07-01,8
FI,fi,inflaatio,2016-08-01,9
FI,fi,inflaatio,2016-09-01,17
FI,fi,inflaatio,2016-10-01,18
FI,fi,inflaatio,2016-11-01,24
FI,fi,inflaatio,2016-12-01,15
FI,fi,inflaatio,2017-01-01,22
FI,fi,inflaatio,2017-02-01,24
FI,fi,inflaatio,2017-03-01,22
FI,fi,inflaatio,2017-04-01,20
FI,fi,inflaatio,2017-05-01,15
FI,fi,inflaatio,2017-06-01,10
FI,fi,inflaatio,2017-07-01,9
FI,fi,inflaatio,2017-08-01,16
FI,fi,inflaatio,2017-09-01,21
FI,fi,inflaatio,2017-10-01,16
FI,fi,inflaatio,2017-11-01,25
FI,fi,inflaatio,2017-12-01,21
FI,fi,inflaatio,2018-01-01,20
FI,fi,inflaatio,2018-02-01,28
FI,fi,inflaatio,2018-03-01,22
FI,fi,inflaatio,2018-04-01,24
FI,fi,inflaatio,2018-05-01,22
FI,fi,inflaatio,2018-06-01,9
FI,fi,inflaatio,2018-07-01,10
FI,fi,inflaatio,2018-08-01,18
FI,fi,inflaatio,2018-09-01,26
FI,fi,inflaatio,2018-10-01,17
FI,fi,inflaatio,2018-11-01,25
FI,fi,inflaatio,2018-12-01,19
FI,fi,inflaatio,2019-01-01,21
FI,fi,inflaatio,2019-02-01,22
FI,fi,inflaatio,2019-03-01,24
FI,fi,inflaatio,2019-04-01,18
FI,fi,inflaatio,2019-05-01,21
FI,fi,inflaatio,2019-06-01,11
FI,fi,inflaatio,2019-07-01,9
FI,fi,inflaatio,2019-08-01,13
FI,fi,inflaatio,2019-09-01,20
FI,fi,inflaatio,2019-10-01,17
FI,fi,inflaatio,2019-11-01,21
FI,fi,inflaatio,2019-12-01,18
FI,fi,inflaatio,2020-01-01,23
FI,fi,inflaatio,2020-02-01,24
FI,fi,inflaatio,2020-03-01,40
FI,fi,inflaatio,2020-04-01,38
FI,fi,inflaatio,2020-05-01,27
FI,fi,inflaatio,2020-06-01,17
FI,fi,inflaatio,2020-07-01,11
FI,fi,inflaatio,2020-08-01,18
FI,fi,inflaatio,2020-09-01,23
FI,fi,inflaatio,2020-10-01,18
FI,fi,inflaatio,2020-11-01,22
FI,fi,inflaatio,2020-12-01,22
FI,fi,inflaatio,2021-01-01,26
FI,fi,inflaatio,2021-02-01,35
FI,fi,inflaatio,2021-03-01,39
FI,fi,inflaatio,2021-04-01,30
FI,fi,inflaatio,2021-05-01,46
FI,fi,inflaatio,2021-06-01,31
FI,fi,inflaatio,2021-07-01,20
FI,fi,inflaatio,2021-08-01,23
FI,fi,inflaatio,2021-09-01,31
FI,fi,inflaatio,2021-10-01,39
FI,fi,inflaatio,2021-11-01,44
FI,fi,inflaatio,2021-12-01,52
FI,fi,inflaatio,2022-01-01,89
FI,fi,inflaatio,2022-02-01,95
FI,fi,inflaatio,2022-03-01,100
FI,fi,inflaatio,2022-04-01,84
FI,fi,inflaatio,2022-05-01,74
FI,fi,inflaatio,2022-06-01,97
FI,fi,inflaatio,2022-07-01,71
FI,fi,inflaatio,2022-08-01,77
FI,fi,inflaatio,2022-09-01,80
FI,fi,inflaatio,2022-10-01,81
FI,fi,inflaatio,2022-11-01,73
FI,fi,inflaatio,2022-12-01,58
FI,fi,inflaatio,2023-01-01,74
FI,fi,inflaatio,2023-02-01,79
FI,fi,inflaatio,2023-03-01,83
FI,fi,inflaatio,2023-04-01,55
FI,fi,inflaatio,2023-05-01,58
FI,fi,inflaatio,2023-06-01,43
FI,fi,inflaatio,2023-07-01,42
FI,fi,inflaatio,2023-08-01,52
FI,fi,inflaatio,2023-09-01,58
FI,fi,inflaatio,2023-10-01,49
FI,fi,inflaatio,2023-11-01,46
FI,fi,inflaatio,2023-12-01,35
FI,fi,inflaatio,2024-01-01,40
FI,fi,inflaatio,2024-02-01,44
FI,fi,inflaatio,2024-03-01,42
FI,fi,inflaatio,2024-04-01,48
FI,fi,inflaatio,2024-05-01,35
FI,fi,inflaatio,2024-06-01,25
FI,fi,inflaatio,2024-07-01,24
FI,fi,inflaatio,2024-08-01,33
FI,fi,inflaatio,2024-09-01,36
FI,fi,inflaatio,2024-10-01,33
FI,fi,inflaatio,2024-11-01,43
FI,fi,inflaatio,2024-12-01,32
FI,fi,inflaatio,2025-01-01,42
FI,fi,inflaatio,2025-02-01,45
FI,fi,inflaatio,2025-03-01,41
FI,fi,inflaatio,2025-04-01,36
FI,fi,inflaatio,2025-05-01,26
FI,fi,inflaatio,2025-06-01,18
FI,fi,inflaatio,2025-07-01,18
FI,fi,inflaatio,2025-08-01,25
FI,fi,inflaatio,2025-09-01,30
FI,fi,inflaatio,2025-10-01,28
FI,fi,inflaatio,2025-11-01,30
FI,fi,inflaatio,2025-12-01,25
FI,fi,inflaatio,2026-01-01,33
FI,fi,inflaatio,2026-02-01,29
MT,en,inflation,2021-09-01,32
MT,en,inflation,2021-10-01,37
MT,en,inflation,2021-11-01,56
MT,en,inflation,2021-12-01,34
MT,en,inflation,2022-01-01,83
MT,en,inflation,2022-02-01,51
MT,en,inflation,2022-03-01,50
MT,en,inflation,2022-04-01,71
MT,en,inflation,2022-05-01,62
MT,en,inflation,2022-06-01,91
MT,en,inflation,2022-07-01,54
MT,en,inflation,2022-08-01,68
MT,en,inflation,2022-09-01,43
MT,en,inflation,2022-10-01,67
MT,en,inflation,2022-11-01,54
MT,en,inflation,2022-12-01,40
MT,en,inflation,2023-01-01,67
MT,en,inflation,2023-02-01,52
MT,en,inflation,2023-03-01,57
MT,en,inflation,2023-04-01,35
MT,en,inflation,2023-05-01,60
MT,en,inflation,2023-06-01,58
MT,en,inflation,2023-07-01,35
MT,en,inflation,2023-08-01,51
MT,en,inflation,2023-09-01,31
MT,en,inflation,2023-10-01,53
MT,en,inflation,2023-11-01,50
MT,en,inflation,2023-12-01,66
MT,en,inflation,2024-01-01,65
MT,en,inflation,2024-02-01,43
MT,en,inflation,2024-03-01,36
MT,en,inflation,2024-04-01,51
MT,en,inflation,2024-05-01,30
MT,en,inflation,2024-06-01,34
MT,en,inflation,2024-07-01,37
MT,en,inflation,2024-08-01,42
MT,en,inflation,2024-09-01,37
MT,en,inflation,2024-10-01,37
MT,en,inflation,2024-11-01,40
MT,en,inflation,2024-12-01,44
MT,en,inflation,2025-01-01,41
MT,en,inflation,2025-02-01,32
MT,en,inflation,2025-03-01,45
MT,en,inflation,2025-04-01,57
MT,en,inflation,2025-05-01,41
MT,en,inflation,2025-06-01,33
MT,en,inflation,2025-07-01,27
MT,en,inflation,2025-08-01,38
MT,en,inflation,2025-09-01,39
MT,en,inflation,2025-10-01,46
MT,en,inflation,2025-11-01,100
MT,en,inflation,2025-12-01,63
MT,en,inflation,2026-01-01,53
MT,en,inflation,2026-02-01,68
NL,nl,inflatie,2014-01-01,30
NL,nl,inflatie,2014-02-01,19
NL,nl,inflatie,2014-03-01,19
NL,nl,inflatie,2014-04-01,18
NL,nl,inflatie,2014-05-01,18
NL,nl,inflatie,2014-06-01,17
NL,nl,inflatie,2014-07-01,10
NL,nl,inflatie,2014-08-01,10
NL,nl,inflatie,2014-09-01,17
NL,nl,inflatie,2014-10-01,18
NL,nl,inflatie,2014-11-01,20
NL,nl,inflatie,2014-12-01,23
NL,nl,inflatie,2015-01-01,30
NL,nl,inflatie,2015-02-01,18
NL,nl,inflatie,2015-03-01,18
NL,nl,inflatie,2015-04-01,17
NL,nl,inflatie,2015-05-01,14
NL,nl,inflatie,2015-06-01,15
NL,nl,inflatie,2015-07-01,11
NL,nl,inflatie,2015-08-01,9
NL,nl,inflatie,2015-09-01,14
NL,nl,inflatie,2015-10-01,17
NL,nl,inflatie,2015-11-01,17
NL,nl,inflatie,2015-12-01,20
NL,nl,inflatie,2016-01-01,23
NL,nl,inflatie,2016-02-01,16
NL,nl,inflatie,2016-03-01,17
NL,nl,inflatie,2016-04-01,13
NL,nl,inflatie,2016-05-01,15
NL,nl,inflatie,2016-06-01,14
NL,nl,inflatie,2016-07-01,7
NL,nl,inflatie,2016-08-01,9
NL,nl,inflatie,2016-09-01,15
NL,nl,inflatie,2016-10-01,16
NL,nl,inflatie,2016-11-01,16
NL,nl,inflatie,2016-12-01,22
NL,nl,inflatie,2017-01-01,25
NL,nl,inflatie,2017-02-01,19
NL,nl,inflatie,2017-03-01,19
NL,nl,inflatie,2017-04-01,14
NL,nl,inflatie,2017-05-01,16
NL,nl,inflatie,2017-06-01,15
NL,nl,inflatie,2017-07-01,9
NL,nl,inflatie,2017-08-01,10
NL,nl,inflatie,2017-09-01,17
NL,nl,inflatie,2017-10-01,17
NL,nl,inflatie,2017-11-01,18
NL,nl,inflatie,2017-12-01,19
NL,nl,inflatie,2018-01-01,25
NL,nl,inflatie,2018-02-01,20
NL,nl,inflatie,2018-03-01,18
NL,nl,inflatie,2018-04-01,16
NL,nl,inflatie,2018-05-01,18
NL,nl,inflatie,2018-06-01,15
NL,nl,inflatie,2018-07-01,10
NL,nl,inflatie,2018-08-01,11
NL,nl,inflatie,2018-09-01,18
NL,nl,inflatie,2018-10-01,17
NL,nl,inflatie,2018-11-01,19
NL,nl,inflatie,2018-12-01,22
NL,nl,inflatie,2019-01-01,27
NL,nl,inflatie,2019-02-01,19
NL,nl,inflatie,2019-03-01,16
NL,nl,inflatie,2019-04-01,13
NL,nl,inflatie,2019-05-01,16
NL,nl,inflatie,2019-06-01,15
NL,nl,inflatie,2019-07-01,10
NL,nl,inflatie,2019-08-01,10
NL,nl,inflatie,2019-09-01,18
NL,nl,inflatie,2019-10-01,17
NL,nl,inflatie,2019-11-01,18
NL,nl,inflatie,2019-12-01,21
NL,nl,inflatie,2020-01-01,29
NL,nl,inflatie,2020-02-01,15
NL,nl,inflatie,2020-03-01,16
NL,nl,inflatie,2020-04-01,18
NL,nl,inflatie,2020-05-01,18
NL,nl,inflatie,2020-06-01,18
NL,nl,inflatie,2020-07-01,11
NL,nl,inflatie,2020-08-01,10
NL,nl,inflatie,2020-09-01,20
NL,nl,inflatie,2020-10-01,21
NL,nl,inflatie,2020-11-01,21
NL,nl,inflatie,2020-12-01,23
NL,nl,inflatie,2021-01-01,27
NL,nl,inflatie,2021-02-01,24
NL,nl,inflatie,2021-03-01,24
NL,nl,inflatie,2021-04-01,19
NL,nl,inflatie,2021-05-01,26
NL,nl,inflatie,2021-06-01,23
NL,nl,inflatie,2021-07-01,17
NL,nl,inflatie,2021-08-01,16
NL,nl,inflatie,2021-09-01,24
NL,nl,inflatie,2021-10-01,40
NL,nl,inflatie,2021-11-01,56
NL,nl,inflatie,2021-12-01,66
NL,nl,inflatie,2022-01-01,69
NL,nl,inflatie,2022-02-01,71
NL,nl,inflatie,2022-03-01,54
NL,nl,inflatie,2022-04-01,67
NL,nl,inflatie,2022-05-01,51
NL,nl,inflatie,2022-06-01,58
NL,nl,inflatie,2022-07-01,46
NL,nl,inflatie,2022-08-01,61
NL,nl,inflatie,2022-09-01,100
NL,nl,inflatie,2022-10-01,86
NL,nl,inflatie,2022-11-01,81
NL,nl,inflatie,2022-12-01,71
NL,nl,inflatie,2023-01-01,76
NL,nl,inflatie,2023-02-01,54
NL,nl,inflatie,2023-03-01,55
NL,nl,inflatie,2023-04-01,40
NL,nl,inflatie,2023-05-01,43
NL,nl,inflatie,2023-06-01,42
NL,nl,inflatie,2023-07-01,30
NL,nl,inflatie,2023-08-01,28
NL,nl,inflatie,2023-09-01,44
NL,nl,inflatie,2023-10-01,46
NL,nl,inflatie,2023-11-01,52
NL,nl,inflatie,2023-12-01,55
NL,nl,inflatie,2024-01-01,51
NL,nl,inflatie,2024-02-01,37
NL,nl,inflatie,2024-03-01,33
NL,nl,inflatie,2024-04-01,35
NL,nl,inflatie,2024-05-01,30
NL,nl,inflatie,2024-06-01,27
NL,nl,inflatie,2024-07-01,28
NL,nl,inflatie,2024-08-01,30
NL,nl,inflatie,2024-09-01,38
NL,nl,inflatie,2024-10-01,44
NL,nl,inflatie,2024-11-01,48
NL,nl,inflatie,2024-12-01,54
NL,nl,inflatie,2025-01-01,66
NL,nl,inflatie,2025-02-01,36
NL,nl,inflatie,2025-03-01,38
NL,nl,inflatie,2025-04-01,32
NL,nl,inflatie,2025-05-01,27
NL,nl,inflatie,2025-06-01,29
NL,nl,inflatie,2025-07-01,25
NL,nl,inflatie,2025-08-01,26
NL,nl,inflatie,2025-09-01,32
NL,nl,inflatie,2025-10-01,39
NL,nl,inflatie,2025-11-01,42
NL,nl,inflatie,2025-12-01,47
NL,nl,inflatie,2026-01-01,48
NL,nl,inflatie,2026-02-01,31
AT,de,inflation,2014-01-01,26
AT,de,inflation,2014-02-01,22
AT,de,inflation,2014-03-01,21
AT,de,inflation,2014-04-01,20
AT,de,inflation,2014-05-01,23
AT,de,inflation,2014-06-01,25
AT,de,inflation,2014-07-01,14
AT,de,inflation,2014-08-01,15
AT,de,inflation,2014-09-01,20
AT,de,inflation,2014-10-01,24
AT,de,inflation,2014-11-01,27
AT,de,inflation,2014-12-01,21
AT,de,inflation,2015-01-01,32
AT,de,inflation,2015-02-01,18
AT,de,inflation,2015-03-01,20
AT,de,inflation,2015-04-01,21
AT,de,inflation,2015-05-01,21
AT,de,inflation,2015-06-01,22
AT,de,inflation,2015-07-01,15
AT,de,inflation,2015-08-01,12
AT,de,inflation,2015-09-01,16
AT,de,inflation,2015-10-01,20
AT,de,inflation,2015-11-01,21
AT,de,inflation,2015-12-01,19
AT,de,inflation,2016-01-01,23
AT,de,inflation,2016-02-01,18
AT,de,inflation,2016-03-01,17
AT,de,inflation,2016-04-01,19
AT,de,inflation,2016-05-01,15
AT,de,inflation,2016-06-01,20
AT,de,inflation,2016-07-01,12
AT,de,inflation,2016-08-01,12
AT,de,inflation,2016-09-01,15
AT,de,inflation,2016-10-01,19
AT,de,inflation,2016-11-01,26
AT,de,inflation,2016-12-01,18
AT,de,inflation,2017-01-01,25
AT,de,inflation,2017-02-01,20
AT,de,inflation,2017-03-01,21
AT,de,inflation,2017-04-01,20
AT,de,inflation,2017-05-01,19
AT,de,inflation,2017-06-01,17
AT,de,inflation,2017-07-01,14
AT,de,inflation,2017-08-01,13
AT,de,inflation,2017-09-01,16
AT,de,inflation,2017-10-01,20
AT,de,inflation,2017-11-01,25
AT,de,inflation,2017-12-01,19
AT,de,inflation,2018-01-01,23
AT,de,inflation,2018-02-01,17
AT,de,inflation,2018-03-01,18
AT,de,inflation,2018-04-01,20
AT,de,inflation,2018-05-01,18
AT,de,inflation,2018-06-01,18
AT,de,inflation,2018-07-01,15
AT,de,inflation,2018-08-01,16
AT,de,inflation,2018-09-01,20
AT,de,inflation,2018-10-01,18
AT,de,inflation,2018-11-01,24
AT,de,inflation,2018-12-01,18
AT,de,inflation,2019-01-01,22
AT,de,inflation,2019-02-01,17
AT,de,inflation,2019-03-01,20
AT,de,inflation,2019-04-01,17
AT,de,inflation,2019-05-01,18
AT,de,inflation,2019-06-01,16
AT,de,inflation,2019-07-01,12
AT,de,inflation,2019-08-01,12
AT,de,inflation,2019-09-01,18
AT,de,inflation,2019-10-01,19
AT,de,inflation,2019-11-01,23
AT,de,inflation,2019-12-01,19
AT,de,inflation,2020-01-01,20
AT,de,inflation,2020-02-01,16
AT,de,inflation,2020-03-01,35
AT,de,inflation,2020-04-01,37
AT,de,inflation,2020-05-01,29
AT,de,inflation,2020-06-01,23
AT,de,inflation,2020-07-01,19
AT,de,inflation,2020-08-01,19
AT,de,inflation,2020-09-01,23
AT,de,inflation,2020-10-01,22
AT,de,inflation,2020-11-01,26
AT,de,inflation,2020-12-01,30
AT,de,inflation,2021-01-01,35
AT,de,inflation,2021-02-01,33
AT,de,inflation,2021-03-01,37
AT,de,inflation,2021-04-01,30
AT,de,inflation,2021-05-01,32
AT,de,inflation,2021-06-01,31
AT,de,inflation,2021-07-01,25
AT,de,inflation,2021-08-01,27
AT,de,inflation,2021-09-01,35
AT,de,inflation,2021-10-01,45
AT,de,inflation,2021-11-01,50
AT,de,inflation,2021-12-01,51
AT,de,inflation,2022-01-01,69
AT,de,inflation,2022-02-01,66
AT,de,inflation,2022-03-01,79
AT,de,inflation,2022-04-01,92
AT,de,inflation,2022-05-01,89
AT,de,inflation,2022-06-01,100
AT,de,inflation,2022-07-01,92
AT,de,inflation,2022-08-01,83
AT,de,inflation,2022-09-01,95
AT,de,inflation,2022-10-01,93
AT,de,inflation,2022-11-01,88
AT,de,inflation,2022-12-01,73
AT,de,inflation,2023-01-01,88
AT,de,inflation,2023-02-01,81
AT,de,inflation,2023-03-01,83
AT,de,inflation,2023-04-01,64
AT,de,inflation,2023-05-01,81
AT,de,inflation,2023-06-01,74
AT,de,inflation,2023-07-01,62
AT,de,inflation,2023-08-01,63
AT,de,inflation,2023-09-01,84
AT,de,inflation,2023-10-01,78
AT,de,inflation,2023-11-01,96
AT,de,inflation,2023-12-01,82
AT,de,inflation,2024-01-01,89
AT,de,inflation,2024-02-01,71
AT,de,inflation,2024-03-01,60
AT,de,inflation,2024-04-01,66
AT,de,inflation,2024-05-01,55
AT,de,inflation,2024-06-01,52
AT,de,inflation,2024-07-01,50
AT,de,inflation,2024-08-01,52
AT,de,inflation,2024-09-01,66
AT,de,inflation,2024-10-01,83
AT,de,inflation,2024-11-01,73
AT,de,inflation,2024-12-01,55
AT,de,inflation,2025-01-01,64
AT,de,inflation,2025-02-01,54
AT,de,inflation,2025-03-01,52
AT,de,inflation,2025-04-01,51
AT,de,inflation,2025-05-01,48
AT,de,inflation,2025-06-01,40
AT,de,inflation,2025-07-01,40
AT,de,inflation,2025-08-01,55
AT,de,inflation,2025-09-01,90
AT,de,inflation,2025-10-01,65
AT,de,inflation,2025-11-01,96
AT,de,inflation,2025-12-01,100
AT,de,inflation,2026-01-01,95
AT,de,inflation,2026-02-01,85
PT,pt,inflação,2014-01-01,34
PT,pt,inflação,2014-02-01,22
PT,pt,inflação,2014-03-01,17
PT,pt,inflação,2014-04-01,14
PT,pt,inflação,2014-05-01,17
PT,pt,inflação,2014-06-01,16
PT,pt,inflação,2014-07-01,9
PT,pt,inflação,2014-08-01,5
PT,pt,inflação,2014-09-01,13
PT,pt,inflação,2014-10-01,14
PT,pt,inflação,2014-11-01,15
PT,pt,inflação,2014-12-01,15
PT,pt,inflação,2015-01-01,34
PT,pt,inflação,2015-02-01,17
PT,pt,inflação,2015-03-01,14
PT,pt,inflação,2015-04-01,16
PT,pt,inflação,2015-05-01,13
PT,pt,inflação,2015-06-01,10
PT,pt,inflação,2015-07-01,11
PT,pt,inflação,2015-08-01,7
PT,pt,inflação,2015-09-01,11
PT,pt,inflação,2015-10-01,16
PT,pt,inflação,2015-11-01,15
PT,pt,inflação,2015-12-01,16
PT,pt,inflação,2016-01-01,28
PT,pt,inflação,2016-02-01,17
PT,pt,inflação,2016-03-01,16
PT,pt,inflação,2016-04-01,15
PT,pt,inflação,2016-05-01,14
PT,pt,inflação,2016-06-01,14
PT,pt,inflação,2016-07-01,8
PT,pt,inflação,2016-08-01,5
PT,pt,inflação,2016-09-01,9
PT,pt,inflação,2016-10-01,16
PT,pt,inflação,2016-11-01,16
PT,pt,inflação,2016-12-01,15
PT,pt,inflação,2017-01-01,31
PT,pt,inflação,2017-02-01,18
PT,pt,inflação,2017-03-01,17
PT,pt,inflação,2017-04-01,13
PT,pt,inflação,2017-05-01,16
PT,pt,inflação,2017-06-01,14
PT,pt,inflação,2017-07-01,8
PT,pt,inflação,2017-08-01,7
PT,pt,inflação,2017-09-01,11
PT,pt,inflação,2017-10-01,16
PT,pt,inflação,2017-11-01,17
PT,pt,inflação,2017-12-01,18
PT,pt,inflação,2018-01-01,36
PT,pt,inflação,2018-02-01,19
PT,pt,inflação,2018-03-01,15
PT,pt,inflação,2018-04-01,15
PT,pt,inflação,2018-05-01,16
PT,pt,inflação,2018-06-01,13
PT,pt,inflação,2018-07-01,7
PT,pt,inflação,2018-08-01,10
PT,pt,inflação,2018-09-01,12
PT,pt,inflação,2018-10-01,17
PT,pt,inflação,2018-11-01,20
PT,pt,inflação,2018-12-01,20
PT,pt,inflação,2019-01-01,36
PT,pt,inflação,2019-02-01,21
PT,pt,inflação,2019-03-01,18
PT,pt,inflação,2019-04-01,11
PT,pt,inflação,2019-05-01,18
PT,pt,inflação,2019-06-01,13
PT,pt,inflação,2019-07-01,10
PT,pt,inflação,2019-08-01,7
PT,pt,inflação,2019-09-01,16
PT,pt,inflação,2019-10-01,15
PT,pt,inflação,2019-11-01,21
PT,pt,inflação,2019-12-01,18
PT,pt,inflação,2020-01-01,30
PT,pt,inflação,2020-02-01,20
PT,pt,inflação,2020-03-01,15
PT,pt,inflação,2020-04-01,15
PT,pt,inflação,2020-05-01,18
PT,pt,inflação,2020-06-01,17
PT,pt,inflação,2020-07-01,9
PT,pt,inflação,2020-08-01,7
PT,pt,inflação,2020-09-01,12
PT,pt,inflação,2020-10-01,14
PT,pt,inflação,2020-11-01,14
PT,pt,inflação,2020-12-01,15
PT,pt,inflação,2021-01-01,21
PT,pt,inflação,2021-02-01,20
PT,pt,inflação,2021-03-01,18
PT,pt,inflação,2021-04-01,16
PT,pt,inflação,2021-05-01,17
PT,pt,inflação,2021-06-01,16
PT,pt,inflação,2021-07-01,12
PT,pt,inflação,2021-08-01,10
PT,pt,inflação,2021-09-01,13
PT,pt,inflação,2021-10-01,23
PT,pt,inflação,2021-11-01,26
PT,pt,inflação,2021-12-01,28
PT,pt,inflação,2022-01-01,55
PT,pt,inflação,2022-02-01,43
PT,pt,inflação,2022-03-01,46
PT,pt,inflação,2022-04-01,45
PT,pt,inflação,2022-05-01,46
PT,pt,inflação,2022-06-01,45
PT,pt,inflação,2022-07-01,44
PT,pt,inflação,2022-08-01,38
PT,pt,inflação,2022-09-01,100
PT,pt,inflação,2022-10-01,82
PT,pt,inflação,2022-11-01,60
PT,pt,inflação,2022-12-01,56
PT,pt,inflação,2023-01-01,78
PT,pt,inflação,2023-02-01,54
PT,pt,inflação,2023-03-01,54
PT,pt,inflação,2023-04-01,44
PT,pt,inflação,2023-05-01,38
PT,pt,inflação,2023-06-01,40
PT,pt,inflação,2023-07-01,34
PT,pt,inflação,2023-08-01,31
PT,pt,inflação,2023-09-01,38
PT,pt,inflação,2023-10-01,38
PT,pt,inflação,2023-11-01,52
PT,pt,inflação,2023-12-01,47
PT,pt,inflação,2024-01-01,80
PT,pt,inflação,2024-02-01,46
PT,pt,inflação,2024-03-01,43
PT,pt,inflação,2024-04-01,33
PT,pt,inflação,2024-05-01,32
PT,pt,inflação,2024-06-01,25
PT,pt,inflação,2024-07-01,29
PT,pt,inflação,2024-08-01,24
PT,pt,inflação,2024-09-01,29
PT,pt,inflação,2024-10-01,34
PT,pt,inflação,2024-11-01,41
PT,pt,inflação,2024-12-01,48
PT,pt,inflação,2025-01-01,68
PT,pt,inflação,2025-02-01,42
PT,pt,inflação,2025-03-01,36
PT,pt,inflação,2025-04-01,30
PT,pt,inflação,2025-05-01,23
PT,pt,inflação,2025-06-01,24
PT,pt,inflação,2025-07-01,21
PT,pt,inflação,2025-08-01,21
PT,pt,inflação,2025-09-01,24
PT,pt,inflação,2025-10-01,29
PT,pt,inflação,2025-11-01,35
PT,pt,inflação,2025-12-01,41
PT,pt,inflação,2026-01-01,62
PT,pt,inflação,2026-02-01,35
SI,sl,inflacija,2014-01-01,20
SI,sl,inflacija,2014-02-01,23
SI,sl,inflacija,2014-03-01,20
SI,sl,inflacija,2014-04-01,15
SI,sl,inflacija,2014-05-01,12
SI,sl,inflacija,2014-06-01,14
SI,sl,inflacija,2014-07-01,10
SI,sl,inflacija,2014-08-01,0
SI,sl,inflacija,2014-09-01,11
SI,sl,inflacija,2014-10-01,15
SI,sl,inflacija,2014-11-01,11
SI,sl,inflacija,2014-12-01,23
SI,sl,inflacija,2015-01-01,22
SI,sl,inflacija,2015-02-01,21
SI,sl,inflacija,2015-03-01,15
SI,sl,inflacija,2015-04-01,0
SI,sl,inflacija,2015-05-01,14
SI,sl,inflacija,2015-06-01,10
SI,sl,inflacija,2015-07-01,0
SI,sl,inflacija,2015-08-01,10
SI,sl,inflacija,2015-09-01,9
SI,sl,inflacija,2015-10-01,0
SI,sl,inflacija,2015-11-01,13
SI,sl,inflacija,2015-12-01,9
SI,sl,inflacija,2016-01-01,12
SI,sl,inflacija,2016-02-01,13
SI,sl,inflacija,2016-03-01,9
SI,sl,inflacija,2016-04-01,0
SI,sl,inflacija,2016-05-01,0
SI,sl,inflacija,2016-06-01,12
SI,sl,inflacija,2016-07-01,0
SI,sl,inflacija,2016-08-01,0
SI,sl,inflacija,2016-09-01,0
SI,sl,inflacija,2016-10-01,10
SI,sl,inflacija,2016-11-01,17
SI,sl,inflacija,2016-12-01,9
SI,sl,inflacija,2017-01-01,19
SI,sl,inflacija,2017-02-01,12
SI,sl,inflacija,2017-03-01,20
SI,sl,inflacija,2017-04-01,13
SI,sl,inflacija,2017-05-01,18
SI,sl,inflacija,2017-06-01,0
SI,sl,inflacija,2017-07-01,11
SI,sl,inflacija,2017-08-01,0
SI,sl,inflacija,2017-09-01,0
SI,sl,inflacija,2017-10-01,11
SI,sl,inflacija,2017-11-01,17
SI,sl,inflacija,2017-12-01,18
SI,sl,inflacija,2018-01-01,16
SI,sl,inflacija,2018-02-01,10
SI,sl,inflacija,2018-03-01,20
SI,sl,inflacija,2018-04-01,14
SI,sl,inflacija,2018-05-01,12
SI,sl,inflacija,2018-06-01,17
SI,sl,inflacija,2018-07-01,14
SI,sl,inflacija,2018-08-01,17
SI,sl,inflacija,2018-09-01,15
SI,sl,inflacija,2018-10-01,14
SI,sl,inflacija,2018-11-01,13
SI,sl,inflacija,2018-12-01,15
SI,sl,inflacija,2019-01-01,16
SI,sl,inflacija,2019-02-01,21
SI,sl,inflacija,2019-03-01,16
SI,sl,inflacija,2019-04-01,13
SI,sl,inflacija,2019-05-01,18
SI,sl,inflacija,2019-06-01,11
SI,sl,inflacija,2019-07-01,10
SI,sl,inflacija,2019-08-01,9
SI,sl,inflacija,2019-09-01,13
SI,sl,inflacija,2019-10-01,11
SI,sl,inflacija,2019-11-01,17
SI,sl,inflacija,2019-12-01,14
SI,sl,inflacija,2020-01-01,20
SI,sl,inflacija,2020-02-01,17
SI,sl,inflacija,2020-03-01,16
SI,sl,inflacija,2020-04-01,21
SI,sl,inflacija,2020-05-01,21
SI,sl,inflacija,2020-06-01,9
SI,sl,inflacija,2020-07-01,9
SI,sl,inflacija,2020-08-01,18
SI,sl,inflacija,2020-09-01,7
SI,sl,inflacija,2020-10-01,8
SI,sl,inflacija,2020-11-01,18
SI,sl,inflacija,2020-12-01,22
SI,sl,inflacija,2021-01-01,20
SI,sl,inflacija,2021-02-01,15
SI,sl,inflacija,2021-03-01,30
SI,sl,inflacija,2021-04-01,28
SI,sl,inflacija,2021-05-01,25
SI,sl,inflacija,2021-06-01,45
SI,sl,inflacija,2021-07-01,15
SI,sl,inflacija,2021-08-01,14
SI,sl,inflacija,2021-09-01,18
SI,sl,inflacija,2021-10-01,46
SI,sl,inflacija,2021-11-01,35
SI,sl,inflacija,2021-12-01,38
SI,sl,inflacija,2022-01-01,63
SI,sl,inflacija,2022-02-01,62
SI,sl,inflacija,2022-03-01,65
SI,sl,inflacija,2022-04-01,49
SI,sl,inflacija,2022-05-01,52
SI,sl,inflacija,2022-06-01,57
SI,sl,inflacija,2022-07-01,61
SI,sl,inflacija,2022-08-01,49
SI,sl,inflacija,2022-09-01,53
SI,sl,inflacija,2022-10-01,53
SI,sl,inflacija,2022-11-01,48
SI,sl,inflacija,2022-12-01,50
SI,sl,inflacija,2023-01-01,64
SI,sl,inflacija,2023-02-01,58
SI,sl,inflacija,2023-03-01,52
SI,sl,inflacija,2023-04-01,48
SI,sl,inflacija,2023-05-01,41
SI,sl,inflacija,2023-06-01,36
SI,sl,inflacija,2023-07-01,30
SI,sl,inflacija,2023-08-01,28
SI,sl,inflacija,2023-09-01,36
SI,sl,inflacija,2023-10-01,39
SI,sl,inflacija,2023-11-01,57
SI,sl,inflacija,2023-12-01,100
SI,sl,inflacija,2024-01-01,89
SI,sl,inflacija,2024-02-01,76
SI,sl,inflacija,2024-03-01,54
SI,sl,inflacija,2024-04-01,53
SI,sl,inflacija,2024-05-01,46
SI,sl,inflacija,2024-06-01,30
SI,sl,inflacija,2024-07-01,32
SI,sl,inflacija,2024-08-01,41
SI,sl,inflacija,2024-09-01,40
SI,sl,inflacija,2024-10-01,35
SI,sl,inflacija,2024-11-01,43
SI,sl,inflacija,2024-12-01,52
SI,sl,inflacija,2025-01-01,74
SI,sl,inflacija,2025-02-01,78
SI,sl,inflacija,2025-03-01,50
SI,sl,inflacija,2025-04-01,37
SI,sl,inflacija,2025-05-01,29
SI,sl,inflacija,2025-06-01,23
SI,sl,inflacija,2025-07-01,24
SI,sl,inflacija,2025-08-01,31
SI,sl,inflacija,2025-09-01,42
SI,sl,inflacija,2025-10-01,47
SI,sl,inflacija,2025-11-01,49
CH,de,inflation,2014-01-01,21
CH,de,inflation,2014-02-01,18
CH,de,inflation,2014-03-01,22
CH,de,inflation,2014-04-01,18
CH,de,inflation,2014-05-01,22
CH,de,inflation,2014-06-01,20
CH,de,inflation,2014-07-01,15
CH,de,inflation,2014-08-01,18
CH,de,inflation,2014-09-01,19
CH,de,inflation,2014-10-01,18
CH,de,inflation,2014-11-01,22
CH,de,inflation,2014-12-01,20
CH,de,inflation,2015-01-01,31
CH,de,inflation,2015-02-01,18
CH,de,inflation,2015-03-01,18
CH,de,inflation,2015-04-01,17
CH,de,inflation,2015-05-01,21
CH,de,inflation,2015-06-01,18
CH,de,inflation,2015-07-01,11
CH,de,inflation,2015-08-01,16
CH,de,inflation,2015-09-01,17
CH,de,inflation,2015-10-01,17
CH,de,inflation,2015-11-01,18
CH,de,inflation,2015-12-01,20
CH,de,inflation,2016-01-01,21
CH,de,inflation,2016-02-01,16
CH,de,inflation,2016-03-01,18
CH,de,inflation,2016-04-01,17
CH,de,inflation,2016-05-01,22
CH,de,inflation,2016-06-01,18
CH,de,inflation,2016-07-01,12
CH,de,inflation,2016-08-01,15
CH,de,inflation,2016-09-01,17
CH,de,inflation,2016-10-01,20
CH,de,inflation,2016-11-01,22
CH,de,inflation,2016-12-01,20
CH,de,inflation,2017-01-01,21
CH,de,inflation,2017-02-01,19
CH,de,inflation,2017-03-01,21
CH,de,inflation,2017-04-01,16
CH,de,inflation,2017-05-01,21
CH,de,inflation,2017-06-01,18
CH,de,inflation,2017-07-01,13
CH,de,inflation,2017-08-01,14
CH,de,inflation,2017-09-01,19
CH,de,inflation,2017-10-01,19
CH,de,inflation,2017-11-01,20
CH,de,inflation,2017-12-01,17
CH,de,inflation,2018-01-01,20
CH,de,inflation,2018-02-01,23
CH,de,inflation,2018-03-01,18
CH,de,inflation,2018-04-01,19
CH,de,inflation,2018-05-01,21
CH,de,inflation,2018-06-01,19
CH,de,inflation,2018-07-01,11
CH,de,inflation,2018-08-01,18
CH,de,inflation,2018-09-01,20
CH,de,inflation,2018-10-01,20
CH,de,inflation,2018-11-01,20
CH,de,inflation,2018-12-01,17
CH,de,inflation,2019-01-01,19
CH,de,inflation,2019-02-01,19
CH,de,inflation,2019-03-01,18
CH,de,inflation,2019-04-01,17
CH,de,inflation,2019-05-01,20
CH,de,inflation,2019-06-01,17
CH,de,inflation,2019-07-01,13
CH,de,inflation,2019-08-01,15
CH,de,inflation,2019-09-01,17
CH,de,inflation,2019-10-01,16
CH,de,inflation,2019-11-01,18
CH,de,inflation,2019-12-01,15
CH,de,inflation,2020-01-01,18
CH,de,inflation,2020-02-01,17
CH,de,inflation,2020-03-01,23
CH,de,inflation,2020-04-01,25
CH,de,inflation,2020-05-01,25
CH,de,inflation,2020-06-01,18
CH,de,inflation,2020-07-01,15
CH,de,inflation,2020-08-01,18
CH,de,inflation,2020-09-01,20
CH,de,inflation,2020-10-01,16
CH,de,inflation,2020-11-01,18
CH,de,inflation,2020-12-01,20
CH,de,inflation,2021-01-01,23
CH,de,inflation,2021-02-01,32
CH,de,inflation,2021-03-01,33
CH,de,inflation,2021-04-01,22
CH,de,inflation,2021-05-01,38
CH,de,inflation,2021-06-01,32
CH,de,inflation,2021-07-01,24
CH,de,inflation,2021-08-01,25
CH,de,inflation,2021-09-01,31
CH,de,inflation,2021-10-01,43
CH,de,inflation,2021-11-01,51
CH,de,inflation,2021-12-01,53
CH,de,inflation,2022-01-01,64
CH,de,inflation,2022-02-01,56
CH,de,inflation,2022-03-01,64
CH,de,inflation,2022-04-01,72
CH,de,inflation,2022-05-01,82
CH,de,inflation,2022-06-01,100
CH,de,inflation,2022-07-01,85
CH,de,inflation,2022-08-01,79
CH,de,inflation,2022-09-01,94
CH,de,inflation,2022-10-01,93
CH,de,inflation,2022-11-01,79
CH,de,inflation,2022-12-01,63
CH,de,inflation,2023-01-01,68
CH,de,inflation,2023-02-01,59
CH,de,inflation,2023-03-01,64
CH,de,inflation,2023-04-01,51
CH,de,inflation,2023-05-01,56
CH,de,inflation,2023-06-01,55
CH,de,inflation,2023-07-01,43
CH,de,inflation,2023-08-01,43
CH,de,inflation,2023-09-01,55
CH,de,inflation,2023-10-01,50
CH,de,inflation,2023-11-01,51
CH,de,inflation,2023-12-01,48
CH,de,inflation,2024-01-01,52
CH,de,inflation,2024-02-01,70
CH,de,inflation,2024-03-01,43
CH,de,inflation,2024-04-01,41
CH,de,inflation,2024-05-01,41
CH,de,inflation,2024-06-01,37
CH,de,inflation,2024-07-01,29
CH,de,inflation,2024-08-01,38
CH,de,inflation,2024-09-01,37
CH,de,inflation,2024-10-01,41
CH,de,inflation,2024-11-01,48
CH,de,inflation,2024-12-01,39
CH,de,inflation,2025-01-01,47
CH,de,inflation,2025-02-01,42
CH,de,inflation,2025-03-01,40
CH,de,inflation,2025-04-01,34
CH,de,inflation,2025-05-01,29
CH,de,inflation,2025-06-01,29
CH,de,inflation,2025-07-01,26
CH,de,inflation,2025-08-01,30
CH,de,inflation,2025-09-01,29
CH,de,inflation,2025-10-01,31
CH,de,inflation,2025-11-01,75
CH,de,inflation,2025-12-01,88
CH,de,inflation,2026-01-01,76
CH,de,inflation,2026-02-01,60
GB,en,inflation,2014-01-01,28
GB,en,inflation,2014-02-01,29
GB,en,inflation,2014-03-01,34
GB,en,inflation,2014-04-01,26
GB,en,inflation,2014-05-01,26
GB,en,inflation,2014-06-01,21
GB,en,inflation,2014-07-01,20
GB,en,inflation,2014-08-01,18
GB,en,inflation,2014-09-01,22
GB,en,inflation,2014-10-01,26
GB,en,inflation,2014-11-01,28
GB,en,inflation,2014-12-01,22
GB,en,inflation,2015-01-01,32
GB,en,inflation,2015-02-01,33
GB,en,inflation,2015-03-01,34
GB,en,inflation,2015-04-01,28
GB,en,inflation,2015-05-01,28
GB,en,inflation,2015-06-01,21
GB,en,inflation,2015-07-01,19
GB,en,inflation,2015-08-01,18
GB,en,inflation,2015-09-01,21
GB,en,inflation,2015-10-01,24
GB,en,inflation,2015-11-01,27
GB,en,inflation,2015-12-01,21
GB,en,inflation,2016-01-01,25
GB,en,inflation,2016-02-01,26
GB,en,inflation,2016-03-01,28
GB,en,inflation,2016-04-01,26
GB,en,inflation,2016-05-01,26
GB,en,inflation,2016-06-01,20
GB,en,inflation,2016-07-01,18
GB,en,inflation,2016-08-01,18
GB,en,inflation,2016-09-01,20
GB,en,inflation,2016-10-01,28
GB,en,inflation,2016-11-01,31
GB,en,inflation,2016-12-01,22
GB,en,inflation,2017-01-01,29
GB,en,inflation,2017-02-01,30
GB,en,inflation,2017-03-01,36
GB,en,inflation,2017-04-01,28
GB,en,inflation,2017-05-01,30
GB,en,inflation,2017-06-01,27
GB,en,inflation,2017-07-01,23
GB,en,inflation,2017-08-01,20
GB,en,inflation,2017-09-01,28
GB,en,inflation,2017-10-01,30
GB,en,inflation,2017-11-01,31
GB,en,inflation,2017-12-01,25
GB,en,inflation,2018-01-01,31
GB,en,inflation,2018-02-01,31
GB,en,inflation,2018-03-01,32
GB,en,inflation,2018-04-01,31
GB,en,inflation,2018-05-01,27
GB,en,inflation,2018-06-01,23
GB,en,inflation,2018-07-01,20
GB,en,inflation,2018-08-01,24
GB,en,inflation,2018-09-01,26
GB,en,inflation,2018-10-01,29
GB,en,inflation,2018-11-01,27
GB,en,inflation,2018-12-01,23
GB,en,inflation,2019-01-01,29
GB,en,inflation,2019-02-01,29
GB,en,inflation,2019-03-01,30
GB,en,inflation,2019-04-01,27
GB,en,inflation,2019-05-01,28
GB,en,inflation,2019-06-01,21
GB,en,inflation,2019-07-01,24
GB,en,inflation,2019-08-01,22
GB,en,inflation,2019-09-01,24
GB,en,inflation,2019-10-01,25
GB,en,inflation,2019-11-01,28
GB,en,inflation,2019-12-01,23
GB,en,inflation,2020-01-01,30
GB,en,inflation,2020-02-01,31
GB,en,inflation,2020-03-01,26
GB,en,inflation,2020-04-01,25
GB,en,inflation,2020-05-01,25
GB,en,inflation,2020-06-01,23
GB,en,inflation,2020-07-01,23
GB,en,inflation,2020-08-01,23
GB,en,inflation,2020-09-01,25
GB,en,inflation,2020-10-01,24
GB,en,inflation,2020-11-01,25
GB,en,inflation,2020-12-01,24
GB,en,inflation,2021-01-01,29
GB,en,inflation,2021-02-01,33
GB,en,inflation,2021-03-01,38
GB,en,inflation,2021-04-01,31
GB,en,inflation,2021-05-01,42
GB,en,inflation,2021-06-01,33
GB,en,inflation,2021-07-01,32
GB,en,inflation,2021-08-01,31
GB,en,inflation,2021-09-01,37
GB,en,inflation,2021-10-01,43
GB,en,inflation,2021-11-01,45
GB,en,inflation,2021-12-01,44
GB,en,inflation,2022-01-01,67
GB,en,inflation,2022-02-01,71
GB,en,inflation,2022-03-01,78
GB,en,inflation,2022-04-01,68
GB,en,inflation,2022-05-01,87
GB,en,inflation,2022-06-01,90
GB,en,inflation,2022-07-01,74
GB,en,inflation,2022-08-01,100
GB,en,inflation,2022-09-01,78
GB,en,inflation,2022-10-01,85
GB,en,inflation,2022-11-01,80
GB,en,inflation,2022-12-01,61
GB,en,inflation,2023-01-01,73
GB,en,inflation,2023-02-01,70
GB,en,inflation,2023-03-01,76
GB,en,inflation,2023-04-01,67
GB,en,inflation,2023-05-01,73
GB,en,inflation,2023-06-01,80
GB,en,inflation,2023-07-01,72
GB,en,inflation,2023-08-01,67
GB,en,inflation,2023-09-01,65
GB,en,inflation,2023-10-01,61
GB,en,inflation,2023-11-01,71
GB,en,inflation,2023-12-01,60
GB,en,inflation,2024-01-01,69
GB,en,inflation,2024-02-01,80
GB,en,inflation,2024-03-01,75
GB,en,inflation,2024-04-01,71
GB,en,inflation,2024-05-01,65
GB,en,inflation,2024-06-01,55
GB,en,inflation,2024-07-01,49
GB,en,inflation,2024-08-01,46
GB,en,inflation,2024-09-01,51
GB,en,inflation,2024-10-01,56
GB,en,inflation,2024-11-01,59
GB,en,inflation,2024-12-01,49
GB,en,inflation,2025-01-01,63
GB,en,inflation,2025-02-01,63
GB,en,inflation,2025-03-01,64
GB,en,inflation,2025-04-01,58
GB,en,inflation,2025-05-01,54
GB,en,inflation,2025-06-01,49
GB,en,inflation,2025-07-01,49
GB,en,inflation,2025-08-01,50
GB,en,inflation,2025-09-01,53
GB,en,inflation,2025-10-01,57
GB,en,inflation,2025-11-01,75
GB,en,inflation,2025-12-01,77
GB,en,inflation,2026-01-01,79
GB,en,inflation,2026-02-01,83
US,en,inflation,2014-01-01,19
US,en,inflation,2014-02-01,22
US,en,inflation,2014-03-01,24
US,en,inflation,2014-04-01,25
US,en,inflation,2014-05-01,23
US,en,inflation,2014-06-01,19
US,en,inflation,2014-07-01,17
US,en,inflation,2014-08-01,16
US,en,inflation,2014-09-01,21
US,en,inflation,2014-10-01,23
US,en,inflation,2014-11-01,22
US,en,inflation,2014-12-01,22
US,en,inflation,2015-01-01,22
US,en,inflation,2015-02-01,23
US,en,inflation,2015-03-01,23
US,en,inflation,2015-04-01,26
US,en,inflation,2015-05-01,23
US,en,inflation,2015-06-01,18
US,en,inflation,2015-07-01,18
US,en,inflation,2015-08-01,18
US,en,inflation,2015-09-01,22
US,en,inflation,2015-10-01,24
US,en,inflation,2015-11-01,24
US,en,inflation,2015-12-01,25
US,en,inflation,2016-01-01,19
US,en,inflation,2016-02-01,24
US,en,inflation,2016-03-01,23
US,en,inflation,2016-04-01,25
US,en,inflation,2016-05-01,22
US,en,inflation,2016-06-01,17
US,en,inflation,2016-07-01,16
US,en,inflation,2016-08-01,15
US,en,inflation,2016-09-01,19
US,en,inflation,2016-10-01,22
US,en,inflation,2016-11-01,23
US,en,inflation,2016-12-01,22
US,en,inflation,2017-01-01,20
US,en,inflation,2017-02-01,24
US,en,inflation,2017-03-01,24
US,en,inflation,2017-04-01,24
US,en,inflation,2017-05-01,22
US,en,inflation,2017-06-01,17
US,en,inflation,2017-07-01,17
US,en,inflation,2017-08-01,15
US,en,inflation,2017-09-01,19
US,en,inflation,2017-10-01,24
US,en,inflation,2017-11-01,24
US,en,inflation,2017-12-01,22
US,en,inflation,2018-01-01,21
US,en,inflation,2018-02-01,29
US,en,inflation,2018-03-01,24
US,en,inflation,2018-04-01,25
US,en,inflation,2018-05-01,23
US,en,inflation,2018-06-01,19
US,en,inflation,2018-07-01,19
US,en,inflation,2018-08-01,19
US,en,inflation,2018-09-01,22
US,en,inflation,2018-10-01,26
US,en,inflation,2018-11-01,25
US,en,inflation,2018-12-01,23
US,en,inflation,2019-01-01,22
US,en,inflation,2019-02-01,25
US,en,inflation,2019-03-01,25
US,en,inflation,2019-04-01,27
US,en,inflation,2019-05-01,24
US,en,inflation,2019-06-01,18
US,en,inflation,2019-07-01,19
US,en,inflation,2019-08-01,18
US,en,inflation,2019-09-01,21
US,en,inflation,2019-10-01,25
US,en,inflation,2019-11-01,24
US,en,inflation,2019-12-01,22
US,en,inflation,2020-01-01,21
US,en,inflation,2020-02-01,25
US,en,inflation,2020-03-01,24
US,en,inflation,2020-04-01,26
US,en,inflation,2020-05-01,22
US,en,inflation,2020-06-01,20
US,en,inflation,2020-07-01,20
US,en,inflation,2020-08-01,20
US,en,inflation,2020-09-01,24
US,en,inflation,2020-10-01,24
US,en,inflation,2020-11-01,23
US,en,inflation,2020-12-01,24
US,en,inflation,2021-01-01,25
US,en,inflation,2021-02-01,31
US,en,inflation,2021-03-01,32
US,en,inflation,2021-04-01,30
US,en,inflation,2021-05-01,47
US,en,inflation,2021-06-01,35
US,en,inflation,2021-07-01,31
US,en,inflation,2021-08-01,26
US,en,inflation,2021-09-01,29
US,en,inflation,2021-10-01,42
US,en,inflation,2021-11-01,51
US,en,inflation,2021-12-01,46
US,en,inflation,2022-01-01,53
US,en,inflation,2022-02-01,63
US,en,inflation,2022-03-01,68
US,en,inflation,2022-04-01,70
US,en,inflation,2022-05-01,75
US,en,inflation,2022-06-01,90
US,en,inflation,2022-07-01,73
US,en,inflation,2022-08-01,100
US,en,inflation,2022-09-01,71
US,en,inflation,2022-10-01,85
US,en,inflation,2022-11-01,67
US,en,inflation,2022-12-01,53
US,en,inflation,2023-01-01,52
US,en,inflation,2023-02-01,61
US,en,inflation,2023-03-01,55
US,en,inflation,2023-04-01,53
US,en,inflation,2023-05-01,48
US,en,inflation,2023-06-01,43
US,en,inflation,2023-07-01,46
US,en,inflation,2023-08-01,44
US,en,inflation,2023-09-01,52
US,en,inflation,2023-10-01,50
US,en,inflation,2023-11-01,52
US,en,inflation,2023-12-01,50
US,en,inflation,2024-01-01,47
US,en,inflation,2024-02-01,58
US,en,inflation,2024-03-01,52
US,en,inflation,2024-04-01,59
US,en,inflation,2024-05-01,52
US,en,inflation,2024-06-01,45
US,en,inflation,2024-07-01,45
US,en,inflation,2024-08-01,51
US,en,inflation,2024-09-01,55
US,en,inflation,2024-10-01,51
US,en,inflation,2024-11-01,54
US,en,inflation,2024-12-01,45
US,en,inflation,2025-01-01,45
US,en,inflation,2025-02-01,53
US,en,inflation,2025-03-01,49
US,en,inflation,2025-04-01,49
US,en,inflation,2025-05-01,45
US,en,inflation,2025-06-01,38
US,en,inflation,2025-07-01,57
US,en,inflation,2025-08-01,51
US,en,inflation,2025-09-01,50
US,en,inflation,2025-10-01,54
US,en,inflation,2025-11-01,68
US,en,inflation,2025-12-01,71
US,en,inflation,2026-01-01,66
US,en,inflation,2026-02-01,76
