GEO,COICOP,TIME,VALUE
EE,CP00,1996-02-01,
EE,CP00,1996-03-01,
EE,CP00,1996-04-01,
EE,CP00,1996-05-01,
EE,CP00,1996-06-01,
EE,CP00,1996-07-01,
EE,CP00,1996-08-01,
EE,CP00,1996-09-01,
EE,CP00,1996-10-01,
EE,CP00,1996-11-01,
EE,CP00,1996-12-01,
EE,CP00,1997-01-01,10.9
EE,CP00,1997-02-01,8.1
EE,CP00,1997-03-01,7.3
EE,CP00,1997-04-01,7.0
EE,CP00,1997-05-01,8.5
EE,CP00,1997-06-01,8.5
EE,CP00,1997-07-01,8.7
EE,CP00,1997-08-01,10.2
EE,CP00,1997-09-01,10.2
EE,CP00,1997-10-01,10.6
EE,CP00,1997-11-01,10.8
EE,CP00,1997-12-01,11.0
EE,CP00,1998-01-01,11.5
EE,CP00,1998-02-01,11.9
EE,CP00,1998-03-01,11.9
EE,CP00,1998-04-01,10.8
EE,CP00,1998-05-01,9.2
EE,CP00,1998-06-01,8.7
EE,CP00,1998-07-01,8.8
EE,CP00,1998-08-01,8.2
EE,CP00,1998-09-01,7.5
EE,CP00,1998-10-01,6.7
EE,CP00,1998-11-01,5.8
EE,CP00,1998-12-01,5.1
EE,CP00,1999-01-01,4.5
EE,CP00,1999-02-01,3.7
EE,CP00,1999-03-01,3.3
EE,CP00,1999-04-01,3.1
EE,CP00,1999-05-01,3.1
EE,CP00,1999-06-01,2.9
EE,CP00,1999-07-01,2.4
EE,CP00,1999-08-01,2.3
EE,CP00,1999-09-01,2.5
EE,CP00,1999-10-01,2.6
EE,CP00,1999-11-01,3.0
EE,CP00,1999-12-01,3.7
EE,CP00,2000-01-01,3.1
EE,CP00,2000-02-01,2.9
EE,CP00,2000-03-01,3.1
EE,CP00,2000-04-01,3.0
EE,CP00,2000-05-01,2.8
EE,CP00,2000-06-01,3.1
EE,CP00,2000-07-01,4.1
EE,CP00,2000-08-01,4.4
EE,CP00,2000-09-01,4.7
EE,CP00,2000-10-01,5.4
EE,CP00,2000-11-01,5.7
EE,CP00,2000-12-01,5.0
EE,CP00,2001-01-01,5.6
EE,CP00,2001-02-01,5.9
EE,CP00,2001-03-01,5.7
EE,CP00,2001-04-01,6.3
EE,CP00,2001-05-01,6.8
EE,CP00,2001-06-01,6.7
EE,CP00,2001-07-01,5.9
EE,CP00,2001-08-01,5.8
EE,CP00,2001-09-01,5.7
EE,CP00,2001-10-01,4.8
EE,CP00,2001-11-01,4.2
EE,CP00,2001-12-01,4.2
EE,CP00,2002-01-01,4.3
EE,CP00,2002-02-01,4.5
EE,CP00,2002-03-01,4.4
EE,CP00,2002-04-01,4.5
EE,CP00,2002-05-01,4.1
EE,CP00,2002-06-01,3.8
EE,CP00,2002-07-01,3.3
EE,CP00,2002-08-01,2.7
EE,CP00,2002-09-01,2.7
EE,CP00,2002-10-01,3.1
EE,CP00,2002-11-01,3.0
EE,CP00,2002-12-01,2.7
EE,CP00,2003-01-01,2.5
EE,CP00,2003-02-01,2.3
EE,CP00,2003-03-01,2.1
EE,CP00,2003-04-01,1.2
EE,CP00,2003-05-01,0.7
EE,CP00,2003-06-01,0.4
EE,CP00,2003-07-01,0.9
EE,CP00,2003-08-01,1.4
EE,CP00,2003-09-01,1.5
EE,CP00,2003-10-01,1.2
EE,CP00,2003-11-01,1.2
EE,CP00,2003-12-01,1.2
EE,CP00,2004-01-01,0.7
EE,CP00,2004-02-01,0.6
EE,CP00,2004-03-01,0.7
EE,CP00,2004-04-01,1.5
EE,CP00,2004-05-01,3.7
EE,CP00,2004-06-01,4.4
EE,CP00,2004-07-01,4.0
EE,CP00,2004-08-01,3.9
EE,CP00,2004-09-01,3.8
EE,CP00,2004-10-01,4.0
EE,CP00,2004-11-01,4.5
EE,CP00,2004-12-01,4.8
EE,CP00,2005-01-01,4.2
EE,CP00,2005-02-01,4.5
EE,CP00,2005-03-01,4.9
EE,CP00,2005-04-01,4.6
EE,CP00,2005-05-01,2.9
EE,CP00,2005-06-01,3.2
EE,CP00,2005-07-01,3.8
EE,CP00,2005-08-01,4.2
EE,CP00,2005-09-01,4.9
EE,CP00,2005-10-01,4.5
EE,CP00,2005-11-01,4.0
EE,CP00,2005-12-01,3.7
EE,CP00,2006-01-01,4.6
EE,CP00,2006-02-01,4.5
EE,CP00,2006-03-01,4.0
EE,CP00,2006-04-01,4.3
EE,CP00,2006-05-01,4.6
EE,CP00,2006-06-01,4.4
EE,CP00,2006-07-01,4.5
EE,CP00,2006-08-01,5.0
EE,CP00,2006-09-01,3.8
EE,CP00,2006-10-01,3.8
EE,CP00,2006-11-01,4.6
EE,CP00,2006-12-01,5.1
EE,CP00,2007-01-01,5.0
EE,CP00,2007-02-01,4.6
EE,CP00,2007-03-01,5.6
EE,CP00,2007-04-01,5.6
EE,CP00,2007-05-01,5.9
EE,CP00,2007-06-01,6.0
EE,CP00,2007-07-01,6.5
EE,CP00,2007-08-01,6.1
EE,CP00,2007-09-01,7.5
EE,CP00,2007-10-01,8.7
EE,CP00,2007-11-01,9.3
EE,CP00,2007-12-01,9.7
EE,CP00,2008-01-01,11.3
EE,CP00,2008-02-01,11.5
EE,CP00,2008-03-01,11.2
EE,CP00,2008-04-01,11.6
EE,CP00,2008-05-01,11.4
EE,CP00,2008-06-01,11.5
EE,CP00,2008-07-01,11.2
EE,CP00,2008-08-01,11.1
EE,CP00,2008-09-01,10.8
EE,CP00,2008-10-01,10.1
EE,CP00,2008-11-01,8.5
EE,CP00,2008-12-01,7.5
EE,CP00,2009-01-01,4.7
EE,CP00,2009-02-01,3.9
EE,CP00,2009-03-01,2.5
EE,CP00,2009-04-01,0.9
EE,CP00,2009-05-01,0.3
EE,CP00,2009-06-01,-0.5
EE,CP00,2009-07-01,-0.4
EE,CP00,2009-08-01,-0.7
EE,CP00,2009-09-01,-1.7
EE,CP00,2009-10-01,-2.1
EE,CP00,2009-11-01,-2.1
EE,CP00,2009-12-01,-1.9
EE,CP00,2010-01-01,-1.0
EE,CP00,2010-02-01,-0.3
EE,CP00,2010-03-01,1.4
EE,CP00,2010-04-01,2.5
EE,CP00,2010-05-01,2.8
EE,CP00,2010-06-01,3.4
EE,CP00,2010-07-01,2.7
EE,CP00,2010-08-01,2.8
EE,CP00,2010-09-01,3.8
EE,CP00,2010-10-01,4.4
EE,CP00,2010-11-01,5.1
EE,CP00,2010-12-01,5.4
EE,CP00,2011-01-01,5.1
EE,CP00,2011-02-01,5.5
EE,CP00,2011-03-01,5.1
EE,CP00,2011-04-01,5.4
EE,CP00,2011-05-01,5.5
EE,CP00,2011-06-01,4.9
EE,CP00,2011-07-01,5.3
EE,CP00,2011-08-01,5.6
EE,CP00,2011-09-01,5.3
EE,CP00,2011-10-01,4.7
EE,CP00,2011-11-01,4.4
EE,CP00,2011-12-01,4.1
EE,CP00,2012-01-01,4.7
EE,CP00,2012-02-01,4.4
EE,CP00,2012-03-01,4.6
EE,CP00,2012-04-01,4.3
EE,CP00,2012-05-01,4.1
EE,CP00,2012-06-01,4.4
EE,CP00,2012-07-01,4.1
EE,CP00,2012-08-01,4.2
EE,CP00,2012-09-01,4.1
EE,CP00,2012-10-01,4.2
EE,CP00,2012-11-01,3.8
EE,CP00,2012-12-01,3.6
EE,CP00,2013-01-01,3.7
EE,CP00,2013-02-01,4.0
EE,CP00,2013-03-01,3.8
EE,CP00,2013-04-01,3.4
EE,CP00,2013-05-01,3.6
EE,CP00,2013-06-01,4.1
EE,CP00,2013-07-01,4.0
EE,CP00,2013-08-01,3.6
EE,CP00,2013-09-01,2.6
EE,CP00,2013-10-01,2.2
EE,CP00,2013-11-01,2.1
EE,CP00,2013-12-01,2.0
EE,CP00,2014-01-01,1.6
EE,CP00,2014-02-01,1.1
EE,CP00,2014-03-01,0.7
EE,CP00,2014-04-01,0.8
EE,CP00,2014-05-01,0.6
EE,CP00,2014-06-01,0.4
EE,CP00,2014-07-01,0.0
EE,CP00,2014-08-01,-0.2
EE,CP00,2014-09-01,0.2
EE,CP00,2014-10-01,0.5
EE,CP00,2014-11-01,0.0
EE,CP00,2014-12-01,0.1
EE,CP00,2015-01-01,-0.5
EE,CP00,2015-02-01,-0.2
EE,CP00,2015-03-01,0.0
EE,CP00,2015-04-01,0.4
EE,CP00,2015-05-01,0.5
EE,CP00,2015-06-01,0.3
EE,CP00,2015-07-01,0.1
EE,CP00,2015-08-01,0.2
EE,CP00,2015-09-01,-0.3
EE,CP00,2015-10-01,0.0
EE,CP00,2015-11-01,0.5
EE,CP00,2015-12-01,-0.2
EE,CP00,2016-01-01,0.1
EE,CP00,2016-02-01,0.4
EE,CP00,2016-03-01,0.5
EE,CP00,2016-04-01,0.0
EE,CP00,2016-05-01,0.0
EE,CP00,2016-06-01,0.4
EE,CP00,2016-07-01,0.8
EE,CP00,2016-08-01,1.1
EE,CP00,2016-09-01,1.7
EE,CP00,2016-10-01,1.0
EE,CP00,2016-11-01,1.4
EE,CP00,2016-12-01,2.3
EE,CP00,2017-01-01,2.8
EE,CP00,2017-02-01,3.4
EE,CP00,2017-03-01,3.0
EE,CP00,2017-04-01,3.5
EE,CP00,2017-05-01,3.5
EE,CP00,2017-06-01,3.1
EE,CP00,2017-07-01,3.9
EE,CP00,2017-08-01,4.2
EE,CP00,2017-09-01,3.9
EE,CP00,2017-10-01,4.0
EE,CP00,2017-11-01,4.5
EE,CP00,2017-12-01,3.8
EE,CP00,2018-01-01,3.6
EE,CP00,2018-02-01,3.2
EE,CP00,2018-03-01,2.9
EE,CP00,2018-04-01,2.9
EE,CP00,2018-05-01,3.1
EE,CP00,2018-06-01,3.9
EE,CP00,2018-07-01,3.3
EE,CP00,2018-08-01,3.5
EE,CP00,2018-09-01,3.5
EE,CP00,2018-10-01,4.5
EE,CP00,2018-11-01,3.2
EE,CP00,2018-12-01,3.3
EE,CP00,2019-01-01,2.7
EE,CP00,2019-02-01,1.9
EE,CP00,2019-03-01,2.2
EE,CP00,2019-04-01,3.2
EE,CP00,2019-05-01,3.1
EE,CP00,2019-06-01,2.6
EE,CP00,2019-07-01,2.0
EE,CP00,2019-08-01,2.1
EE,CP00,2019-09-01,2.2
EE,CP00,2019-10-01,1.4
EE,CP00,2019-11-01,1.8
EE,CP00,2019-12-01,1.8
EE,CP00,2020-01-01,1.6
EE,CP00,2020-02-01,2.0
EE,CP00,2020-03-01,1.0
EE,CP00,2020-04-01,-0.9
EE,CP00,2020-05-01,-1.8
EE,CP00,2020-06-01,-1.6
EE,CP00,2020-07-01,-1.3
EE,CP00,2020-08-01,-1.3
EE,CP00,2020-09-01,-1.3
EE,CP00,2020-10-01,-1.7
EE,CP00,2020-11-01,-1.2
EE,CP00,2020-12-01,-0.9
EE,CP00,2021-01-01,0.3
EE,CP00,2021-02-01,0.5
EE,CP00,2021-03-01,0.9
EE,CP00,2021-04-01,1.6
EE,CP00,2021-05-01,3.2
EE,CP00,2021-06-01,3.7
EE,CP00,2021-07-01,4.9
EE,CP00,2021-08-01,5.0
EE,CP00,2021-09-01,6.4
EE,CP00,2021-10-01,6.8
EE,CP00,2021-11-01,8.6
EE,CP00,2021-12-01,12.0
EE,CP00,2022-01-01,11.0
EE,CP00,2022-02-01,11.6
EE,CP00,2022-03-01,14.8
EE,CP00,2022-04-01,19.1
EE,CP00,2022-05-01,20.1
EE,CP00,2022-06-01,22.0
EE,CP00,2022-07-01,23.2
EE,CP00,2022-08-01,25.2
EE,CP00,2022-09-01,24.1
EE,CP00,2022-10-01,22.5
EE,CP00,2022-11-01,21.4
EE,CP00,2022-12-01,17.5
EE,CP00,2023-01-01,18.6
EE,CP00,2023-02-01,17.8
EE,CP00,2023-03-01,15.6
EE,CP00,2023-04-01,13.2
EE,CP00,2023-05-01,11.2
EE,CP00,2023-06-01,9.0
EE,CP00,2023-07-01,6.2
EE,CP00,2023-08-01,4.3
EE,CP00,2023-09-01,3.9
EE,CP00,2023-10-01,5.0
EE,CP00,2023-11-01,4.1
EE,CP00,2023-12-01,4.3
EE,CP00,2024-01-01,5.0
EE,CP00,2024-02-01,4.4
EE,CP00,2024-03-01,4.1
EE,CP00,2024-04-01,3.2
EE,CP00,2024-05-01,3.1
EE,CP00,2024-06-01,2.8
EE,CP00,2024-07-01,3.5
EE,CP00,2024-08-01,3.4
EE,CP00,2024-09-01,3.2
EE,CP00,2024-10-01,4.5
EE,CP00,2024-11-01,3.8
EE,CP00,2024-12-01,4.1
EE,CP00,2025-01-01,3.8
EE,CP00,2025-02-01,5.1
EE,CP00,2025-03-01,4.3
EE,CP00,2025-04-01,4.4
EE,CP00,2025-05-01,4.6
EE,CP00,2025-06-01,5.2
EE,CP00,2025-07-01,5.6
EE,CP00,2025-08-01,6.2
EE,CP00,2025-09-01,5.3
EE,CP00,2025-10-01,4.5
EE,CP00,2025-11-01,4.7
EE,CP00,2025-12-01,4.0
EE,CP00,2026-01-01,3.8
EE,CP00,2026-02-01,3.2
FI,CP00,1996-02-01,
FI,CP00,1996-03-01,
FI,CP00,1996-04-01,
FI,CP00,1996-05-01,
FI,CP00,1996-06-01,
FI,CP00,1996-07-01,
FI,CP00,1996-08-01,
FI,CP00,1996-09-01,
FI,CP00,1996-10-01,
FI,CP00,1996-11-01,
FI,CP00,1996-12-01,
FI,CP00,1997-01-01,0.9
FI,CP00,1997-02-01,0.6
FI,CP00,1997-03-01,0.7
FI,CP00,1997-04-01,0.9
FI,CP00,1997-05-01,0.9
FI,CP00,1997-06-01,1.1
FI,CP00,1997-07-01,1.1
FI,CP00,1997-08-01,1.7
FI,CP00,1997-09-01,1.6
FI,CP00,1997-10-01,1.7
FI,CP00,1997-11-01,1.8
FI,CP00,1997-12-01,1.6
FI,CP00,1998-01-01,1.8
FI,CP00,1998-02-01,1.7
FI,CP00,1998-03-01,1.6
FI,CP00,1998-04-01,1.7
FI,CP00,1998-05-01,1.6
FI,CP00,1998-06-01,1.6
FI,CP00,1998-07-01,1.1
FI,CP00,1998-08-01,1.1
FI,CP00,1998-09-01,1.4
FI,CP00,1998-10-01,1.1
FI,CP00,1998-11-01,0.9
FI,CP00,1998-12-01,0.8
FI,CP00,1999-01-01,0.5
FI,CP00,1999-02-01,0.9
FI,CP00,1999-03-01,0.9
FI,CP00,1999-04-01,1.3
FI,CP00,1999-05-01,1.4
FI,CP00,1999-06-01,1.2
FI,CP00,1999-07-01,1.4
FI,CP00,1999-08-01,1.3
FI,CP00,1999-09-01,1.4
FI,CP00,1999-10-01,1.6
FI,CP00,1999-11-01,1.8
FI,CP00,1999-12-01,2.2
FI,CP00,2000-01-01,2.3
FI,CP00,2000-02-01,2.7
FI,CP00,2000-03-01,3.2
FI,CP00,2000-04-01,2.5
FI,CP00,2000-05-01,2.7
FI,CP00,2000-06-01,3.1
FI,CP00,2000-07-01,2.9
FI,CP00,2000-08-01,2.9
FI,CP00,2000-09-01,3.4
FI,CP00,2000-10-01,3.4
FI,CP00,2000-11-01,3.3
FI,CP00,2000-12-01,2.9
FI,CP00,2001-01-01,2.9
FI,CP00,2001-02-01,2.7
FI,CP00,2001-03-01,2.5
FI,CP00,2001-04-01,2.9
FI,CP00,2001-05-01,3.3
FI,CP00,2001-06-01,3.0
FI,CP00,2001-07-01,2.6
FI,CP00,2001-08-01,2.7
FI,CP00,2001-09-01,2.6
FI,CP00,2001-10-01,2.4
FI,CP00,2001-11-01,2.2
FI,CP00,2001-12-01,2.4
FI,CP00,2002-01-01,2.9
FI,CP00,2002-02-01,2.5
FI,CP00,2002-03-01,2.6
FI,CP00,2002-04-01,2.5
FI,CP00,2002-05-01,1.8
FI,CP00,2002-06-01,1.5
FI,CP00,2002-07-01,2.0
FI,CP00,2002-08-01,1.8
FI,CP00,2002-09-01,1.3
FI,CP00,2002-10-01,1.7
FI,CP00,2002-11-01,1.7
FI,CP00,2002-12-01,1.7
FI,CP00,2003-01-01,1.4
FI,CP00,2003-02-01,2.1
FI,CP00,2003-03-01,1.8
FI,CP00,2003-04-01,1.4
FI,CP00,2003-05-01,1.1
FI,CP00,2003-06-01,1.1
FI,CP00,2003-07-01,1.0
FI,CP00,2003-08-01,1.2
FI,CP00,2003-09-01,1.3
FI,CP00,2003-10-01,0.9
FI,CP00,2003-11-01,1.1
FI,CP00,2003-12-01,1.2
FI,CP00,2004-01-01,0.7
FI,CP00,2004-02-01,0.4
FI,CP00,2004-03-01,-0.4
FI,CP00,2004-04-01,-0.4
FI,CP00,2004-05-01,-0.1
FI,CP00,2004-06-01,-0.1
FI,CP00,2004-07-01,0.2
FI,CP00,2004-08-01,0.2
FI,CP00,2004-09-01,0.2
FI,CP00,2004-10-01,0.6
FI,CP00,2004-11-01,0.2
FI,CP00,2004-12-01,0.1
FI,CP00,2005-01-01,-0.1
FI,CP00,2005-02-01,0.0
FI,CP00,2005-03-01,0.9
FI,CP00,2005-04-01,1.1
FI,CP00,2005-05-01,0.6
FI,CP00,2005-06-01,1.0
FI,CP00,2005-07-01,0.9
FI,CP00,2005-08-01,1.0
FI,CP00,2005-09-01,1.2
FI,CP00,2005-10-01,0.8
FI,CP00,2005-11-01,0.9
FI,CP00,2005-12-01,1.0
FI,CP00,2006-01-01,1.2
FI,CP00,2006-02-01,1.3
FI,CP00,2006-03-01,1.2
FI,CP00,2006-04-01,1.5
FI,CP00,2006-05-01,1.7
FI,CP00,2006-06-01,1.5
FI,CP00,2006-07-01,1.3
FI,CP00,2006-08-01,1.3
FI,CP00,2006-09-01,0.8
FI,CP00,2006-10-01,1.0
FI,CP00,2006-11-01,1.3
FI,CP00,2006-12-01,1.2
FI,CP00,2007-01-01,1.3
FI,CP00,2007-02-01,1.2
FI,CP00,2007-03-01,1.6
FI,CP00,2007-04-01,1.5
FI,CP00,2007-05-01,1.3
FI,CP00,2007-06-01,1.4
FI,CP00,2007-07-01,1.6
FI,CP00,2007-08-01,1.3
FI,CP00,2007-09-01,1.7
FI,CP00,2007-10-01,1.8
FI,CP00,2007-11-01,2.2
FI,CP00,2007-12-01,1.9
FI,CP00,2008-01-01,3.5
FI,CP00,2008-02-01,3.3
FI,CP00,2008-03-01,3.6
FI,CP00,2008-04-01,3.3
FI,CP00,2008-05-01,4.1
FI,CP00,2008-06-01,4.3
FI,CP00,2008-07-01,4.3
FI,CP00,2008-08-01,4.6
FI,CP00,2008-09-01,4.7
FI,CP00,2008-10-01,4.4
FI,CP00,2008-11-01,3.5
FI,CP00,2008-12-01,3.4
FI,CP00,2009-01-01,2.5
FI,CP00,2009-02-01,2.7
FI,CP00,2009-03-01,2.0
FI,CP00,2009-04-01,2.1
FI,CP00,2009-05-01,1.5
FI,CP00,2009-06-01,1.6
FI,CP00,2009-07-01,1.2
FI,CP00,2009-08-01,1.3
FI,CP00,2009-09-01,1.1
FI,CP00,2009-10-01,0.6
FI,CP00,2009-11-01,1.3
FI,CP00,2009-12-01,1.8
FI,CP00,2010-01-01,1.6
FI,CP00,2010-02-01,1.3
FI,CP00,2010-03-01,1.5
FI,CP00,2010-04-01,1.6
FI,CP00,2010-05-01,1.4
FI,CP00,2010-06-01,1.3
FI,CP00,2010-07-01,1.3
FI,CP00,2010-08-01,1.3
FI,CP00,2010-09-01,1.4
FI,CP00,2010-10-01,2.4
FI,CP00,2010-11-01,2.4
FI,CP00,2010-12-01,2.8
FI,CP00,2011-01-01,3.1
FI,CP00,2011-02-01,3.5
FI,CP00,2011-03-01,3.5
FI,CP00,2011-04-01,3.4
FI,CP00,2011-05-01,3.4
FI,CP00,2011-06-01,3.4
FI,CP00,2011-07-01,3.7
FI,CP00,2011-08-01,3.5
FI,CP00,2011-09-01,3.5
FI,CP00,2011-10-01,3.2
FI,CP00,2011-11-01,3.2
FI,CP00,2011-12-01,2.6
FI,CP00,2012-01-01,3.0
FI,CP00,2012-02-01,3.0
FI,CP00,2012-03-01,2.9
FI,CP00,2012-04-01,3.0
FI,CP00,2012-05-01,3.1
FI,CP00,2012-06-01,2.9
FI,CP00,2012-07-01,3.1
FI,CP00,2012-08-01,3.3
FI,CP00,2012-09-01,3.4
FI,CP00,2012-10-01,3.5
FI,CP00,2012-11-01,3.2
FI,CP00,2012-12-01,3.5
FI,CP00,2013-01-01,2.6
FI,CP00,2013-02-01,2.5
FI,CP00,2013-03-01,2.5
FI,CP00,2013-04-01,2.4
FI,CP00,2013-05-01,2.5
FI,CP00,2013-06-01,2.3
FI,CP00,2013-07-01,2.5
FI,CP00,2013-08-01,2.1
FI,CP00,2013-09-01,1.8
FI,CP00,2013-10-01,1.7
FI,CP00,2013-11-01,1.8
FI,CP00,2013-12-01,1.9
FI,CP00,2014-01-01,1.9
FI,CP00,2014-02-01,1.6
FI,CP00,2014-03-01,1.3
FI,CP00,2014-04-01,1.3
FI,CP00,2014-05-01,1.0
FI,CP00,2014-06-01,1.1
FI,CP00,2014-07-01,1.0
FI,CP00,2014-08-01,1.2
FI,CP00,2014-09-01,1.5
FI,CP00,2014-10-01,1.2
FI,CP00,2014-11-01,1.1
FI,CP00,2014-12-01,0.6
FI,CP00,2015-01-01,-0.1
FI,CP00,2015-02-01,-0.1
FI,CP00,2015-03-01,0.0
FI,CP00,2015-04-01,-0.1
FI,CP00,2015-05-01,0.1
FI,CP00,2015-06-01,0.1
FI,CP00,2015-07-01,-0.1
FI,CP00,2015-08-01,-0.2
FI,CP00,2015-09-01,-0.7
FI,CP00,2015-10-01,-0.3
FI,CP00,2015-11-01,-0.2
FI,CP00,2015-12-01,-0.3
FI,CP00,2016-01-01,0.0
FI,CP00,2016-02-01,-0.1
FI,CP00,2016-03-01,0.0
FI,CP00,2016-04-01,0.3
FI,CP00,2016-05-01,0.3
FI,CP00,2016-06-01,0.3
FI,CP00,2016-07-01,0.5
FI,CP00,2016-08-01,0.5
FI,CP00,2016-09-01,0.6
FI,CP00,2016-10-01,0.6
FI,CP00,2016-11-01,0.7
FI,CP00,2016-12-01,1.1
FI,CP00,2017-01-01,0.9
FI,CP00,2017-02-01,1.4
FI,CP00,2017-03-01,0.9
FI,CP00,2017-04-01,1.0
FI,CP00,2017-05-01,0.9
FI,CP00,2017-06-01,0.9
FI,CP00,2017-07-01,0.6
FI,CP00,2017-08-01,0.8
FI,CP00,2017-09-01,0.8
FI,CP00,2017-10-01,0.5
FI,CP00,2017-11-01,0.9
FI,CP00,2017-12-01,0.5
FI,CP00,2018-01-01,0.9
FI,CP00,2018-02-01,0.6
FI,CP00,2018-03-01,0.9
FI,CP00,2018-04-01,0.8
FI,CP00,2018-05-01,1.0
FI,CP00,2018-06-01,1.2
FI,CP00,2018-07-01,1.4
FI,CP00,2018-08-01,1.4
FI,CP00,2018-09-01,1.4
FI,CP00,2018-10-01,1.7
FI,CP00,2018-11-01,1.4
FI,CP00,2018-12-01,1.3
FI,CP00,2019-01-01,1.2
FI,CP00,2019-02-01,1.3
FI,CP00,2019-03-01,1.1
FI,CP00,2019-04-01,1.5
FI,CP00,2019-05-01,1.3
FI,CP00,2019-06-01,1.1
FI,CP00,2019-07-01,1.0
FI,CP00,2019-08-01,1.2
FI,CP00,2019-09-01,1.0
FI,CP00,2019-10-01,0.9
FI,CP00,2019-11-01,0.8
FI,CP00,2019-12-01,1.1
FI,CP00,2020-01-01,1.2
FI,CP00,2020-02-01,1.1
FI,CP00,2020-03-01,0.9
FI,CP00,2020-04-01,-0.3
FI,CP00,2020-05-01,-0.2
FI,CP00,2020-06-01,0.1
FI,CP00,2020-07-01,0.7
FI,CP00,2020-08-01,0.3
FI,CP00,2020-09-01,0.3
FI,CP00,2020-10-01,0.2
FI,CP00,2020-11-01,0.2
FI,CP00,2020-12-01,0.2
FI,CP00,2021-01-01,1.0
FI,CP00,2021-02-01,0.9
FI,CP00,2021-03-01,1.4
FI,CP00,2021-04-01,2.2
FI,CP00,2021-05-01,2.3
FI,CP00,2021-06-01,1.9
FI,CP00,2021-07-01,1.8
FI,CP00,2021-08-01,1.8
FI,CP00,2021-09-01,2.1
FI,CP00,2021-10-01,2.8
FI,CP00,2021-11-01,3.5
FI,CP00,2021-12-01,3.2
FI,CP00,2022-01-01,4.1
FI,CP00,2022-02-01,4.4
FI,CP00,2022-03-01,5.8
FI,CP00,2022-04-01,5.8
FI,CP00,2022-05-01,7.1
FI,CP00,2022-06-01,8.1
FI,CP00,2022-07-01,8.0
FI,CP00,2022-08-01,7.9
FI,CP00,2022-09-01,8.4
FI,CP00,2022-10-01,8.4
FI,CP00,2022-11-01,9.1
FI,CP00,2022-12-01,8.8
FI,CP00,2023-01-01,7.9
FI,CP00,2023-02-01,7.9
FI,CP00,2023-03-01,6.7
FI,CP00,2023-04-01,6.3
FI,CP00,2023-05-01,5.0
FI,CP00,2023-06-01,4.1
FI,CP00,2023-07-01,4.2
FI,CP00,2023-08-01,3.1
FI,CP00,2023-09-01,3.0
FI,CP00,2023-10-01,2.4
FI,CP00,2023-11-01,0.7
FI,CP00,2023-12-01,1.3
FI,CP00,2024-01-01,1.1
FI,CP00,2024-02-01,1.1
FI,CP00,2024-03-01,0.6
FI,CP00,2024-04-01,0.6
FI,CP00,2024-05-01,0.5
FI,CP00,2024-06-01,0.6
FI,CP00,2024-07-01,0.5
FI,CP00,2024-08-01,1.1
FI,CP00,2024-09-01,0.9
FI,CP00,2024-10-01,1.5
FI,CP00,2024-11-01,1.7
FI,CP00,2024-12-01,1.6
FI,CP00,2025-01-01,1.7
FI,CP00,2025-02-01,1.5
FI,CP00,2025-03-01,1.8
FI,CP00,2025-04-01,1.9
FI,CP00,2025-05-01,2.0
FI,CP00,2025-06-01,1.9
FI,CP00,2025-07-01,1.9
FI,CP00,2025-08-01,2.3
FI,CP00,2025-09-01,2.2
FI,CP00,2025-10-01,1.4
FI,CP00,2025-11-01,1.5
FI,CP00,2025-12-01,1.7
FI,CP00,2026-01-01,1.0
FI,CP00,2026-02-01,1.8
FR,CP00,1996-02-01,
FR,CP00,1996-03-01,
FR,CP00,1996-04-01,
FR,CP00,1996-05-01,
FR,CP00,1996-06-01,
FR,CP00,1996-07-01,
FR,CP00,1996-08-01,
FR,CP00,1996-09-01,
FR,CP00,1996-10-01,
FR,CP00,1996-11-01,
FR,CP00,1996-12-01,
FR,CP00,1997-01-01,1.8
FR,CP00,1997-02-01,1.7
FR,CP00,1997-03-01,1.1
FR,CP00,1997-04-01,1.0
FR,CP00,1997-05-01,0.9
FR,CP00,1997-06-01,1.0
FR,CP00,1997-07-01,1.1
FR,CP00,1997-08-01,1.6
FR,CP00,1997-09-01,1.4
FR,CP00,1997-10-01,1.1
FR,CP00,1997-11-01,1.3
FR,CP00,1997-12-01,1.2
FR,CP00,1998-01-01,0.6
FR,CP00,1998-02-01,0.7
FR,CP00,1998-03-01,0.8
FR,CP00,1998-04-01,1.0
FR,CP00,1998-05-01,0.9
FR,CP00,1998-06-01,1.0
FR,CP00,1998-07-01,0.8
FR,CP00,1998-08-01,0.7
FR,CP00,1998-09-01,0.5
FR,CP00,1998-10-01,0.5
FR,CP00,1998-11-01,0.2
FR,CP00,1998-12-01,0.3
FR,CP00,1999-01-01,0.3
FR,CP00,1999-02-01,0.3
FR,CP00,1999-03-01,0.4
FR,CP00,1999-04-01,0.5
FR,CP00,1999-05-01,0.4
FR,CP00,1999-06-01,0.3
FR,CP00,1999-07-01,0.4
FR,CP00,1999-08-01,0.5
FR,CP00,1999-09-01,0.6
FR,CP00,1999-10-01,0.8
FR,CP00,1999-11-01,0.9
FR,CP00,1999-12-01,1.4
FR,CP00,2000-01-01,1.7
FR,CP00,2000-02-01,1.4
FR,CP00,2000-03-01,1.6
FR,CP00,2000-04-01,1.3
FR,CP00,2000-05-01,1.5
FR,CP00,2000-06-01,1.8
FR,CP00,2000-07-01,1.9
FR,CP00,2000-08-01,1.9
FR,CP00,2000-09-01,2.3
FR,CP00,2000-10-01,2.1
FR,CP00,2000-11-01,2.3
FR,CP00,2000-12-01,1.8
FR,CP00,2001-01-01,1.3
FR,CP00,2001-02-01,1.5
FR,CP00,2001-03-01,1.5
FR,CP00,2001-04-01,2.0
FR,CP00,2001-05-01,2.5
FR,CP00,2001-06-01,2.2
FR,CP00,2001-07-01,2.2
FR,CP00,2001-08-01,2.0
FR,CP00,2001-09-01,1.6
FR,CP00,2001-10-01,1.8
FR,CP00,2001-11-01,1.3
FR,CP00,2001-12-01,1.5
FR,CP00,2002-01-01,2.4
FR,CP00,2002-02-01,2.2
FR,CP00,2002-03-01,2.2
FR,CP00,2002-04-01,2.1
FR,CP00,2002-05-01,1.6
FR,CP00,2002-06-01,1.4
FR,CP00,2002-07-01,1.6
FR,CP00,2002-08-01,1.8
FR,CP00,2002-09-01,1.8
FR,CP00,2002-10-01,1.9
FR,CP00,2002-11-01,2.1
FR,CP00,2002-12-01,2.1
FR,CP00,2003-01-01,1.9
FR,CP00,2003-02-01,2.6
FR,CP00,2003-03-01,2.5
FR,CP00,2003-04-01,2.0
FR,CP00,2003-05-01,1.8
FR,CP00,2003-06-01,2.0
FR,CP00,2003-07-01,2.0
FR,CP00,2003-08-01,2.0
FR,CP00,2003-09-01,2.2
FR,CP00,2003-10-01,2.3
FR,CP00,2003-11-01,2.4
FR,CP00,2003-12-01,2.4
FR,CP00,2004-01-01,2.2
FR,CP00,2004-02-01,1.9
FR,CP00,2004-03-01,1.9
FR,CP00,2004-04-01,2.4
FR,CP00,2004-05-01,2.8
FR,CP00,2004-06-01,2.7
FR,CP00,2004-07-01,2.6
FR,CP00,2004-08-01,2.6
FR,CP00,2004-09-01,2.2
FR,CP00,2004-10-01,2.3
FR,CP00,2004-11-01,2.2
FR,CP00,2004-12-01,2.2
FR,CP00,2005-01-01,1.7
FR,CP00,2005-02-01,1.9
FR,CP00,2005-03-01,2.1
FR,CP00,2005-04-01,2.0
FR,CP00,2005-05-01,1.7
FR,CP00,2005-06-01,1.8
FR,CP00,2005-07-01,1.8
FR,CP00,2005-08-01,2.0
FR,CP00,2005-09-01,2.3
FR,CP00,2005-10-01,2.0
FR,CP00,2005-11-01,1.7
FR,CP00,2005-12-01,1.8
FR,CP00,2006-01-01,2.2
FR,CP00,2006-02-01,1.9
FR,CP00,2006-03-01,1.7
FR,CP00,2006-04-01,2.0
FR,CP00,2006-05-01,2.3
FR,CP00,2006-06-01,2.2
FR,CP00,2006-07-01,2.2
FR,CP00,2006-08-01,2.1
FR,CP00,2006-09-01,1.5
FR,CP00,2006-10-01,1.2
FR,CP00,2006-11-01,1.6
FR,CP00,2006-12-01,1.7
FR,CP00,2007-01-01,1.4
FR,CP00,2007-02-01,1.2
FR,CP00,2007-03-01,1.2
FR,CP00,2007-04-01,1.3
FR,CP00,2007-05-01,1.2
FR,CP00,2007-06-01,1.3
FR,CP00,2007-07-01,1.2
FR,CP00,2007-08-01,1.3
FR,CP00,2007-09-01,1.6
FR,CP00,2007-10-01,2.1
FR,CP00,2007-11-01,2.6
FR,CP00,2007-12-01,2.8
FR,CP00,2008-01-01,3.2
FR,CP00,2008-02-01,3.2
FR,CP00,2008-03-01,3.5
FR,CP00,2008-04-01,3.4
FR,CP00,2008-05-01,3.7
FR,CP00,2008-06-01,4.0
FR,CP00,2008-07-01,4.0
FR,CP00,2008-08-01,3.5
FR,CP00,2008-09-01,3.4
FR,CP00,2008-10-01,3.0
FR,CP00,2008-11-01,1.9
FR,CP00,2008-12-01,1.2
FR,CP00,2009-01-01,0.8
FR,CP00,2009-02-01,1.0
FR,CP00,2009-03-01,0.4
FR,CP00,2009-04-01,0.1
FR,CP00,2009-05-01,-0.3
FR,CP00,2009-06-01,-0.6
FR,CP00,2009-07-01,-0.8
FR,CP00,2009-08-01,-0.2
FR,CP00,2009-09-01,-0.4
FR,CP00,2009-10-01,-0.2
FR,CP00,2009-11-01,0.5
FR,CP00,2009-12-01,1.0
FR,CP00,2010-01-01,1.2
FR,CP00,2010-02-01,1.4
FR,CP00,2010-03-01,1.8
FR,CP00,2010-04-01,1.9
FR,CP00,2010-05-01,1.9
FR,CP00,2010-06-01,1.7
FR,CP00,2010-07-01,1.9
FR,CP00,2010-08-01,1.6
FR,CP00,2010-09-01,1.8
FR,CP00,2010-10-01,1.8
FR,CP00,2010-11-01,1.8
FR,CP00,2010-12-01,2.0
FR,CP00,2011-01-01,2.0
FR,CP00,2011-02-01,1.8
FR,CP00,2011-03-01,2.2
FR,CP00,2011-04-01,2.2
FR,CP00,2011-05-01,2.2
FR,CP00,2011-06-01,2.3
FR,CP00,2011-07-01,2.1
FR,CP00,2011-08-01,2.4
FR,CP00,2011-09-01,2.4
FR,CP00,2011-10-01,2.5
FR,CP00,2011-11-01,2.7
FR,CP00,2011-12-01,2.7
FR,CP00,2012-01-01,2.6
FR,CP00,2012-02-01,2.6
FR,CP00,2012-03-01,2.6
FR,CP00,2012-04-01,2.4
FR,CP00,2012-05-01,2.3
FR,CP00,2012-06-01,2.2
FR,CP00,2012-07-01,2.2
FR,CP00,2012-08-01,2.4
FR,CP00,2012-09-01,2.2
FR,CP00,2012-10-01,2.1
FR,CP00,2012-11-01,1.6
FR,CP00,2012-12-01,1.5
FR,CP00,2013-01-01,1.3
FR,CP00,2013-02-01,1.2
FR,CP00,2013-03-01,1.1
FR,CP00,2013-04-01,0.8
FR,CP00,2013-05-01,0.9
FR,CP00,2013-06-01,1.0
FR,CP00,2013-07-01,1.2
FR,CP00,2013-08-01,1.0
FR,CP00,2013-09-01,1.0
FR,CP00,2013-10-01,0.7
FR,CP00,2013-11-01,0.8
FR,CP00,2013-12-01,0.8
FR,CP00,2014-01-01,0.8
FR,CP00,2014-02-01,1.1
FR,CP00,2014-03-01,0.8
FR,CP00,2014-04-01,0.8
FR,CP00,2014-05-01,0.8
FR,CP00,2014-06-01,0.6
FR,CP00,2014-07-01,0.6
FR,CP00,2014-08-01,0.5
FR,CP00,2014-09-01,0.4
FR,CP00,2014-10-01,0.5
FR,CP00,2014-11-01,0.4
FR,CP00,2014-12-01,0.1
FR,CP00,2015-01-01,-0.4
FR,CP00,2015-02-01,-0.3
FR,CP00,2015-03-01,0.0
FR,CP00,2015-04-01,0.1
FR,CP00,2015-05-01,0.3
FR,CP00,2015-06-01,0.3
FR,CP00,2015-07-01,0.2
FR,CP00,2015-08-01,0.1
FR,CP00,2015-09-01,0.1
FR,CP00,2015-10-01,0.1
FR,CP00,2015-11-01,0.1
FR,CP00,2015-12-01,0.3
FR,CP00,2016-01-01,0.3
FR,CP00,2016-02-01,-0.1
FR,CP00,2016-03-01,-0.1
FR,CP00,2016-04-01,-0.1
FR,CP00,2016-05-01,0.1
FR,CP00,2016-06-01,0.3
FR,CP00,2016-07-01,0.4
FR,CP00,2016-08-01,0.4
FR,CP00,2016-09-01,0.5
FR,CP00,2016-10-01,0.5
FR,CP00,2016-11-01,0.7
FR,CP00,2016-12-01,0.8
FR,CP00,2017-01-01,1.6
FR,CP00,2017-02-01,1.4
FR,CP00,2017-03-01,1.4
FR,CP00,2017-04-01,1.4
FR,CP00,2017-05-01,0.9
FR,CP00,2017-06-01,0.8
FR,CP00,2017-07-01,0.8
FR,CP00,2017-08-01,1.0
FR,CP00,2017-09-01,1.1
FR,CP00,2017-10-01,1.2
FR,CP00,2017-11-01,1.2
FR,CP00,2017-12-01,1.2
FR,CP00,2018-01-01,1.5
FR,CP00,2018-02-01,1.3
FR,CP00,2018-03-01,1.7
FR,CP00,2018-04-01,1.8
FR,CP00,2018-05-01,2.3
FR,CP00,2018-06-01,2.3
FR,CP00,2018-07-01,2.6
FR,CP00,2018-08-01,2.6
FR,CP00,2018-09-01,2.5
FR,CP00,2018-10-01,2.5
FR,CP00,2018-11-01,2.2
FR,CP00,2018-12-01,1.9
FR,CP00,2019-01-01,1.4
FR,CP00,2019-02-01,1.5
FR,CP00,2019-03-01,1.3
FR,CP00,2019-04-01,1.4
FR,CP00,2019-05-01,1.1
FR,CP00,2019-06-01,1.4
FR,CP00,2019-07-01,1.3
FR,CP00,2019-08-01,1.3
FR,CP00,2019-09-01,1.1
FR,CP00,2019-10-01,0.9
FR,CP00,2019-11-01,1.2
FR,CP00,2019-12-01,1.6
FR,CP00,2020-01-01,1.7
FR,CP00,2020-02-01,1.6
FR,CP00,2020-03-01,0.8
FR,CP00,2020-04-01,0.4
FR,CP00,2020-05-01,0.4
FR,CP00,2020-06-01,0.2
FR,CP00,2020-07-01,0.8
FR,CP00,2020-08-01,0.2
FR,CP00,2020-09-01,0.0
FR,CP00,2020-10-01,0.1
FR,CP00,2020-11-01,0.2
FR,CP00,2020-12-01,0.0
FR,CP00,2021-01-01,0.8
FR,CP00,2021-02-01,0.8
FR,CP00,2021-03-01,1.4
FR,CP00,2021-04-01,1.6
FR,CP00,2021-05-01,1.8
FR,CP00,2021-06-01,1.9
FR,CP00,2021-07-01,1.5
FR,CP00,2021-08-01,2.4
FR,CP00,2021-09-01,2.7
FR,CP00,2021-10-01,3.2
FR,CP00,2021-11-01,3.4
FR,CP00,2021-12-01,3.4
FR,CP00,2022-01-01,3.3
FR,CP00,2022-02-01,4.2
FR,CP00,2022-03-01,5.1
FR,CP00,2022-04-01,5.4
FR,CP00,2022-05-01,5.8
FR,CP00,2022-06-01,6.5
FR,CP00,2022-07-01,6.8
FR,CP00,2022-08-01,6.6
FR,CP00,2022-09-01,6.2
FR,CP00,2022-10-01,7.1
FR,CP00,2022-11-01,7.1
FR,CP00,2022-12-01,6.7
FR,CP00,2023-01-01,7.0
FR,CP00,2023-02-01,7.3
FR,CP00,2023-03-01,6.7
FR,CP00,2023-04-01,6.9
FR,CP00,2023-05-01,6.0
FR,CP00,2023-06-01,5.3
FR,CP00,2023-07-01,5.1
FR,CP00,2023-08-01,5.7
FR,CP00,2023-09-01,5.7
AT,CP00,1996-02-01,
AT,CP00,1996-03-01,
AT,CP00,1996-04-01,
AT,CP00,1996-05-01,
AT,CP00,1996-06-01,
AT,CP00,1996-07-01,
AT,CP00,1996-08-01,
AT,CP00,1996-09-01,
AT,CP00,1996-10-01,
AT,CP00,1996-11-01,
AT,CP00,1996-12-01,
AT,CP00,1997-01-01,1.2
AT,CP00,1997-02-01,1.4
AT,CP00,1997-03-01,1.2
AT,CP00,1997-04-01,1.2
AT,CP00,1997-05-01,1.3
AT,CP00,1997-06-01,1.0
AT,CP00,1997-07-01,0.9
AT,CP00,1997-08-01,1.3
AT,CP00,1997-09-01,1.2
AT,CP00,1997-10-01,1.1
AT,CP00,1997-11-01,1.1
AT,CP00,1997-12-01,1.0
AT,CP00,1998-01-01,1.2
AT,CP00,1998-02-01,1.0
AT,CP00,1998-03-01,1.0
AT,CP00,1998-04-01,1.2
AT,CP00,1998-05-01,1.0
AT,CP00,1998-06-01,0.8
AT,CP00,1998-07-01,0.8
AT,CP00,1998-08-01,0.7
AT,CP00,1998-09-01,0.6
AT,CP00,1998-10-01,0.7
AT,CP00,1998-11-01,0.5
AT,CP00,1998-12-01,0.5
AT,CP00,1999-01-01,0.3
AT,CP00,1999-02-01,0.2
AT,CP00,1999-03-01,0.2
AT,CP00,1999-04-01,0.1
AT,CP00,1999-05-01,0.4
AT,CP00,1999-06-01,0.2
AT,CP00,1999-07-01,0.3
AT,CP00,1999-08-01,0.5
AT,CP00,1999-09-01,0.6
AT,CP00,1999-10-01,0.8
AT,CP00,1999-11-01,1.0
AT,CP00,1999-12-01,1.7
AT,CP00,2000-01-01,1.4
AT,CP00,2000-02-01,2.0
AT,CP00,2000-03-01,1.9
AT,CP00,2000-04-01,1.8
AT,CP00,2000-05-01,1.5
AT,CP00,2000-06-01,2.4
AT,CP00,2000-07-01,2.0
AT,CP00,2000-08-01,1.9
AT,CP00,2000-09-01,2.3
AT,CP00,2000-10-01,2.2
AT,CP00,2000-11-01,2.3
AT,CP00,2000-12-01,1.8
AT,CP00,2001-01-01,2.3
AT,CP00,2001-02-01,1.8
AT,CP00,2001-03-01,1.9
AT,CP00,2001-04-01,2.6
AT,CP00,2001-05-01,2.9
AT,CP00,2001-06-01,2.6
AT,CP00,2001-07-01,2.8
AT,CP00,2001-08-01,2.4
AT,CP00,2001-09-01,2.4
AT,CP00,2001-10-01,2.3
AT,CP00,2001-11-01,1.9
AT,CP00,2001-12-01,1.8
AT,CP00,2002-01-01,1.9
AT,CP00,2002-02-01,1.7
AT,CP00,2002-03-01,1.7
AT,CP00,2002-04-01,1.6
AT,CP00,2002-05-01,1.6
AT,CP00,2002-06-01,1.5
AT,CP00,2002-07-01,1.5
AT,CP00,2002-08-01,2.0
AT,CP00,2002-09-01,1.6
AT,CP00,2002-10-01,1.6
AT,CP00,2002-11-01,1.7
AT,CP00,2002-12-01,1.7
AT,CP00,2003-01-01,1.7
AT,CP00,2003-02-01,1.7
AT,CP00,2003-03-01,1.8
AT,CP00,2003-04-01,1.3
AT,CP00,2003-05-01,1.0
AT,CP00,2003-06-01,1.0
AT,CP00,2003-07-01,1.0
AT,CP00,2003-08-01,1.0
AT,CP00,2003-09-01,1.3
AT,CP00,2003-10-01,1.1
AT,CP00,2003-11-01,1.3
AT,CP00,2003-12-01,1.3
AT,CP00,2004-01-01,1.2
AT,CP00,2004-02-01,1.5
AT,CP00,2004-03-01,1.6
AT,CP00,2004-04-01,1.6
AT,CP00,2004-05-01,2.1
AT,CP00,2004-06-01,2.3
AT,CP00,2004-07-01,2.1
AT,CP00,2004-08-01,2.2
AT,CP00,2004-09-01,1.8
AT,CP00,2004-10-01,2.4
AT,CP00,2004-11-01,2.3
AT,CP00,2004-12-01,2.5
AT,CP00,2005-01-01,2.4
AT,CP00,2005-02-01,2.3
AT,CP00,2005-03-01,2.4
AT,CP00,2005-04-01,2.3
AT,CP00,2005-05-01,1.9
AT,CP00,2005-06-01,2.0
AT,CP00,2005-07-01,2.1
AT,CP00,2005-08-01,1.9
AT,CP00,2005-09-01,2.5
AT,CP00,2005-10-01,2.1
AT,CP00,2005-11-01,1.7
AT,CP00,2005-12-01,1.5
AT,CP00,2006-01-01,1.5
AT,CP00,2006-02-01,1.5
AT,CP00,2006-03-01,1.3
AT,CP00,2006-04-01,2.1
AT,CP00,2006-05-01,2.1
AT,CP00,2006-06-01,1.9
AT,CP00,2006-07-01,1.9
AT,CP00,2006-08-01,2.1
AT,CP00,2006-09-01,1.4
AT,CP00,2006-10-01,1.2
AT,CP00,2006-11-01,1.5
AT,CP00,2006-12-01,1.6
AT,CP00,2007-01-01,1.7
AT,CP00,2007-02-01,1.7
AT,CP00,2007-03-01,1.9
AT,CP00,2007-04-01,1.8
AT,CP00,2007-05-01,1.9
AT,CP00,2007-06-01,1.9
AT,CP00,2007-07-01,2.0
AT,CP00,2007-08-01,1.7
AT,CP00,2007-09-01,2.1
AT,CP00,2007-10-01,2.9
AT,CP00,2007-11-01,3.2
AT,CP00,2007-12-01,3.5
AT,CP00,2008-01-01,3.1
AT,CP00,2008-02-01,3.1
AT,CP00,2008-03-01,3.5
AT,CP00,2008-04-01,3.4
AT,CP00,2008-05-01,3.8
AT,CP00,2008-06-01,4.0
AT,CP00,2008-07-01,3.8
AT,CP00,2008-08-01,3.6
AT,CP00,2008-09-01,3.7
AT,CP00,2008-10-01,3.0
AT,CP00,2008-11-01,2.3
AT,CP00,2008-12-01,1.5
AT,CP00,2009-01-01,1.2
AT,CP00,2009-02-01,1.3
AT,CP00,2009-03-01,0.6
AT,CP00,2009-04-01,0.5
AT,CP00,2009-05-01,0.1
AT,CP00,2009-06-01,-0.3
AT,CP00,2009-07-01,-0.4
AT,CP00,2009-08-01,0.2
AT,CP00,2009-09-01,0.0
AT,CP00,2009-10-01,0.1
AT,CP00,2009-11-01,0.6
AT,CP00,2009-12-01,1.1
AT,CP00,2010-01-01,1.2
AT,CP00,2010-02-01,0.9
AT,CP00,2010-03-01,1.8
AT,CP00,2010-04-01,1.8
AT,CP00,2010-05-01,1.7
AT,CP00,2010-06-01,1.8
AT,CP00,2010-07-01,1.7
AT,CP00,2010-08-01,1.6
AT,CP00,2010-09-01,1.8
AT,CP00,2010-10-01,2.0
AT,CP00,2010-11-01,1.8
AT,CP00,2010-12-01,2.2
AT,CP00,2011-01-01,2.5
AT,CP00,2011-02-01,3.1
AT,CP00,2011-03-01,3.3
AT,CP00,2011-04-01,3.7
AT,CP00,2011-05-01,3.7
AT,CP00,2011-06-01,3.7
AT,CP00,2011-07-01,3.8
AT,CP00,2011-08-01,3.7
AT,CP00,2011-09-01,3.9
AT,CP00,2011-10-01,3.8
AT,CP00,2011-11-01,3.9
AT,CP00,2011-12-01,3.4
AT,CP00,2012-01-01,2.9
AT,CP00,2012-02-01,2.6
AT,CP00,2012-03-01,2.6
AT,CP00,2012-04-01,2.3
AT,CP00,2012-05-01,2.2
AT,CP00,2012-06-01,2.2
AT,CP00,2012-07-01,2.1
AT,CP00,2012-08-01,2.3
AT,CP00,2012-09-01,2.8
AT,CP00,2012-10-01,2.9
AT,CP00,2012-11-01,2.9
AT,CP00,2012-12-01,2.9
AT,CP00,2013-01-01,2.8
AT,CP00,2013-02-01,2.6
AT,CP00,2013-03-01,2.4
AT,CP00,2013-04-01,2.1
AT,CP00,2013-05-01,2.4
AT,CP00,2013-06-01,2.3
AT,CP00,2013-07-01,2.1
AT,CP00,2013-08-01,2.0
AT,CP00,2013-09-01,1.8
AT,CP00,2013-10-01,1.5
AT,CP00,2013-11-01,1.4
AT,CP00,2013-12-01,2.0
AT,CP00,2014-01-01,1.5
AT,CP00,2014-02-01,1.5
AT,CP00,2014-03-01,1.4
AT,CP00,2014-04-01,1.6
AT,CP00,2014-05-01,1.5
AT,CP00,2014-06-01,1.7
AT,CP00,2014-07-01,1.7
AT,CP00,2014-08-01,1.5
AT,CP00,2014-09-01,1.4
AT,CP00,2014-10-01,1.4
AT,CP00,2014-11-01,1.5
AT,CP00,2014-12-01,0.8
AT,CP00,2015-01-01,0.5
AT,CP00,2015-02-01,0.5
AT,CP00,2015-03-01,0.9
AT,CP00,2015-04-01,0.9
AT,CP00,2015-05-01,1.0
AT,CP00,2015-06-01,1.0
AT,CP00,2015-07-01,1.1
AT,CP00,2015-08-01,0.9
AT,CP00,2015-09-01,0.6
AT,CP00,2015-10-01,0.7
AT,CP00,2015-11-01,0.5
AT,CP00,2015-12-01,1.1
AT,CP00,2016-01-01,1.4
AT,CP00,2016-02-01,1.0
AT,CP00,2016-03-01,0.7
AT,CP00,2016-04-01,0.7
AT,CP00,2016-05-01,0.6
AT,CP00,2016-06-01,0.6
AT,CP00,2016-07-01,0.6
AT,CP00,2016-08-01,0.6
AT,CP00,2016-09-01,1.1
AT,CP00,2016-10-01,1.4
AT,CP00,2016-11-01,1.5
AT,CP00,2016-12-01,1.6
AT,CP00,2017-01-01,2.1
AT,CP00,2017-02-01,2.4
AT,CP00,2017-03-01,2.1
AT,CP00,2017-04-01,2.3
AT,CP00,2017-05-01,2.1
AT,CP00,2017-06-01,2.0
AT,CP00,2017-07-01,2.0
AT,CP00,2017-08-01,2.1
AT,CP00,2017-09-01,2.5
AT,CP00,2017-10-01,2.4
AT,CP00,2017-11-01,2.4
AT,CP00,2017-12-01,2.3
AT,CP00,2018-01-01,1.9
AT,CP00,2018-02-01,1.9
AT,CP00,2018-03-01,2.1
AT,CP00,2018-04-01,2.0
AT,CP00,2018-05-01,2.1
AT,CP00,2018-06-01,2.3
AT,CP00,2018-07-01,2.3
AT,CP00,2018-08-01,2.3
AT,CP00,2018-09-01,2.1
AT,CP00,2018-10-01,2.4
AT,CP00,2018-11-01,2.3
AT,CP00,2018-12-01,1.7
AT,CP00,2019-01-01,1.7
AT,CP00,2019-02-01,1.4
AT,CP00,2019-03-01,1.7
AT,CP00,2019-04-01,1.7
AT,CP00,2019-05-01,1.7
AT,CP00,2019-06-01,1.6
AT,CP00,2019-07-01,1.4
AT,CP00,2019-08-01,1.4
AT,CP00,2019-09-01,1.2
AT,CP00,2019-10-01,1.0
AT,CP00,2019-11-01,1.2
AT,CP00,2019-12-01,1.8
AT,CP00,2020-01-01,2.2
AT,CP00,2020-02-01,2.2
AT,CP00,2020-03-01,1.6
AT,CP00,2020-04-01,1.5
AT,CP00,2020-05-01,0.6
AT,CP00,2020-06-01,1.1
AT,CP00,2020-07-01,1.8
AT,CP00,2020-08-01,1.4
AT,CP00,2020-09-01,1.2
AT,CP00,2020-10-01,1.1
AT,CP00,2020-11-01,1.1
AT,CP00,2020-12-01,1.0
AT,CP00,2021-01-01,1.1
AT,CP00,2021-02-01,1.4
AT,CP00,2021-03-01,2.0
AT,CP00,2021-04-01,1.9
AT,CP00,2021-05-01,3.0
AT,CP00,2021-06-01,2.8
AT,CP00,2021-07-01,2.8
AT,CP00,2021-08-01,3.2
AT,CP00,2021-09-01,3.3
AT,CP00,2021-10-01,3.8
AT,CP00,2021-11-01,4.1
AT,CP00,2021-12-01,3.8
AT,CP00,2022-01-01,4.5
AT,CP00,2022-02-01,5.5
AT,CP00,2022-03-01,6.6
AT,CP00,2022-04-01,7.1
AT,CP00,2022-05-01,7.7
AT,CP00,2022-06-01,8.7
AT,CP00,2022-07-01,9.4
AT,CP00,2022-08-01,9.2
AT,CP00,2022-09-01,11.0
AT,CP00,2022-10-01,11.6
AT,CP00,2022-11-01,11.2
AT,CP00,2022-12-01,10.5
AT,CP00,2023-01-01,11.6
AT,CP00,2023-02-01,11.0
AT,CP00,2023-03-01,9.2
AT,CP00,2023-04-01,9.4
AT,CP00,2023-05-01,8.7
AT,CP00,2023-06-01,7.8
AT,CP00,2023-07-01,7.0
AT,CP00,2023-08-01,7.5
AT,CP00,2023-09-01,5.8
AT,CP00,2023-10-01,4.9
AT,CP00,2023-11-01,4.9
AT,CP00,2023-12-01,5.7
AT,CP00,2024-01-01,4.3
AT,CP00,2024-02-01,4.0
AT,CP00,2024-03-01,4.1
AT,CP00,2024-04-01,3.4
AT,CP00,2024-05-01,3.3
AT,CP00,2024-06-01,3.1
AT,CP00,2024-07-01,2.9
AT,CP00,2024-08-01,2.4
AT,CP00,2024-09-01,1.8
AT,CP00,2024-10-01,1.8
AT,CP00,2024-11-01,1.9
AT,CP00,2024-12-01,2.1
AT,CP00,2025-01-01,3.4
AT,CP00,2025-02-01,3.4
AT,CP00,2025-03-01,3.1
AT,CP00,2025-04-01,3.3
AT,CP00,2025-05-01,3.0
AT,CP00,2025-06-01,3.2
AT,CP00,2025-07-01,3.7
AT,CP00,2025-08-01,4.1
AT,CP00,2025-09-01,3.9
AT,CP00,2025-10-01,4.0
AT,CP00,2025-11-01,4.0
AT,CP00,2025-12-01,3.8
AT,CP00,2026-01-01,2.1
AT,CP00,2026-02-01,2.3
BE,CP00,1996-02-01,
BE,CP00,1996-03-01,
BE,CP00,1996-04-01,
BE,CP00,1996-05-01,
BE,CP00,1996-06-01,
BE,CP00,1996-07-01,
BE,CP00,1996-08-01,
BE,CP00,1996-09-01,
BE,CP00,1996-10-01,
BE,CP00,1996-11-01,
BE,CP00,1996-12-01,
BE,CP00,1997-01-01,2.1
BE,CP00,1997-02-01,1.9
BE,CP00,1997-03-01,1.3
BE,CP00,1997-04-01,1.1
BE,CP00,1997-05-01,1.4
BE,CP00,1997-06-01,1.6
BE,CP00,1997-07-01,1.9
BE,CP00,1997-08-01,1.7
BE,CP00,1997-09-01,1.6
BE,CP00,1997-10-01,1.2
BE,CP00,1997-11-01,1.3
BE,CP00,1997-12-01,0.9
BE,CP00,1998-01-01,0.5
BE,CP00,1998-02-01,0.8
BE,CP00,1998-03-01,1.0
BE,CP00,1998-04-01,1.3
BE,CP00,1998-05-01,1.3
BE,CP00,1998-06-01,1.2
BE,CP00,1998-07-01,1.2
BE,CP00,1998-08-01,1.0
BE,CP00,1998-09-01,0.8
BE,CP00,1998-10-01,0.7
BE,CP00,1998-11-01,0.6
BE,CP00,1998-12-01,0.7
BE,CP00,1999-01-01,1.0
BE,CP00,1999-02-01,1.0
BE,CP00,1999-03-01,1.3
BE,CP00,1999-04-01,1.1
BE,CP00,1999-05-01,0.8
BE,CP00,1999-06-01,0.7
BE,CP00,1999-07-01,0.7
BE,CP00,1999-08-01,0.9
BE,CP00,1999-09-01,1.3
BE,CP00,1999-10-01,1.4
BE,CP00,1999-11-01,1.6
BE,CP00,1999-12-01,2.0
BE,CP00,2000-01-01,0.3
BE,CP00,2000-02-01,2.1
BE,CP00,2000-03-01,2.5
BE,CP00,2000-04-01,2.3
BE,CP00,2000-05-01,2.4
BE,CP00,2000-06-01,3.0
BE,CP00,2000-07-01,1.7
BE,CP00,2000-08-01,3.5
BE,CP00,2000-09-01,3.9
BE,CP00,2000-10-01,3.7
BE,CP00,2000-11-01,3.7
BE,CP00,2000-12-01,3.0
BE,CP00,2001-01-01,2.7
BE,CP00,2001-02-01,2.5
BE,CP00,2001-03-01,2.2
BE,CP00,2001-04-01,2.9
BE,CP00,2001-05-01,3.1
BE,CP00,2001-06-01,3.0
BE,CP00,2001-07-01,2.7
BE,CP00,2001-08-01,2.5
BE,CP00,2001-09-01,1.9
BE,CP00,2001-10-01,2.0
BE,CP00,2001-11-01,1.8
BE,CP00,2001-12-01,1.9
BE,CP00,2002-01-01,2.6
BE,CP00,2002-02-01,2.5
BE,CP00,2002-03-01,2.5
BE,CP00,2002-04-01,1.7
BE,CP00,2002-05-01,1.3
BE,CP00,2002-06-01,0.8
BE,CP00,2002-07-01,1.2
BE,CP00,2002-08-01,1.2
BE,CP00,2002-09-01,1.2
BE,CP00,2002-10-01,1.2
BE,CP00,2002-11-01,1.1
BE,CP00,2002-12-01,1.3
BE,CP00,2003-01-01,1.2
BE,CP00,2003-02-01,1.7
BE,CP00,2003-03-01,1.7
BE,CP00,2003-04-01,1.5
BE,CP00,2003-05-01,1.0
BE,CP00,2003-06-01,1.5
BE,CP00,2003-07-01,1.4
BE,CP00,2003-08-01,1.7
BE,CP00,2003-09-01,1.7
BE,CP00,2003-10-01,1.5
BE,CP00,2003-11-01,1.8
BE,CP00,2003-12-01,1.6
BE,CP00,2004-01-01,1.4
BE,CP00,2004-02-01,1.1
BE,CP00,2004-03-01,0.9
BE,CP00,2004-04-01,1.7
BE,CP00,2004-05-01,2.4
BE,CP00,2004-06-01,2.0
BE,CP00,2004-07-01,2.0
BE,CP00,2004-08-01,2.0
BE,CP00,2004-09-01,1.8
BE,CP00,2004-10-01,2.6
BE,CP00,2004-11-01,2.3
BE,CP00,2004-12-01,2.0
BE,CP00,2005-01-01,2.0
BE,CP00,2005-02-01,2.3
BE,CP00,2005-03-01,2.8
BE,CP00,2005-04-01,2.5
BE,CP00,2005-05-01,2.3
BE,CP00,2005-06-01,2.7
BE,CP00,2005-07-01,2.7
BE,CP00,2005-08-01,2.9
BE,CP00,2005-09-01,2.9
BE,CP00,2005-10-01,2.3
BE,CP00,2005-11-01,2.4
BE,CP00,2005-12-01,2.8
BE,CP00,2006-01-01,2.7
BE,CP00,2006-02-01,2.9
BE,CP00,2006-03-01,2.2
BE,CP00,2006-04-01,2.5
BE,CP00,2006-05-01,2.8
BE,CP00,2006-06-01,2.5
BE,CP00,2006-07-01,2.4
BE,CP00,2006-08-01,2.3
BE,CP00,2006-09-01,1.9
BE,CP00,2006-10-01,1.7
BE,CP00,2006-11-01,2.0
BE,CP00,2006-12-01,2.1
BE,CP00,2007-01-01,1.7
BE,CP00,2007-02-01,1.8
BE,CP00,2007-03-01,1.8
BE,CP00,2007-04-01,1.8
BE,CP00,2007-05-01,1.3
BE,CP00,2007-06-01,1.3
BE,CP00,2007-07-01,1.3
BE,CP00,2007-08-01,1.1
BE,CP00,2007-09-01,1.4
BE,CP00,2007-10-01,2.2
BE,CP00,2007-11-01,2.9
BE,CP00,2007-12-01,3.1
BE,CP00,2008-01-01,3.5
BE,CP00,2008-02-01,3.6
BE,CP00,2008-03-01,4.4
BE,CP00,2008-04-01,4.1
BE,CP00,2008-05-01,5.1
BE,CP00,2008-06-01,5.7
BE,CP00,2008-07-01,5.9
BE,CP00,2008-08-01,5.4
BE,CP00,2008-09-01,5.5
BE,CP00,2008-10-01,4.8
BE,CP00,2008-11-01,3.2
BE,CP00,2008-12-01,2.7
BE,CP00,2009-01-01,2.1
BE,CP00,2009-02-01,1.9
BE,CP00,2009-03-01,0.6
BE,CP00,2009-04-01,0.7
BE,CP00,2009-05-01,-0.2
BE,CP00,2009-06-01,-1.0
BE,CP00,2009-07-01,-1.7
BE,CP00,2009-08-01,-0.7
BE,CP00,2009-09-01,-1.0
BE,CP00,2009-10-01,-0.9
BE,CP00,2009-11-01,0.0
BE,CP00,2009-12-01,0.3
BE,CP00,2010-01-01,0.8
BE,CP00,2010-02-01,0.8
BE,CP00,2010-03-01,1.9
BE,CP00,2010-04-01,2.0
BE,CP00,2010-05-01,2.5
BE,CP00,2010-06-01,2.7
BE,CP00,2010-07-01,2.4
BE,CP00,2010-08-01,2.4
BE,CP00,2010-09-01,2.9
BE,CP00,2010-10-01,3.1
BE,CP00,2010-11-01,3.0
BE,CP00,2010-12-01,3.4
BE,CP00,2011-01-01,3.5
BE,CP00,2011-02-01,3.5
BE,CP00,2011-03-01,3.3
BE,CP00,2011-04-01,3.1
BE,CP00,2011-05-01,2.9
BE,CP00,2011-06-01,3.3
BE,CP00,2011-07-01,4.0
BE,CP00,2011-08-01,3.5
BE,CP00,2011-09-01,3.2
BE,CP00,2011-10-01,3.2
BE,CP00,2011-11-01,3.5
BE,CP00,2011-12-01,3.2
BE,CP00,2012-01-01,3.3
BE,CP00,2012-02-01,3.4
BE,CP00,2012-03-01,3.1
BE,CP00,2012-04-01,2.9
BE,CP00,2012-05-01,2.6
BE,CP00,2012-06-01,2.2
BE,CP00,2012-07-01,2.0
BE,CP00,2012-08-01,2.6
BE,CP00,2012-09-01,2.6
BE,CP00,2012-10-01,2.7
BE,CP00,2012-11-01,2.2
BE,CP00,2012-12-01,2.1
BE,CP00,2013-01-01,1.5
BE,CP00,2013-02-01,1.5
BE,CP00,2013-03-01,1.4
BE,CP00,2013-04-01,1.2
BE,CP00,2013-05-01,1.2
BE,CP00,2013-06-01,1.6
BE,CP00,2013-07-01,1.6
BE,CP00,2013-08-01,1.1
BE,CP00,2013-09-01,1.0
BE,CP00,2013-10-01,0.7
BE,CP00,2013-11-01,0.9
BE,CP00,2013-12-01,1.2
BE,CP00,2014-01-01,1.1
BE,CP00,2014-02-01,0.8
BE,CP00,2014-03-01,0.8
BE,CP00,2014-04-01,0.8
BE,CP00,2014-05-01,0.7
BE,CP00,2014-06-01,0.6
BE,CP00,2014-07-01,0.5
BE,CP00,2014-08-01,0.4
BE,CP00,2014-09-01,0.2
BE,CP00,2014-10-01,0.3
BE,CP00,2014-11-01,0.1
BE,CP00,2014-12-01,-0.4
BE,CP00,2015-01-01,-0.6
BE,CP00,2015-02-01,-0.4
BE,CP00,2015-03-01,-0.1
BE,CP00,2015-04-01,0.4
BE,CP00,2015-05-01,0.8
BE,CP00,2015-06-01,0.9
BE,CP00,2015-07-01,0.9
BE,CP00,2015-08-01,0.8
BE,CP00,2015-09-01,0.9
BE,CP00,2015-10-01,1.1
BE,CP00,2015-11-01,1.4
BE,CP00,2015-12-01,1.4
BE,CP00,2016-01-01,1.9
BE,CP00,2016-02-01,1.1
BE,CP00,2016-03-01,1.6
BE,CP00,2016-04-01,1.5
BE,CP00,2016-05-01,1.6
BE,CP00,2016-06-01,1.8
BE,CP00,2016-07-01,2.0
BE,CP00,2016-08-01,2.0
BE,CP00,2016-09-01,1.8
BE,CP00,2016-10-01,1.9
BE,CP00,2016-11-01,1.7
BE,CP00,2016-12-01,2.2
BE,CP00,2017-01-01,3.1
BE,CP00,2017-02-01,3.3
BE,CP00,2017-03-01,2.5
BE,CP00,2017-04-01,2.7
BE,CP00,2017-05-01,1.9
BE,CP00,2017-06-01,1.5
BE,CP00,2017-07-01,1.8
BE,CP00,2017-08-01,2.0
BE,CP00,2017-09-01,2.0
BE,CP00,2017-10-01,1.8
BE,CP00,2017-11-01,2.1
BE,CP00,2017-12-01,2.1
BE,CP00,2018-01-01,1.8
BE,CP00,2018-02-01,1.5
BE,CP00,2018-03-01,1.5
BE,CP00,2018-04-01,1.6
BE,CP00,2018-05-01,2.3
BE,CP00,2018-06-01,2.6
BE,CP00,2018-07-01,2.7
BE,CP00,2018-08-01,2.6
BE,CP00,2018-09-01,2.8
BE,CP00,2018-10-01,3.2
BE,CP00,2018-11-01,2.9
BE,CP00,2018-12-01,2.2
BE,CP00,2019-01-01,1.8
BE,CP00,2019-02-01,2.0
BE,CP00,2019-03-01,2.2
BE,CP00,2019-04-01,2.0
BE,CP00,2019-05-01,1.7
BE,CP00,2019-06-01,1.3
BE,CP00,2019-07-01,1.2
BE,CP00,2019-08-01,0.9
BE,CP00,2019-09-01,0.6
BE,CP00,2019-10-01,0.2
BE,CP00,2019-11-01,0.4
BE,CP00,2019-12-01,0.9
BE,CP00,2020-01-01,1.4
BE,CP00,2020-02-01,1.0
BE,CP00,2020-03-01,0.4
BE,CP00,2020-04-01,0.0
BE,CP00,2020-05-01,-0.2
BE,CP00,2020-06-01,0.2
BE,CP00,2020-07-01,1.7
BE,CP00,2020-08-01,-0.9
BE,CP00,2020-09-01,0.5
BE,CP00,2020-10-01,0.4
BE,CP00,2020-11-01,0.2
BE,CP00,2020-12-01,0.4
BE,CP00,2021-01-01,0.6
BE,CP00,2021-02-01,0.3
BE,CP00,2021-03-01,1.6
BE,CP00,2021-04-01,2.1
BE,CP00,2021-05-01,2.5
BE,CP00,2021-06-01,2.6
BE,CP00,2021-07-01,1.4
BE,CP00,2021-08-01,4.7
BE,CP00,2021-09-01,3.8
BE,CP00,2021-10-01,5.4
BE,CP00,2021-11-01,7.1
BE,CP00,2021-12-01,6.6
BE,CP00,2022-01-01,8.5
BE,CP00,2022-02-01,9.5
BE,CP00,2022-03-01,9.3
BE,CP00,2022-04-01,9.3
BE,CP00,2022-05-01,9.9
BE,CP00,2022-06-01,10.5
BE,CP00,2022-07-01,10.4
BE,CP00,2022-08-01,10.5
BE,CP00,2022-09-01,12.1
BE,CP00,2022-10-01,13.1
BE,CP00,2022-11-01,10.5
BE,CP00,2022-12-01,10.2
BE,CP00,2023-01-01,7.4
BE,CP00,2023-02-01,5.4
BE,CP00,2023-03-01,4.9
BE,CP00,2023-04-01,3.3
BE,CP00,2023-05-01,2.7
BE,CP00,2023-06-01,1.6
BE,CP00,2023-07-01,1.7
BE,CP00,2023-08-01,2.4
BE,CP00,2023-09-01,0.7
BE,CP00,2023-10-01,-1.7
BE,CP00,2023-11-01,-0.8
BE,CP00,2023-12-01,0.5
BE,CP00,2024-01-01,1.5
BE,CP00,2024-02-01,3.6
BE,CP00,2024-03-01,3.8
BE,CP00,2024-04-01,4.9
BE,CP00,2024-05-01,4.9
BE,CP00,2024-06-01,5.4
BE,CP00,2024-07-01,5.4
BE,CP00,2024-08-01,4.3
BE,CP00,2024-09-01,4.3
BE,CP00,2024-10-01,4.5
BE,CP00,2024-11-01,4.8
BE,CP00,2024-12-01,4.4
BE,CP00,2025-01-01,4.4
BE,CP00,2025-02-01,4.4
BE,CP00,2025-03-01,3.6
BE,CP00,2025-04-01,3.1
BE,CP00,2025-05-01,2.8
BE,CP00,2025-06-01,2.9
BE,CP00,2025-07-01,2.6
BE,CP00,2025-08-01,2.6
BE,CP00,2025-09-01,2.7
BE,CP00,2025-10-01,2.5
BE,CP00,2025-11-01,2.6
BE,CP00,2025-12-01,2.2
BE,CP00,2026-01-01,1.4
BE,CP00,2026-02-01,1.4
BG,CP00,1996-02-01,
BG,CP00,1996-03-01,
BG,CP00,1996-04-01,
BG,CP00,1996-05-01,
BG,CP00,1996-06-01,
BG,CP00,1996-07-01,
BG,CP00,1996-08-01,
BG,CP00,1996-09-01,
BG,CP00,1996-10-01,
BG,CP00,1996-11-01,
BG,CP00,1996-12-01,
BG,CP00,1997-01-01,
BG,CP00,1997-02-01,
BG,CP00,1997-03-01,
BG,CP00,1997-04-01,
BG,CP00,1997-05-01,
BG,CP00,1997-06-01,
BG,CP00,1997-07-01,
BG,CP00,1997-08-01,
BG,CP00,1997-09-01,
BG,CP00,1997-10-01,
BG,CP00,1997-11-01,
BG,CP00,1997-12-01,547.6
BG,CP00,1998-01-01,344.0
BG,CP00,1998-02-01,31.4
BG,CP00,1998-03-01,22.1
BG,CP00,1998-04-01,23.1
BG,CP00,1998-05-01,18.8
BG,CP00,1998-06-01,13.0
BG,CP00,1998-07-01,9.5
BG,CP00,1998-08-01,4.1
BG,CP00,1998-09-01,3.5
BG,CP00,1998-10-01,3.0
BG,CP00,1998-11-01,1.5
BG,CP00,1998-12-01,1.6
BG,CP00,1999-01-01,1.9
BG,CP00,1999-02-01,-0.1
BG,CP00,1999-03-01,-1.2
BG,CP00,1999-04-01,-2.2
BG,CP00,1999-05-01,-1.4
BG,CP00,1999-06-01,1.2
BG,CP00,1999-07-01,5.4
BG,CP00,1999-08-01,5.8
BG,CP00,1999-09-01,4.1
BG,CP00,1999-10-01,5.0
BG,CP00,1999-11-01,6.0
BG,CP00,1999-12-01,7.0
BG,CP00,2000-01-01,7.0
BG,CP00,2000-02-01,8.9
BG,CP00,2000-03-01,9.7
BG,CP00,2000-04-01,9.2
BG,CP00,2000-05-01,10.3
BG,CP00,2000-06-01,11.6
BG,CP00,2000-07-01,8.6
BG,CP00,2000-08-01,11.0
BG,CP00,2000-09-01,11.9
BG,CP00,2000-10-01,11.9
BG,CP00,2000-11-01,12.3
BG,CP00,2000-12-01,11.3
BG,CP00,2001-01-01,9.3
BG,CP00,2001-02-01,8.5
BG,CP00,2001-03-01,8.9
BG,CP00,2001-04-01,9.8
BG,CP00,2001-05-01,9.7
BG,CP00,2001-06-01,9.4
BG,CP00,2001-07-01,8.5
BG,CP00,2001-08-01,5.7
BG,CP00,2001-09-01,4.7
BG,CP00,2001-10-01,5.2
BG,CP00,2001-11-01,4.6
BG,CP00,2001-12-01,4.8
BG,CP00,2002-01-01,7.0
BG,CP00,2002-02-01,8.4
BG,CP00,2002-03-01,9.2
BG,CP00,2002-04-01,9.2
BG,CP00,2002-05-01,6.9
BG,CP00,2002-06-01,5.2
BG,CP00,2002-07-01,5.5
BG,CP00,2002-08-01,4.5
BG,CP00,2002-09-01,4.0
BG,CP00,2002-10-01,3.2
BG,CP00,2002-11-01,3.2
BG,CP00,2002-12-01,3.8
BG,CP00,2003-01-01,1.7
BG,CP00,2003-02-01,0.3
BG,CP00,2003-03-01,-0.2
BG,CP00,2003-04-01,0.2
BG,CP00,2003-05-01,1.7
BG,CP00,2003-06-01,1.2
BG,CP00,2003-07-01,2.0
BG,CP00,2003-08-01,3.5
BG,CP00,2003-09-01,3.6
BG,CP00,2003-10-01,3.3
BG,CP00,2003-11-01,5.1
BG,CP00,2003-12-01,5.6
BG,CP00,2004-01-01,6.4
BG,CP00,2004-02-01,6.6
BG,CP00,2004-03-01,6.2
BG,CP00,2004-04-01,6.2
BG,CP00,2004-05-01,6.8
BG,CP00,2004-06-01,7.3
BG,CP00,2004-07-01,7.6
BG,CP00,2004-08-01,6.3
BG,CP00,2004-09-01,6.3
BG,CP00,2004-10-01,5.8
BG,CP00,2004-11-01,4.5
BG,CP00,2004-12-01,4.0
BG,CP00,2005-01-01,3.2
BG,CP00,2005-02-01,3.8
BG,CP00,2005-03-01,4.3
BG,CP00,2005-04-01,5.3
BG,CP00,2005-05-01,5.1
BG,CP00,2005-06-01,6.5
BG,CP00,2005-07-01,6.0
BG,CP00,2005-08-01,7.2
BG,CP00,2005-09-01,7.5
BG,CP00,2005-10-01,8.1
BG,CP00,2005-11-01,8.0
BG,CP00,2005-12-01,7.4
BG,CP00,2006-01-01,7.6
BG,CP00,2006-02-01,9.4
BG,CP00,2006-03-01,9.1
BG,CP00,2006-04-01,8.5
BG,CP00,2006-05-01,8.9
BG,CP00,2006-06-01,8.4
BG,CP00,2006-07-01,7.8
BG,CP00,2006-08-01,7.0
BG,CP00,2006-09-01,5.3
BG,CP00,2006-10-01,5.2
BG,CP00,2006-11-01,5.9
BG,CP00,2006-12-01,6.1
BG,CP00,2007-01-01,6.7
BG,CP00,2007-02-01,4.6
BG,CP00,2007-03-01,4.4
BG,CP00,2007-04-01,4.4
BG,CP00,2007-05-01,4.5
BG,CP00,2007-06-01,5.3
BG,CP00,2007-07-01,6.8
BG,CP00,2007-08-01,9.3
BG,CP00,2007-09-01,11.0
BG,CP00,2007-10-01,10.6
BG,CP00,2007-11-01,11.4
BG,CP00,2007-12-01,11.6
BG,CP00,2008-01-01,11.7
BG,CP00,2008-02-01,12.2
BG,CP00,2008-03-01,13.2
BG,CP00,2008-04-01,13.4
BG,CP00,2008-05-01,14.0
BG,CP00,2008-06-01,14.7
BG,CP00,2008-07-01,14.4
BG,CP00,2008-08-01,11.8
BG,CP00,2008-09-01,11.5
BG,CP00,2008-10-01,11.2
BG,CP00,2008-11-01,8.8
BG,CP00,2008-12-01,7.2
BG,CP00,2009-01-01,6.0
BG,CP00,2009-02-01,5.4
BG,CP00,2009-03-01,4.0
BG,CP00,2009-04-01,3.8
BG,CP00,2009-05-01,3.0
BG,CP00,2009-06-01,2.6
BG,CP00,2009-07-01,1.0
BG,CP00,2009-08-01,1.3
BG,CP00,2009-09-01,0.2
BG,CP00,2009-10-01,0.3
BG,CP00,2009-11-01,0.9
BG,CP00,2009-12-01,1.6
BG,CP00,2010-01-01,1.8
BG,CP00,2010-02-01,1.7
BG,CP00,2010-03-01,2.4
BG,CP00,2010-04-01,3.0
BG,CP00,2010-05-01,3.0
BG,CP00,2010-06-01,2.5
BG,CP00,2010-07-01,3.2
BG,CP00,2010-08-01,3.2
BG,CP00,2010-09-01,3.6
BG,CP00,2010-10-01,3.6
BG,CP00,2010-11-01,4.0
BG,CP00,2010-12-01,4.5
BG,CP00,2011-01-01,4.3
BG,CP00,2011-02-01,4.6
BG,CP00,2011-03-01,4.6
BG,CP00,2011-04-01,3.3
BG,CP00,2011-05-01,3.4
BG,CP00,2011-06-01,3.5
BG,CP00,2011-07-01,3.4
BG,CP00,2011-08-01,3.1
BG,CP00,2011-09-01,2.9
BG,CP00,2011-10-01,3.0
BG,CP00,2011-11-01,2.6
BG,CP00,2011-12-01,2.0
BG,CP00,2012-01-01,1.9
BG,CP00,2012-02-01,2.0
BG,CP00,2012-03-01,1.7
BG,CP00,2012-04-01,2.0
BG,CP00,2012-05-01,1.8
BG,CP00,2012-06-01,1.6
BG,CP00,2012-07-01,2.4
BG,CP00,2012-08-01,3.1
BG,CP00,2012-09-01,3.5
BG,CP00,2012-10-01,3.0
BG,CP00,2012-11-01,2.7
BG,CP00,2012-12-01,2.8
BG,CP00,2013-01-01,2.6
BG,CP00,2013-02-01,2.2
BG,CP00,2013-03-01,1.6
BG,CP00,2013-04-01,1.0
BG,CP00,2013-05-01,1.0
BG,CP00,2013-06-01,1.2
BG,CP00,2013-07-01,0.0
BG,CP00,2013-08-01,-0.7
BG,CP00,2013-09-01,-1.3
BG,CP00,2013-10-01,-1.1
BG,CP00,2013-11-01,-1.0
BG,CP00,2013-12-01,-0.9
BG,CP00,2014-01-01,-1.3
BG,CP00,2014-02-01,-2.1
BG,CP00,2014-03-01,-2.0
BG,CP00,2014-04-01,-1.3
BG,CP00,2014-05-01,-1.8
BG,CP00,2014-06-01,-1.8
BG,CP00,2014-07-01,-1.1
BG,CP00,2014-08-01,-1.0
BG,CP00,2014-09-01,-1.4
BG,CP00,2014-10-01,-1.5
BG,CP00,2014-11-01,-1.9
BG,CP00,2014-12-01,-2.0
BG,CP00,2015-01-01,-2.4
BG,CP00,2015-02-01,-1.7
BG,CP00,2015-03-01,-1.1
BG,CP00,2015-04-01,-0.9
BG,CP00,2015-05-01,-0.3
BG,CP00,2015-06-01,-0.6
BG,CP00,2015-07-01,-1.0
BG,CP00,2015-08-01,-0.8
BG,CP00,2015-09-01,-0.9
BG,CP00,2015-10-01,-1.2
BG,CP00,2015-11-01,-1.0
BG,CP00,2015-12-01,-0.9
BG,CP00,2016-01-01,-0.4
BG,CP00,2016-02-01,-1.0
BG,CP00,2016-03-01,-1.9
BG,CP00,2016-04-01,-2.5
BG,CP00,2016-05-01,-2.5
BG,CP00,2016-06-01,-1.9
BG,CP00,2016-07-01,-1.1
BG,CP00,2016-08-01,-1.1
BG,CP00,2016-09-01,-1.1
BG,CP00,2016-10-01,-1.0
BG,CP00,2016-11-01,-0.8
BG,CP00,2016-12-01,-0.5
BG,CP00,2017-01-01,0.4
BG,CP00,2017-02-01,0.9
BG,CP00,2017-03-01,1.0
BG,CP00,2017-04-01,1.6
BG,CP00,2017-05-01,1.4
BG,CP00,2017-06-01,1.1
BG,CP00,2017-07-01,0.6
BG,CP00,2017-08-01,0.7
BG,CP00,2017-09-01,1.3
BG,CP00,2017-10-01,1.5
BG,CP00,2017-11-01,1.9
BG,CP00,2017-12-01,1.8
BG,CP00,2018-01-01,1.3
BG,CP00,2018-02-01,1.5
BG,CP00,2018-03-01,1.9
BG,CP00,2018-04-01,1.7
BG,CP00,2018-05-01,2.3
BG,CP00,2018-06-01,3.0
BG,CP00,2018-07-01,3.6
BG,CP00,2018-08-01,3.7
BG,CP00,2018-09-01,3.6
BG,CP00,2018-10-01,3.6
BG,CP00,2018-11-01,3.0
BG,CP00,2018-12-01,2.3
BG,CP00,2019-01-01,2.3
BG,CP00,2019-02-01,2.4
BG,CP00,2019-03-01,2.8
BG,CP00,2019-04-01,3.1
BG,CP00,2019-05-01,2.9
BG,CP00,2019-06-01,2.3
BG,CP00,2019-07-01,2.6
BG,CP00,2019-08-01,2.5
BG,CP00,2019-09-01,1.6
BG,CP00,2019-10-01,1.6
BG,CP00,2019-11-01,2.2
BG,CP00,2019-12-01,3.1
BG,CP00,2020-01-01,3.4
BG,CP00,2020-02-01,3.1
BG,CP00,2020-03-01,2.4
BG,CP00,2020-04-01,1.3
BG,CP00,2020-05-01,1.0
BG,CP00,2020-06-01,0.9
BG,CP00,2020-07-01,0.4
BG,CP00,2020-08-01,0.7
BG,CP00,2020-09-01,0.6
BG,CP00,2020-10-01,0.6
BG,CP00,2020-11-01,0.3
BG,CP00,2020-12-01,0.0
BG,CP00,2021-01-01,-0.3
BG,CP00,2021-02-01,0.2
BG,CP00,2021-03-01,0.8
BG,CP00,2021-04-01,1.9
BG,CP00,2021-05-01,2.3
BG,CP00,2021-06-01,2.4
BG,CP00,2021-07-01,2.2
BG,CP00,2021-08-01,2.5
BG,CP00,2021-09-01,4.0
BG,CP00,2021-10-01,5.2
BG,CP00,2021-11-01,6.3
BG,CP00,2021-12-01,6.6
BG,CP00,2022-01-01,7.7
BG,CP00,2022-02-01,8.4
BG,CP00,2022-03-01,10.5
BG,CP00,2022-04-01,12.1
BG,CP00,2022-05-01,13.4
BG,CP00,2022-06-01,14.8
BG,CP00,2022-07-01,14.9
BG,CP00,2022-08-01,15.0
BG,CP00,2022-09-01,15.6
BG,CP00,2022-10-01,14.8
BG,CP00,2022-11-01,14.3
BG,CP00,2022-12-01,14.3
BG,CP00,2023-01-01,14.3
BG,CP00,2023-02-01,13.7
BG,CP00,2023-03-01,12.1
BG,CP00,2023-04-01,10.3
BG,CP00,2023-05-01,8.6
BG,CP00,2023-06-01,7.5
BG,CP00,2023-07-01,7.8
BG,CP00,2023-08-01,7.5
BG,CP00,2023-09-01,6.4
BG,CP00,2023-10-01,5.9
BG,CP00,2023-11-01,5.5
BG,CP00,2023-12-01,5.0
BG,CP00,2024-01-01,3.9
BG,CP00,2024-02-01,3.5
BG,CP00,2024-03-01,3.1
BG,CP00,2024-04-01,2.5
BG,CP00,2024-05-01,2.7
BG,CP00,2024-06-01,2.8
BG,CP00,2024-07-01,2.8
BG,CP00,2024-08-01,2.4
BG,CP00,2024-09-01,1.5
BG,CP00,2024-10-01,2.0
BG,CP00,2024-11-01,2.0
BG,CP00,2024-12-01,2.1
BG,CP00,2025-01-01,3.8
BG,CP00,2025-02-01,3.9
BG,CP00,2025-03-01,4.0
BG,CP00,2025-04-01,2.8
BG,CP00,2025-05-01,2.9
BG,CP00,2025-06-01,3.1
BG,CP00,2025-07-01,3.4
BG,CP00,2025-08-01,3.5
BG,CP00,2025-09-01,4.0
BG,CP00,2025-10-01,3.8
BG,CP00,2025-11-01,3.7
BG,CP00,2025-12-01,3.5
BG,CP00,2026-01-01,2.3
BG,CP00,2026-02-01,2.1
HR,CP00,1996-02-01,
HR,CP00,1996-03-01,
HR,CP00,1996-04-01,
HR,CP00,1996-05-01,
HR,CP00,1996-06-01,
HR,CP00,1996-07-01,
HR,CP00,1996-08-01,
HR,CP00,1996-09-01,
HR,CP00,1996-10-01,
HR,CP00,1996-11-01,
HR,CP00,1996-12-01,
HR,CP00,1997-01-01,
HR,CP00,1997-02-01,
HR,CP00,1997-03-01,
HR,CP00,1997-04-01,
HR,CP00,1997-05-01,
HR,CP00,1997-06-01,
HR,CP00,1997-07-01,
HR,CP00,1997-08-01,
HR,CP00,1997-09-01,
HR,CP00,1997-10-01,
HR,CP00,1997-11-01,
HR,CP00,1997-12-01,
HR,CP00,1998-01-01,
HR,CP00,1998-02-01,
HR,CP00,1998-03-01,
HR,CP00,1998-04-01,
HR,CP00,1998-05-01,
HR,CP00,1998-06-01,
HR,CP00,1998-07-01,
HR,CP00,1998-08-01,
HR,CP00,1998-09-01,
HR,CP00,1998-10-01,
HR,CP00,1998-11-01,
HR,CP00,1998-12-01,5.6
HR,CP00,1999-01-01,4.1
HR,CP00,1999-02-01,4.0
HR,CP00,1999-03-01,3.8
HR,CP00,1999-04-01,3.5
HR,CP00,1999-05-01,3.5
HR,CP00,1999-06-01,3.4
HR,CP00,1999-07-01,4.2
HR,CP00,1999-08-01,4.1
HR,CP00,1999-09-01,3.9
HR,CP00,1999-10-01,4.0
HR,CP00,1999-11-01,3.1
HR,CP00,1999-12-01,3.4
HR,CP00,2000-01-01,3.1
HR,CP00,2000-02-01,3.2
HR,CP00,2000-03-01,3.5
HR,CP00,2000-04-01,3.9
HR,CP00,2000-05-01,3.4
HR,CP00,2000-06-01,4.5
HR,CP00,2000-07-01,4.7
HR,CP00,2000-08-01,4.8
HR,CP00,2000-09-01,5.2
HR,CP00,2000-10-01,5.3
HR,CP00,2000-11-01,6.1
HR,CP00,2000-12-01,5.9
HR,CP00,2001-01-01,5.4
HR,CP00,2001-02-01,5.4
HR,CP00,2001-03-01,4.5
HR,CP00,2001-04-01,5.6
HR,CP00,2001-05-01,6.1
HR,CP00,2001-06-01,4.8
HR,CP00,2001-07-01,3.4
HR,CP00,2001-08-01,4.3
HR,CP00,2001-09-01,3.8
HR,CP00,2001-10-01,3.0
HR,CP00,2001-11-01,2.6
HR,CP00,2001-12-01,2.4
HR,CP00,2002-01-01,3.3
HR,CP00,2002-02-01,2.7
HR,CP00,2002-03-01,3.3
HR,CP00,2002-04-01,2.1
HR,CP00,2002-05-01,1.9
HR,CP00,2002-06-01,2.0
HR,CP00,2002-07-01,2.7
HR,CP00,2002-08-01,1.8
HR,CP00,2002-09-01,2.2
HR,CP00,2002-10-01,2.7
HR,CP00,2002-11-01,2.8
HR,CP00,2002-12-01,2.8
HR,CP00,2003-01-01,2.3
HR,CP00,2003-02-01,2.5
HR,CP00,2003-03-01,2.8
HR,CP00,2003-04-01,2.0
HR,CP00,2003-05-01,2.2
HR,CP00,2003-06-01,2.3
HR,CP00,2003-07-01,3.0
HR,CP00,2003-08-01,3.1
HR,CP00,2003-09-01,2.1
HR,CP00,2003-10-01,2.1
HR,CP00,2003-11-01,2.3
HR,CP00,2003-12-01,2.2
HR,CP00,2004-01-01,2.3
HR,CP00,2004-02-01,2.1
HR,CP00,2004-03-01,2.0
HR,CP00,2004-04-01,2.7
HR,CP00,2004-05-01,2.9
HR,CP00,2004-06-01,2.8
HR,CP00,2004-07-01,1.9
HR,CP00,2004-08-01,1.8
HR,CP00,2004-09-01,1.6
HR,CP00,2004-10-01,1.9
HR,CP00,2004-11-01,1.8
HR,CP00,2004-12-01,2.0
HR,CP00,2005-01-01,1.4
HR,CP00,2005-02-01,2.3
HR,CP00,2005-03-01,2.6
HR,CP00,2005-04-01,3.0
HR,CP00,2005-05-01,2.3
HR,CP00,2005-06-01,2.7
HR,CP00,2005-07-01,3.1
HR,CP00,2005-08-01,3.1
HR,CP00,2005-09-01,3.8
HR,CP00,2005-10-01,3.9
HR,CP00,2005-11-01,3.9
HR,CP00,2005-12-01,4.0
HR,CP00,2006-01-01,4.3
HR,CP00,2006-02-01,4.1
HR,CP00,2006-03-01,3.7
HR,CP00,2006-04-01,3.7
HR,CP00,2006-05-01,4.1
HR,CP00,2006-06-01,4.1
HR,CP00,2006-07-01,3.1
HR,CP00,2006-08-01,3.2
HR,CP00,2006-09-01,2.7
HR,CP00,2006-10-01,2.2
HR,CP00,2006-11-01,2.4
HR,CP00,2006-12-01,2.1
HR,CP00,2007-01-01,2.0
HR,CP00,2007-02-01,1.5
HR,CP00,2007-03-01,2.0
HR,CP00,2007-04-01,2.0
HR,CP00,2007-05-01,2.0
HR,CP00,2007-06-01,1.4
HR,CP00,2007-07-01,1.7
HR,CP00,2007-08-01,2.2
HR,CP00,2007-09-01,3.4
HR,CP00,2007-10-01,3.9
HR,CP00,2007-11-01,4.5
HR,CP00,2007-12-01,5.4
HR,CP00,2008-01-01,5.8
HR,CP00,2008-02-01,5.4
HR,CP00,2008-03-01,5.4
HR,CP00,2008-04-01,5.4
HR,CP00,2008-05-01,6.1
HR,CP00,2008-06-01,7.3
HR,CP00,2008-07-01,8.0
HR,CP00,2008-08-01,7.1
HR,CP00,2008-09-01,6.3
HR,CP00,2008-10-01,5.7
HR,CP00,2008-11-01,4.5
HR,CP00,2008-12-01,2.8
HR,CP00,2009-01-01,3.2
HR,CP00,2009-02-01,3.8
HR,CP00,2009-03-01,3.4
HR,CP00,2009-04-01,3.5
HR,CP00,2009-05-01,2.5
HR,CP00,2009-06-01,1.9
HR,CP00,2009-07-01,1.2
HR,CP00,2009-08-01,1.5
HR,CP00,2009-09-01,0.9
HR,CP00,2009-10-01,1.2
HR,CP00,2009-11-01,1.8
HR,CP00,2009-12-01,1.8
HR,CP00,2010-01-01,1.3
HR,CP00,2010-02-01,0.9
HR,CP00,2010-03-01,1.1
HR,CP00,2010-04-01,0.8
HR,CP00,2010-05-01,0.9
HR,CP00,2010-06-01,0.6
HR,CP00,2010-07-01,0.9
HR,CP00,2010-08-01,0.8
HR,CP00,2010-09-01,1.4
HR,CP00,2010-10-01,1.4
HR,CP00,2010-11-01,1.2
HR,CP00,2010-12-01,1.7
HR,CP00,2011-01-01,1.8
HR,CP00,2011-02-01,2.1
HR,CP00,2011-03-01,2.5
HR,CP00,2011-04-01,2.3
HR,CP00,2011-05-01,2.5
HR,CP00,2011-06-01,2.0
HR,CP00,2011-07-01,1.9
HR,CP00,2011-08-01,2.1
HR,CP00,2011-09-01,2.1
HR,CP00,2011-10-01,2.5
HR,CP00,2011-11-01,2.5
HR,CP00,2011-12-01,2.1
HR,CP00,2012-01-01,1.4
HR,CP00,2012-02-01,1.6
HR,CP00,2012-03-01,2.0
HR,CP00,2012-04-01,2.6
HR,CP00,2012-05-01,3.5
HR,CP00,2012-06-01,3.6
HR,CP00,2012-07-01,3.4
HR,CP00,2012-08-01,4.1
HR,CP00,2012-09-01,4.8
HR,CP00,2012-10-01,4.6
HR,CP00,2012-11-01,4.1
HR,CP00,2012-12-01,4.4
HR,CP00,2013-01-01,4.6
HR,CP00,2013-02-01,4.4
HR,CP00,2013-03-01,3.4
HR,CP00,2013-04-01,3.1
HR,CP00,2013-05-01,1.8
HR,CP00,2013-06-01,2.2
HR,CP00,2013-07-01,2.7
HR,CP00,2013-08-01,2.4
HR,CP00,2013-09-01,1.7
HR,CP00,2013-10-01,0.8
HR,CP00,2013-11-01,0.7
HR,CP00,2013-12-01,0.5
HR,CP00,2014-01-01,0.4
HR,CP00,2014-02-01,-0.2
HR,CP00,2014-03-01,-0.1
HR,CP00,2014-04-01,-0.1
HR,CP00,2014-05-01,0.4
HR,CP00,2014-06-01,0.5
HR,CP00,2014-07-01,0.6
HR,CP00,2014-08-01,0.3
HR,CP00,2014-09-01,0.2
HR,CP00,2014-10-01,0.5
HR,CP00,2014-11-01,0.3
HR,CP00,2014-12-01,-0.1
HR,CP00,2015-01-01,-0.6
HR,CP00,2015-02-01,-0.4
HR,CP00,2015-03-01,0.0
HR,CP00,2015-04-01,-0.1
HR,CP00,2015-05-01,0.0
HR,CP00,2015-06-01,0.1
HR,CP00,2015-07-01,-0.2
HR,CP00,2015-08-01,-0.1
HR,CP00,2015-09-01,-0.5
HR,CP00,2015-10-01,-0.5
HR,CP00,2015-11-01,-0.4
HR,CP00,2015-12-01,-0.3
HR,CP00,2016-01-01,-0.2
HR,CP00,2016-02-01,-0.6
HR,CP00,2016-03-01,-0.9
HR,CP00,2016-04-01,-0.9
HR,CP00,2016-05-01,-1.2
HR,CP00,2016-06-01,-1.2
HR,CP00,2016-07-01,-1.1
HR,CP00,2016-08-01,-1.5
HR,CP00,2016-09-01,-0.7
HR,CP00,2016-10-01,-0.3
HR,CP00,2016-11-01,0.2
HR,CP00,2016-12-01,0.7
HR,CP00,2017-01-01,0.9
HR,CP00,2017-02-01,1.4
HR,CP00,2017-03-01,1.1
HR,CP00,2017-04-01,1.4
HR,CP00,2017-05-01,1.0
HR,CP00,2017-06-01,1.1
HR,CP00,2017-07-01,1.2
HR,CP00,2017-08-01,1.5
HR,CP00,2017-09-01,1.6
HR,CP00,2017-10-01,1.6
HR,CP00,2017-11-01,1.6
HR,CP00,2017-12-01,1.3
HR,CP00,2018-01-01,1.2
HR,CP00,2018-02-01,0.9
HR,CP00,2018-03-01,1.2
HR,CP00,2018-04-01,1.4
HR,CP00,2018-05-01,1.8
HR,CP00,2018-06-01,2.2
HR,CP00,2018-07-01,2.2
HR,CP00,2018-08-01,2.1
HR,CP00,2018-09-01,1.6
HR,CP00,2018-10-01,1.7
HR,CP00,2018-11-01,1.3
HR,CP00,2018-12-01,1.0
HR,CP00,2019-01-01,0.6
HR,CP00,2019-02-01,0.8
HR,CP00,2019-03-01,1.1
HR,CP00,2019-04-01,0.8
HR,CP00,2019-05-01,1.0
HR,CP00,2019-06-01,0.5
HR,CP00,2019-07-01,0.9
HR,CP00,2019-08-01,0.5
HR,CP00,2019-09-01,0.6
HR,CP00,2019-10-01,0.7
HR,CP00,2019-11-01,0.8
HR,CP00,2019-12-01,1.3
HR,CP00,2020-01-01,1.8
HR,CP00,2020-02-01,1.2
HR,CP00,2020-03-01,0.5
HR,CP00,2020-04-01,-0.1
HR,CP00,2020-05-01,-0.7
HR,CP00,2020-06-01,-0.4
HR,CP00,2020-07-01,-0.6
HR,CP00,2020-08-01,-0.4
HR,CP00,2020-09-01,-0.3
HR,CP00,2020-10-01,-0.2
HR,CP00,2020-11-01,0.0
HR,CP00,2020-12-01,-0.3
HR,CP00,2021-01-01,0.0
HR,CP00,2021-02-01,0.7
HR,CP00,2021-03-01,1.6
HR,CP00,2021-04-01,2.1
HR,CP00,2021-05-01,2.4
HR,CP00,2021-06-01,2.2
HR,CP00,2021-07-01,2.7
HR,CP00,2021-08-01,3.1
HR,CP00,2021-09-01,3.5
HR,CP00,2021-10-01,3.9
HR,CP00,2021-11-01,4.7
HR,CP00,2021-12-01,5.2
HR,CP00,2022-01-01,5.5
HR,CP00,2022-02-01,6.3
HR,CP00,2022-03-01,7.3
HR,CP00,2022-04-01,9.6
HR,CP00,2022-05-01,10.7
HR,CP00,2022-06-01,12.1
HR,CP00,2022-07-01,12.7
HR,CP00,2022-08-01,12.6
HR,CP00,2022-09-01,12.5
HR,CP00,2022-10-01,12.7
HR,CP00,2022-11-01,12.9
HR,CP00,2022-12-01,12.7
HR,CP00,2023-01-01,12.5
HR,CP00,2023-02-01,11.7
HR,CP00,2023-03-01,10.6
HR,CP00,2023-04-01,8.9
HR,CP00,2023-05-01,8.2
HR,CP00,2023-06-01,8.3
HR,CP00,2023-07-01,8.0
HR,CP00,2023-08-01,8.4
HR,CP00,2023-09-01,7.4
HR,CP00,2023-10-01,6.7
HR,CP00,2023-11-01,5.5
HR,CP00,2023-12-01,5.4
HR,CP00,2024-01-01,4.8
HR,CP00,2024-02-01,4.8
HR,CP00,2024-03-01,4.9
HR,CP00,2024-04-01,4.7
HR,CP00,2024-05-01,4.3
HR,CP00,2024-06-01,3.5
HR,CP00,2024-07-01,3.3
HR,CP00,2024-08-01,3.0
HR,CP00,2024-09-01,3.1
HR,CP00,2024-10-01,3.6
HR,CP00,2024-11-01,4.0
HR,CP00,2024-12-01,4.5
HR,CP00,2025-01-01,5.1
HR,CP00,2025-02-01,4.7
HR,CP00,2025-03-01,4.3
HR,CP00,2025-04-01,4.0
HR,CP00,2025-05-01,4.3
HR,CP00,2025-06-01,4.3
HR,CP00,2025-07-01,4.5
HR,CP00,2025-08-01,4.6
HR,CP00,2025-09-01,4.6
HR,CP00,2025-10-01,4.0
HR,CP00,2025-11-01,4.3
HR,CP00,2025-12-01,3.8
HR,CP00,2026-01-01,3.6
HR,CP00,2026-02-01,3.9
CY,CP00,1996-02-01,
CY,CP00,1996-03-01,
CY,CP00,1996-04-01,
CY,CP00,1996-05-01,
CY,CP00,1996-06-01,
CY,CP00,1996-07-01,
CY,CP00,1996-08-01,
CY,CP00,1996-09-01,
CY,CP00,1996-10-01,
CY,CP00,1996-11-01,
CY,CP00,1996-12-01,
CY,CP00,1997-01-01,2.0
CY,CP00,1997-02-01,3.1
CY,CP00,1997-03-01,3.4
CY,CP00,1997-04-01,4.0
CY,CP00,1997-05-01,2.6
CY,CP00,1997-06-01,2.7
CY,CP00,1997-07-01,3.7
CY,CP00,1997-08-01,3.3
CY,CP00,1997-09-01,3.2
CY,CP00,1997-10-01,3.6
CY,CP00,1997-11-01,4.3
CY,CP00,1997-12-01,3.8
CY,CP00,1998-01-01,2.2
CY,CP00,1998-02-01,3.9
CY,CP00,1998-03-01,1.4
CY,CP00,1998-04-01,1.5
CY,CP00,1998-05-01,2.8
CY,CP00,1998-06-01,3.3
CY,CP00,1998-07-01,1.3
CY,CP00,1998-08-01,3.9
CY,CP00,1998-09-01,4.0
CY,CP00,1998-10-01,2.1
CY,CP00,1998-11-01,0.9
CY,CP00,1998-12-01,0.8
CY,CP00,1999-01-01,1.8
CY,CP00,1999-02-01,0.3
CY,CP00,1999-03-01,1.4
CY,CP00,1999-04-01,0.5
CY,CP00,1999-05-01,0.6
CY,CP00,1999-06-01,0.4
CY,CP00,1999-07-01,1.3
CY,CP00,1999-08-01,-0.5
CY,CP00,1999-09-01,0.2
CY,CP00,1999-10-01,1.7
CY,CP00,1999-11-01,2.5
CY,CP00,1999-12-01,3.5
CY,CP00,2000-01-01,4.4
CY,CP00,2000-02-01,4.7
CY,CP00,2000-03-01,5.1
CY,CP00,2000-04-01,5.9
CY,CP00,2000-05-01,6.0
CY,CP00,2000-06-01,5.2
CY,CP00,2000-07-01,4.7
CY,CP00,2000-08-01,5.6
CY,CP00,2000-09-01,4.6
CY,CP00,2000-10-01,4.2
CY,CP00,2000-11-01,4.2
CY,CP00,2000-12-01,3.7
CY,CP00,2001-01-01,1.6
CY,CP00,2001-02-01,2.8
CY,CP00,2001-03-01,1.5
CY,CP00,2001-04-01,1.7
CY,CP00,2001-05-01,1.7
CY,CP00,2001-06-01,3.1
CY,CP00,2001-07-01,0.9
CY,CP00,2001-08-01,1.8
CY,CP00,2001-09-01,2.2
CY,CP00,2001-10-01,2.7
CY,CP00,2001-11-01,1.8
CY,CP00,2001-12-01,2.1
CY,CP00,2002-01-01,2.2
CY,CP00,2002-02-01,2.3
CY,CP00,2002-03-01,2.0
CY,CP00,2002-04-01,2.3
CY,CP00,2002-05-01,2.3
CY,CP00,2002-06-01,2.1
CY,CP00,2002-07-01,3.8
CY,CP00,2002-08-01,4.1
CY,CP00,2002-09-01,3.4
CY,CP00,2002-10-01,2.7
CY,CP00,2002-11-01,3.1
CY,CP00,2002-12-01,3.1
CY,CP00,2003-01-01,4.5
CY,CP00,2003-02-01,4.8
CY,CP00,2003-03-01,6.4
CY,CP00,2003-04-01,5.6
CY,CP00,2003-05-01,5.0
CY,CP00,2003-06-01,3.7
CY,CP00,2003-07-01,2.6
CY,CP00,2003-08-01,2.4
CY,CP00,2003-09-01,3.3
CY,CP00,2003-10-01,3.7
CY,CP00,2003-11-01,3.7
CY,CP00,2003-12-01,2.3
CY,CP00,2004-01-01,1.6
CY,CP00,2004-02-01,1.4
CY,CP00,2004-03-01,0.0
CY,CP00,2004-04-01,0.1
CY,CP00,2004-05-01,1.2
CY,CP00,2004-06-01,2.4
CY,CP00,2004-07-01,2.9
CY,CP00,2004-08-01,2.8
CY,CP00,2004-09-01,1.8
CY,CP00,2004-10-01,2.0
CY,CP00,2004-11-01,2.6
CY,CP00,2004-12-01,3.8
CY,CP00,2005-01-01,2.8
CY,CP00,2005-02-01,2.4
CY,CP00,2005-03-01,2.4
CY,CP00,2005-04-01,2.8
CY,CP00,2005-05-01,2.0
CY,CP00,2005-06-01,1.5
CY,CP00,2005-07-01,1.3
CY,CP00,2005-08-01,1.5
CY,CP00,2005-09-01,2.1
CY,CP00,2005-10-01,2.2
CY,CP00,2005-11-01,2.0
CY,CP00,2005-12-01,1.4
CY,CP00,2006-01-01,2.0
CY,CP00,2006-02-01,2.3
CY,CP00,2006-03-01,2.6
CY,CP00,2006-04-01,2.5
CY,CP00,2006-05-01,2.5
CY,CP00,2006-06-01,2.6
CY,CP00,2006-07-01,2.8
CY,CP00,2006-08-01,2.7
CY,CP00,2006-09-01,2.3
CY,CP00,2006-10-01,1.6
CY,CP00,2006-11-01,1.4
CY,CP00,2006-12-01,1.5
CY,CP00,2007-01-01,1.4
CY,CP00,2007-02-01,1.2
CY,CP00,2007-03-01,1.4
CY,CP00,2007-04-01,1.6
CY,CP00,2007-05-01,1.9
CY,CP00,2007-06-01,1.7
CY,CP00,2007-07-01,2.3
CY,CP00,2007-08-01,2.2
CY,CP00,2007-09-01,2.3
CY,CP00,2007-10-01,2.7
CY,CP00,2007-11-01,3.2
CY,CP00,2007-12-01,3.7
CY,CP00,2008-01-01,4.1
CY,CP00,2008-02-01,4.7
CY,CP00,2008-03-01,4.4
CY,CP00,2008-04-01,4.4
CY,CP00,2008-05-01,4.6
CY,CP00,2008-06-01,5.2
CY,CP00,2008-07-01,5.3
CY,CP00,2008-08-01,5.1
CY,CP00,2008-09-01,5.0
CY,CP00,2008-10-01,4.8
CY,CP00,2008-11-01,3.1
CY,CP00,2008-12-01,1.8
CY,CP00,2009-01-01,0.9
CY,CP00,2009-02-01,0.6
CY,CP00,2009-03-01,0.9
CY,CP00,2009-04-01,0.6
CY,CP00,2009-05-01,0.5
CY,CP00,2009-06-01,0.1
CY,CP00,2009-07-01,-0.8
CY,CP00,2009-08-01,-0.9
CY,CP00,2009-09-01,-1.3
CY,CP00,2009-10-01,-1.0
CY,CP00,2009-11-01,0.9
CY,CP00,2009-12-01,1.6
CY,CP00,2010-01-01,2.4
CY,CP00,2010-02-01,2.8
CY,CP00,2010-03-01,2.3
CY,CP00,2010-04-01,2.5
CY,CP00,2010-05-01,1.8
CY,CP00,2010-06-01,2.1
CY,CP00,2010-07-01,2.7
CY,CP00,2010-08-01,3.4
CY,CP00,2010-09-01,3.6
CY,CP00,2010-10-01,3.2
CY,CP00,2010-11-01,1.7
CY,CP00,2010-12-01,1.9
CY,CP00,2011-01-01,3.0
CY,CP00,2011-02-01,3.1
CY,CP00,2011-03-01,3.2
CY,CP00,2011-04-01,3.5
CY,CP00,2011-05-01,4.1
CY,CP00,2011-06-01,4.5
CY,CP00,2011-07-01,3.5
CY,CP00,2011-08-01,2.7
CY,CP00,2011-09-01,2.5
CY,CP00,2011-10-01,3.2
CY,CP00,2011-11-01,4.1
CY,CP00,2011-12-01,4.2
CY,CP00,2012-01-01,3.1
CY,CP00,2012-02-01,3.1
CY,CP00,2012-03-01,3.5
CY,CP00,2012-04-01,3.6
CY,CP00,2012-05-01,3.7
CY,CP00,2012-06-01,2.9
CY,CP00,2012-07-01,3.8
CY,CP00,2012-08-01,4.5
CY,CP00,2012-09-01,3.6
CY,CP00,2012-10-01,2.6
CY,CP00,2012-11-01,1.4
CY,CP00,2012-12-01,1.5
CY,CP00,2013-01-01,2.0
CY,CP00,2013-02-01,1.8
CY,CP00,2013-03-01,1.3
CY,CP00,2013-04-01,0.1
CY,CP00,2013-05-01,0.1
CY,CP00,2013-06-01,0.8
CY,CP00,2013-07-01,0.7
CY,CP00,2013-08-01,0.1
CY,CP00,2013-09-01,0.3
CY,CP00,2013-10-01,-0.5
CY,CP00,2013-11-01,-0.8
CY,CP00,2013-12-01,-1.3
CY,CP00,2014-01-01,-1.6
CY,CP00,2014-02-01,-1.3
CY,CP00,2014-03-01,-0.9
CY,CP00,2014-04-01,-0.4
CY,CP00,2014-05-01,-0.1
CY,CP00,2014-06-01,0.0
CY,CP00,2014-07-01,0.9
CY,CP00,2014-08-01,0.8
CY,CP00,2014-09-01,0.0
CY,CP00,2014-10-01,0.3
CY,CP00,2014-11-01,0.0
CY,CP00,2014-12-01,-1.0
CY,CP00,2015-01-01,-0.7
CY,CP00,2015-02-01,-0.8
CY,CP00,2015-03-01,-1.4
CY,CP00,2015-04-01,-1.7
CY,CP00,2015-05-01,-1.7
CY,CP00,2015-06-01,-2.1
CY,CP00,2015-07-01,-2.4
CY,CP00,2015-08-01,-1.9
CY,CP00,2015-09-01,-1.9
CY,CP00,2015-10-01,-1.8
CY,CP00,2015-11-01,-1.5
CY,CP00,2015-12-01,-0.6
CY,CP00,2016-01-01,-1.1
CY,CP00,2016-02-01,-2.2
CY,CP00,2016-03-01,-2.1
CY,CP00,2016-04-01,-2.1
CY,CP00,2016-05-01,-1.9
CY,CP00,2016-06-01,-2.0
CY,CP00,2016-07-01,-0.4
CY,CP00,2016-08-01,-0.6
CY,CP00,2016-09-01,-0.4
CY,CP00,2016-10-01,-1.0
CY,CP00,2016-11-01,-0.8
CY,CP00,2016-12-01,0.1
CY,CP00,2017-01-01,0.7
CY,CP00,2017-02-01,1.4
CY,CP00,2017-03-01,1.5
CY,CP00,2017-04-01,2.1
CY,CP00,2017-05-01,0.9
CY,CP00,2017-06-01,0.9
CY,CP00,2017-07-01,0.0
CY,CP00,2017-08-01,0.5
CY,CP00,2017-09-01,0.1
CY,CP00,2017-10-01,0.4
CY,CP00,2017-11-01,0.2
CY,CP00,2017-12-01,-0.4
CY,CP00,2018-01-01,-1.5
CY,CP00,2018-02-01,-0.4
CY,CP00,2018-03-01,-0.4
CY,CP00,2018-04-01,-0.3
CY,CP00,2018-05-01,1.0
CY,CP00,2018-06-01,1.7
CY,CP00,2018-07-01,1.4
CY,CP00,2018-08-01,1.7
CY,CP00,2018-09-01,1.6
CY,CP00,2018-10-01,2.0
CY,CP00,2018-11-01,1.6
CY,CP00,2018-12-01,1.0
CY,CP00,2019-01-01,2.1
CY,CP00,2019-02-01,0.8
CY,CP00,2019-03-01,1.1
CY,CP00,2019-04-01,1.2
CY,CP00,2019-05-01,0.2
CY,CP00,2019-06-01,0.3
CY,CP00,2019-07-01,0.1
CY,CP00,2019-08-01,0.6
CY,CP00,2019-09-01,-0.5
CY,CP00,2019-10-01,-0.5
CY,CP00,2019-11-01,0.5
CY,CP00,2019-12-01,0.7
CY,CP00,2020-01-01,0.7
CY,CP00,2020-02-01,1.0
CY,CP00,2020-03-01,0.1
CY,CP00,2020-04-01,-1.2
CY,CP00,2020-05-01,-1.4
CY,CP00,2020-06-01,-2.2
CY,CP00,2020-07-01,-2.1
CY,CP00,2020-08-01,-2.9
CY,CP00,2020-09-01,-1.9
CY,CP00,2020-10-01,-1.4
CY,CP00,2020-11-01,-1.1
CY,CP00,2020-12-01,-0.8
CY,CP00,2021-01-01,-0.8
CY,CP00,2021-02-01,-0.9
CY,CP00,2021-03-01,0.3
CY,CP00,2021-04-01,1.2
CY,CP00,2021-05-01,1.5
CY,CP00,2021-06-01,2.2
CY,CP00,2021-07-01,2.7
CY,CP00,2021-08-01,3.3
CY,CP00,2021-09-01,3.6
CY,CP00,2021-10-01,4.4
CY,CP00,2021-11-01,4.7
CY,CP00,2021-12-01,4.8
CY,CP00,2022-01-01,5.0
CY,CP00,2022-02-01,5.8
CY,CP00,2022-03-01,6.3
CY,CP00,2022-04-01,8.6
CY,CP00,2022-05-01,8.8
CY,CP00,2022-06-01,9.0
CY,CP00,2022-07-01,10.6
CY,CP00,2022-08-01,9.6
CY,CP00,2022-09-01,9.0
CY,CP00,2022-10-01,8.6
CY,CP00,2022-11-01,8.1
CY,CP00,2022-12-01,7.6
CY,CP00,2023-01-01,6.8
CY,CP00,2023-02-01,6.7
CY,CP00,2023-03-01,6.1
CY,CP00,2023-04-01,3.9
CY,CP00,2023-05-01,3.6
CY,CP00,2023-06-01,2.8
CY,CP00,2023-07-01,2.4
CY,CP00,2023-08-01,3.1
CY,CP00,2023-09-01,4.3
CY,CP00,2023-10-01,3.6
CY,CP00,2023-11-01,2.4
CY,CP00,2023-12-01,1.9
CY,CP00,2024-01-01,2.1
CY,CP00,2024-02-01,2.1
CY,CP00,2024-03-01,1.6
CY,CP00,2024-04-01,2.1
CY,CP00,2024-05-01,3.0
CY,CP00,2024-06-01,3.0
CY,CP00,2024-07-01,2.4
CY,CP00,2024-08-01,2.2
CY,CP00,2024-09-01,1.6
CY,CP00,2024-10-01,1.6
CY,CP00,2024-11-01,2.2
CY,CP00,2024-12-01,3.1
CY,CP00,2025-01-01,2.9
CY,CP00,2025-02-01,2.3
CY,CP00,2025-03-01,2.1
CY,CP00,2025-04-01,1.4
CY,CP00,2025-05-01,0.4
CY,CP00,2025-06-01,0.5
CY,CP00,2025-07-01,0.1
CY,CP00,2025-08-01,0.0
CY,CP00,2025-09-01,0.0
CY,CP00,2025-10-01,0.2
CY,CP00,2025-11-01,0.1
CY,CP00,2025-12-01,0.1
CY,CP00,2026-01-01,1.2
CY,CP00,2026-02-01,0.9
IE,CP00,2002-09-01,4.4
IE,CP00,2002-10-01,4.4
IE,CP00,2002-11-01,4.6
IE,CP00,2002-12-01,4.5
IE,CP00,2003-01-01,4.8
IE,CP00,2003-02-01,5.1
IE,CP00,2003-03-01,4.9
IE,CP00,2003-04-01,4.5
IE,CP00,2003-05-01,3.9
IE,CP00,2003-06-01,3.7
IE,CP00,2003-07-01,3.9
IE,CP00,2003-08-01,4.0
IE,CP00,2003-09-01,3.8
IE,CP00,2003-10-01,3.3
IE,CP00,2003-11-01,3.3
IE,CP00,2003-12-01,3.0
IE,CP00,2004-01-01,2.2
IE,CP00,2004-02-01,2.2
IE,CP00,2004-03-01,1.8
IE,CP00,2004-04-01,1.7
IE,CP00,2004-05-01,2.1
IE,CP00,2004-06-01,2.5
IE,CP00,2004-07-01,2.5
IE,CP00,2004-08-01,2.5
IE,CP00,2004-09-01,2.4
IE,CP00,2004-10-01,2.5
IE,CP00,2004-11-01,2.7
IE,CP00,2004-12-01,2.4
IE,CP00,2005-01-01,2.1
IE,CP00,2005-02-01,2.0
IE,CP00,2005-03-01,1.9
IE,CP00,2005-04-01,2.1
IE,CP00,2005-05-01,2.1
IE,CP00,2005-06-01,2.0
IE,CP00,2005-07-01,2.2
IE,CP00,2005-08-01,2.1
IE,CP00,2005-09-01,2.8
IE,CP00,2005-10-01,2.7
IE,CP00,2005-11-01,2.2
IE,CP00,2005-12-01,1.9
IE,CP00,2006-01-01,2.3
IE,CP00,2006-02-01,2.7
IE,CP00,2006-03-01,2.8
IE,CP00,2006-04-01,2.7
IE,CP00,2006-05-01,3.1
IE,CP00,2006-06-01,2.9
IE,CP00,2006-07-01,3.0
IE,CP00,2006-08-01,3.1
IE,CP00,2006-09-01,2.2
IE,CP00,2006-10-01,2.2
IE,CP00,2006-11-01,2.4
IE,CP00,2006-12-01,3.0
IE,CP00,2007-01-01,3.0
IE,CP00,2007-02-01,2.6
IE,CP00,2007-03-01,3.0
IE,CP00,2007-04-01,2.9
IE,CP00,2007-05-01,2.7
IE,CP00,2007-06-01,2.8
IE,CP00,2007-07-01,2.6
IE,CP00,2007-08-01,2.4
IE,CP00,2007-09-01,2.9
IE,CP00,2007-10-01,3.0
IE,CP00,2007-11-01,3.5
IE,CP00,2007-12-01,3.1
IE,CP00,2008-01-01,3.1
IE,CP00,2008-02-01,3.5
IE,CP00,2008-03-01,3.8
IE,CP00,2008-04-01,3.4
IE,CP00,2008-05-01,3.7
IE,CP00,2008-06-01,3.9
IE,CP00,2008-07-01,3.6
IE,CP00,2008-08-01,3.2
IE,CP00,2008-09-01,3.2
IE,CP00,2008-10-01,2.8
IE,CP00,2008-11-01,2.1
IE,CP00,2008-12-01,1.3
IE,CP00,2009-01-01,1.2
IE,CP00,2009-02-01,0.1
IE,CP00,2009-03-01,-0.7
IE,CP00,2009-04-01,-0.8
IE,CP00,2009-05-01,-1.7
IE,CP00,2009-06-01,-2.1
IE,CP00,2009-07-01,-2.5
IE,CP00,2009-08-01,-2.4
IE,CP00,2009-09-01,-3.0
IE,CP00,2009-10-01,-2.9
IE,CP00,2009-11-01,-2.8
IE,CP00,2009-12-01,-2.6
IE,CP00,2010-01-01,-2.5
IE,CP00,2010-02-01,-2.5
IE,CP00,2010-03-01,-2.5
IE,CP00,2010-04-01,-2.5
IE,CP00,2010-05-01,-1.9
IE,CP00,2010-06-01,-2.0
IE,CP00,2010-07-01,-1.2
IE,CP00,2010-08-01,-1.2
IE,CP00,2010-09-01,-1.1
IE,CP00,2010-10-01,-0.7
IE,CP00,2010-11-01,-0.9
IE,CP00,2010-12-01,-0.2
IE,CP00,2011-01-01,0.3
IE,CP00,2011-02-01,0.9
IE,CP00,2011-03-01,1.3
IE,CP00,2011-04-01,1.5
IE,CP00,2011-05-01,1.3
IE,CP00,2011-06-01,1.2
IE,CP00,2011-07-01,1.0
IE,CP00,2011-08-01,1.0
IE,CP00,2011-09-01,1.3
IE,CP00,2011-10-01,1.5
IE,CP00,2011-11-01,1.7
IE,CP00,2011-12-01,1.4
IE,CP00,2012-01-01,1.3
IE,CP00,2012-02-01,1.6
IE,CP00,2012-03-01,2.2
IE,CP00,2012-04-01,1.8
IE,CP00,2012-05-01,1.8
IE,CP00,2012-06-01,1.9
IE,CP00,2012-07-01,2.0
IE,CP00,2012-08-01,2.6
IE,CP00,2012-09-01,2.4
IE,CP00,2012-10-01,2.1
IE,CP00,2012-11-01,1.6
IE,CP00,2012-12-01,1.7
IE,CP00,2013-01-01,1.6
IE,CP00,2013-02-01,1.3
IE,CP00,2013-03-01,0.5
IE,CP00,2013-04-01,0.5
IE,CP00,2013-05-01,0.5
IE,CP00,2013-06-01,0.7
IE,CP00,2013-07-01,0.8
IE,CP00,2013-08-01,0.0
IE,CP00,2013-09-01,0.0
IE,CP00,2013-10-01,-0.1
IE,CP00,2013-11-01,0.3
IE,CP00,2013-12-01,0.4
IE,CP00,2014-01-01,0.3
IE,CP00,2014-02-01,0.1
IE,CP00,2014-03-01,0.2
IE,CP00,2014-04-01,0.3
IE,CP00,2014-05-01,0.4
IE,CP00,2014-06-01,0.5
IE,CP00,2014-07-01,0.4
IE,CP00,2014-08-01,0.6
IE,CP00,2014-09-01,0.5
IE,CP00,2014-10-01,0.4
IE,CP00,2014-11-01,0.2
IE,CP00,2014-12-01,-0.3
IE,CP00,2015-01-01,-0.4
IE,CP00,2015-02-01,-0.4
IE,CP00,2015-03-01,-0.2
IE,CP00,2015-04-01,-0.3
IE,CP00,2015-05-01,0.2
IE,CP00,2015-06-01,0.4
IE,CP00,2015-07-01,0.2
IE,CP00,2015-08-01,0.2
IE,CP00,2015-09-01,0.0
IE,CP00,2015-10-01,0.0
IE,CP00,2015-11-01,-0.1
IE,CP00,2015-12-01,0.2
IE,CP00,2016-01-01,0.0
IE,CP00,2016-02-01,-0.2
IE,CP00,2016-03-01,-0.5
IE,CP00,2016-04-01,-0.2
IE,CP00,2016-05-01,-0.2
IE,CP00,2016-06-01,0.1
IE,CP00,2016-07-01,0.1
IE,CP00,2016-08-01,-0.4
IE,CP00,2016-09-01,-0.4
IE,CP00,2016-10-01,-0.4
IE,CP00,2016-11-01,-0.2
IE,CP00,2016-12-01,-0.2
IE,CP00,2017-01-01,0.1
IE,CP00,2017-02-01,0.3
IE,CP00,2017-03-01,0.6
IE,CP00,2017-04-01,0.7
IE,CP00,2017-05-01,0.0
IE,CP00,2017-06-01,-0.6
IE,CP00,2017-07-01,-0.2
IE,CP00,2017-08-01,0.4
IE,CP00,2017-09-01,0.2
IE,CP00,2017-10-01,0.4
IE,CP00,2017-11-01,0.5
IE,CP00,2017-12-01,0.5
IE,CP00,2018-01-01,0.3
IE,CP00,2018-02-01,0.6
IE,CP00,2018-03-01,0.5
IE,CP00,2018-04-01,-0.1
IE,CP00,2018-05-01,0.7
IE,CP00,2018-06-01,0.8
IE,CP00,2018-07-01,1.1
IE,CP00,2018-08-01,0.9
IE,CP00,2018-09-01,1.2
IE,CP00,2018-10-01,1.2
IE,CP00,2018-11-01,0.8
IE,CP00,2018-12-01,0.8
IE,CP00,2019-01-01,0.8
IE,CP00,2019-02-01,0.8
IE,CP00,2019-03-01,1.1
IE,CP00,2019-04-01,1.7
IE,CP00,2019-05-01,1.0
IE,CP00,2019-06-01,1.1
IE,CP00,2019-07-01,0.4
IE,CP00,2019-08-01,0.5
IE,CP00,2019-09-01,0.6
IE,CP00,2019-10-01,0.6
IE,CP00,2019-11-01,0.8
IE,CP00,2019-12-01,1.1
IE,CP00,2020-01-01,1.1
IE,CP00,2020-02-01,0.9
IE,CP00,2020-03-01,0.5
IE,CP00,2020-04-01,-0.3
IE,CP00,2020-05-01,-0.8
IE,CP00,2020-06-01,-0.7
IE,CP00,2020-07-01,-0.5
IE,CP00,2020-08-01,-1.1
IE,CP00,2020-09-01,-1.2
IE,CP00,2020-10-01,-1.5
IE,CP00,2020-11-01,-1.0
IE,CP00,2020-12-01,-1.0
IE,CP00,2021-01-01,-0.1
IE,CP00,2021-02-01,-0.4
IE,CP00,2021-03-01,0.1
IE,CP00,2021-04-01,1.1
IE,CP00,2021-05-01,1.9
IE,CP00,2021-06-01,1.6
IE,CP00,2021-07-01,2.1
IE,CP00,2021-08-01,3.0
IE,CP00,2021-09-01,3.8
IE,CP00,2021-10-01,5.1
IE,CP00,2021-11-01,5.4
IE,CP00,2021-12-01,5.7
IE,CP00,2022-01-01,5.1
IE,CP00,2022-02-01,5.7
IE,CP00,2022-03-01,7.0
IE,CP00,2022-04-01,7.3
IE,CP00,2022-05-01,8.2
IE,CP00,2022-06-01,9.5
IE,CP00,2022-07-01,9.7
IE,CP00,2022-08-01,9.1
IE,CP00,2022-09-01,8.6
IE,CP00,2022-10-01,9.4
IE,CP00,2022-11-01,9.0
IE,CP00,2022-12-01,8.2
IE,CP00,2023-01-01,7.5
IE,CP00,2023-02-01,8.1
IE,CP00,2023-03-01,7.0
IE,CP00,2023-04-01,6.2
IE,CP00,2023-05-01,5.4
IE,CP00,2023-06-01,4.9
IE,CP00,2023-07-01,4.5
IE,CP00,2023-08-01,4.9
IE,CP00,2023-09-01,5.0
IE,CP00,2023-10-01,3.6
IE,CP00,2023-11-01,2.4
IE,CP00,2023-12-01,3.2
IE,CP00,2024-01-01,2.8
IE,CP00,2024-02-01,2.3
IE,CP00,2024-03-01,1.7
IE,CP00,2024-04-01,1.6
IE,CP00,2024-05-01,1.9
IE,CP00,2024-06-01,1.5
IE,CP00,2024-07-01,1.5
IE,CP00,2024-08-01,1.1
IE,CP00,2024-09-01,0.0
IE,CP00,2024-10-01,0.2
IE,CP00,2024-11-01,0.5
IE,CP00,2024-12-01,1.0
IE,CP00,2025-01-01,1.7
IE,CP00,2025-02-01,1.5
IE,CP00,2025-03-01,1.8
IE,CP00,2025-04-01,2.1
IE,CP00,2025-05-01,1.4
IE,CP00,2025-06-01,1.6
IE,CP00,2025-07-01,1.6
IE,CP00,2025-08-01,1.9
IE,CP00,2025-09-01,2.7
IE,CP00,2025-10-01,2.8
IE,CP00,2025-11-01,3.1
IE,CP00,2025-12-01,2.7
IE,CP00,2026-01-01,2.5
IE,CP00,2026-02-01,2.5
IT,CP00,1996-02-01,
IT,CP00,1996-03-01,
IT,CP00,1996-04-01,
IT,CP00,1996-05-01,
IT,CP00,1996-06-01,
IT,CP00,1996-07-01,
IT,CP00,1996-08-01,
IT,CP00,1996-09-01,
IT,CP00,1996-10-01,
IT,CP00,1996-11-01,
IT,CP00,1996-12-01,
IT,CP00,1997-01-01,2.8
IT,CP00,1997-02-01,2.4
IT,CP00,1997-03-01,2.2
IT,CP00,1997-04-01,2.0
IT,CP00,1997-05-01,1.8
IT,CP00,1997-06-01,1.4
IT,CP00,1997-07-01,1.6
IT,CP00,1997-08-01,1.4
IT,CP00,1997-09-01,1.6
IT,CP00,1997-10-01,1.8
IT,CP00,1997-11-01,1.8
IT,CP00,1997-12-01,1.8
IT,CP00,1998-01-01,1.8
IT,CP00,1998-02-01,2.2
IT,CP00,1998-03-01,2.1
IT,CP00,1998-04-01,2.1
IT,CP00,1998-05-01,2.0
IT,CP00,1998-06-01,2.1
IT,CP00,1998-07-01,2.1
IT,CP00,1998-08-01,2.3
IT,CP00,1998-09-01,2.1
IT,CP00,1998-10-01,2.0
IT,CP00,1998-11-01,1.6
IT,CP00,1998-12-01,1.8
IT,CP00,1999-01-01,1.4
IT,CP00,1999-02-01,1.2
IT,CP00,1999-03-01,1.2
IT,CP00,1999-04-01,1.4
IT,CP00,1999-05-01,1.6
IT,CP00,1999-06-01,1.4
IT,CP00,1999-07-01,1.7
IT,CP00,1999-08-01,1.6
IT,CP00,1999-09-01,1.9
IT,CP00,1999-10-01,1.9
IT,CP00,1999-11-01,2.1
IT,CP00,1999-12-01,2.1
IT,CP00,2000-01-01,2.3
IT,CP00,2000-02-01,2.4
IT,CP00,2000-03-01,2.6
IT,CP00,2000-04-01,2.2
IT,CP00,2000-05-01,2.6
IT,CP00,2000-06-01,2.8
IT,CP00,2000-07-01,2.6
IT,CP00,2000-08-01,2.6
IT,CP00,2000-09-01,2.6
IT,CP00,2000-10-01,2.7
IT,CP00,2000-11-01,2.9
IT,CP00,2000-12-01,2.7
IT,CP00,2001-01-01,2.4
IT,CP00,2001-02-01,1.5
IT,CP00,2001-03-01,2.2
IT,CP00,2001-04-01,2.9
IT,CP00,2001-05-01,2.9
IT,CP00,2001-06-01,2.8
IT,CP00,2001-07-01,2.5
IT,CP00,2001-08-01,2.0
IT,CP00,2001-09-01,2.2
IT,CP00,2001-10-01,2.3
IT,CP00,2001-11-01,2.2
IT,CP00,2001-12-01,2.3
IT,CP00,2002-01-01,2.3
IT,CP00,2002-02-01,2.7
IT,CP00,2002-03-01,2.5
IT,CP00,2002-04-01,2.6
IT,CP00,2002-05-01,2.4
IT,CP00,2002-06-01,2.3
IT,CP00,2002-07-01,2.4
IT,CP00,2002-08-01,2.6
IT,CP00,2002-09-01,2.8
IT,CP00,2002-10-01,2.8
IT,CP00,2002-11-01,2.9
IT,CP00,2002-12-01,2.9
IT,CP00,2003-01-01,2.9
IT,CP00,2003-02-01,2.6
IT,CP00,2003-03-01,3.1
IT,CP00,2003-04-01,3.0
IT,CP00,2003-05-01,2.9
IT,CP00,2003-06-01,2.9
IT,CP00,2003-07-01,2.9
IT,CP00,2003-08-01,2.7
IT,CP00,2003-09-01,2.9
IT,CP00,2003-10-01,2.8
IT,CP00,2003-11-01,2.7
IT,CP00,2003-12-01,2.5
IT,CP00,2004-01-01,2.0
IT,CP00,2004-02-01,2.4
IT,CP00,2004-03-01,2.3
IT,CP00,2004-04-01,2.2
IT,CP00,2004-05-01,2.3
IT,CP00,2004-06-01,2.5
IT,CP00,2004-07-01,2.2
IT,CP00,2004-08-01,2.5
IT,CP00,2004-09-01,2.2
IT,CP00,2004-10-01,2.0
IT,CP00,2004-11-01,2.1
IT,CP00,2004-12-01,2.5
IT,CP00,2005-01-01,2.0
IT,CP00,2005-02-01,2.2
IT,CP00,2005-03-01,2.0
IT,CP00,2005-04-01,2.3
IT,CP00,2005-05-01,2.3
IT,CP00,2005-06-01,2.1
IT,CP00,2005-07-01,2.1
IT,CP00,2005-08-01,2.1
IT,CP00,2005-09-01,2.3
IT,CP00,2005-10-01,2.7
IT,CP00,2005-11-01,2.4
IT,CP00,2005-12-01,2.1
IT,CP00,2006-01-01,2.3
IT,CP00,2006-02-01,2.1
IT,CP00,2006-03-01,2.2
IT,CP00,2006-04-01,2.2
IT,CP00,2006-05-01,2.2
IT,CP00,2006-06-01,2.4
IT,CP00,2006-07-01,2.4
IT,CP00,2006-08-01,2.4
IT,CP00,2006-09-01,2.4
IT,CP00,2006-10-01,1.9
IT,CP00,2006-11-01,1.9
IT,CP00,2006-12-01,2.1
IT,CP00,2007-01-01,1.9
IT,CP00,2007-02-01,2.1
IT,CP00,2007-03-01,2.0
IT,CP00,2007-04-01,1.7
IT,CP00,2007-05-01,1.9
IT,CP00,2007-06-01,2.0
IT,CP00,2007-07-01,1.6
IT,CP00,2007-08-01,1.6
IT,CP00,2007-09-01,1.7
IT,CP00,2007-10-01,2.3
IT,CP00,2007-11-01,2.6
IT,CP00,2007-12-01,2.9
IT,CP00,2008-01-01,3.0
IT,CP00,2008-02-01,3.2
IT,CP00,2008-03-01,3.6
IT,CP00,2008-04-01,3.6
IT,CP00,2008-05-01,3.7
IT,CP00,2008-06-01,4.0
IT,CP00,2008-07-01,4.1
IT,CP00,2008-08-01,4.3
IT,CP00,2008-09-01,4.0
IT,CP00,2008-10-01,3.5
IT,CP00,2008-11-01,2.8
IT,CP00,2008-12-01,2.4
IT,CP00,2009-01-01,1.4
IT,CP00,2009-02-01,1.4
IT,CP00,2009-03-01,1.1
IT,CP00,2009-04-01,1.2
IT,CP00,2009-05-01,1.0
IT,CP00,2009-06-01,0.5
IT,CP00,2009-07-01,-0.1
IT,CP00,2009-08-01,0.0
IT,CP00,2009-09-01,0.4
IT,CP00,2009-10-01,0.4
IT,CP00,2009-11-01,0.8
IT,CP00,2009-12-01,1.1
IT,CP00,2010-01-01,1.4
IT,CP00,2010-02-01,1.1
IT,CP00,2010-03-01,1.4
IT,CP00,2010-04-01,1.6
IT,CP00,2010-05-01,1.5
IT,CP00,2010-06-01,1.4
IT,CP00,2010-07-01,1.8
IT,CP00,2010-08-01,1.8
IT,CP00,2010-09-01,1.6
IT,CP00,2010-10-01,1.9
IT,CP00,2010-11-01,1.9
IT,CP00,2010-12-01,2.0
IT,CP00,2011-01-01,1.9
IT,CP00,2011-02-01,2.2
IT,CP00,2011-03-01,2.8
IT,CP00,2011-04-01,2.9
IT,CP00,2011-05-01,2.9
IT,CP00,2011-06-01,3.1
IT,CP00,2011-07-01,2.0
IT,CP00,2011-08-01,2.3
IT,CP00,2011-09-01,3.6
IT,CP00,2011-10-01,3.7
IT,CP00,2011-11-01,3.7
IT,CP00,2011-12-01,3.7
IT,CP00,2012-01-01,3.5
IT,CP00,2012-02-01,3.5
IT,CP00,2012-03-01,3.8
IT,CP00,2012-04-01,3.6
IT,CP00,2012-05-01,3.5
IT,CP00,2012-06-01,3.6
IT,CP00,2012-07-01,3.7
IT,CP00,2012-08-01,3.3
IT,CP00,2012-09-01,3.4
IT,CP00,2012-10-01,2.8
IT,CP00,2012-11-01,2.6
IT,CP00,2012-12-01,2.6
IT,CP00,2013-01-01,2.3
IT,CP00,2013-02-01,1.9
IT,CP00,2013-03-01,1.8
IT,CP00,2013-04-01,1.3
IT,CP00,2013-05-01,1.3
IT,CP00,2013-06-01,1.3
IT,CP00,2013-07-01,1.1
IT,CP00,2013-08-01,1.1
IT,CP00,2013-09-01,1.0
IT,CP00,2013-10-01,0.7
IT,CP00,2013-11-01,0.6
IT,CP00,2013-12-01,0.6
IT,CP00,2014-01-01,0.5
IT,CP00,2014-02-01,0.4
IT,CP00,2014-03-01,0.4
IT,CP00,2014-04-01,0.5
IT,CP00,2014-05-01,0.4
IT,CP00,2014-06-01,0.2
IT,CP00,2014-07-01,0.0
IT,CP00,2014-08-01,-0.1
IT,CP00,2014-09-01,-0.1
IT,CP00,2014-10-01,0.1
IT,CP00,2014-11-01,0.2
IT,CP00,2014-12-01,-0.1
IT,CP00,2015-01-01,-0.4
IT,CP00,2015-02-01,0.1
IT,CP00,2015-03-01,0.0
IT,CP00,2015-04-01,0.0
IT,CP00,2015-05-01,0.2
IT,CP00,2015-06-01,0.2
IT,CP00,2015-07-01,0.4
IT,CP00,2015-08-01,0.4
IT,CP00,2015-09-01,0.1
IT,CP00,2015-10-01,0.4
IT,CP00,2015-11-01,0.2
IT,CP00,2015-12-01,0.1
IT,CP00,2016-01-01,0.4
IT,CP00,2016-02-01,-0.3
IT,CP00,2016-03-01,-0.2
IT,CP00,2016-04-01,-0.5
IT,CP00,2016-05-01,-0.4
IT,CP00,2016-06-01,-0.2
IT,CP00,2016-07-01,-0.1
IT,CP00,2016-08-01,-0.1
IT,CP00,2016-09-01,0.1
IT,CP00,2016-10-01,-0.1
IT,CP00,2016-11-01,0.1
IT,CP00,2016-12-01,0.6
IT,CP00,2017-01-01,1.0
IT,CP00,2017-02-01,1.6
IT,CP00,2017-03-01,1.5
IT,CP00,2017-04-01,2.0
IT,CP00,2017-05-01,1.6
IT,CP00,2017-06-01,1.2
IT,CP00,2017-07-01,1.1
IT,CP00,2017-08-01,1.4
IT,CP00,2017-09-01,1.4
IT,CP00,2017-10-01,1.1
IT,CP00,2017-11-01,1.0
IT,CP00,2017-12-01,1.0
IT,CP00,2018-01-01,1.1
IT,CP00,2018-02-01,0.6
IT,CP00,2018-03-01,0.9
IT,CP00,2018-04-01,0.6
IT,CP00,2018-05-01,1.0
IT,CP00,2018-06-01,1.3
IT,CP00,2018-07-01,2.0
IT,CP00,2018-08-01,1.6
IT,CP00,2018-09-01,1.5
IT,CP00,2018-10-01,1.6
IT,CP00,2018-11-01,1.6
IT,CP00,2018-12-01,1.1
IT,CP00,2019-01-01,1.0
IT,CP00,2019-02-01,1.1
IT,CP00,2019-03-01,1.1
IT,CP00,2019-04-01,1.1
IT,CP00,2019-05-01,1.0
IT,CP00,2019-06-01,0.7
IT,CP00,2019-07-01,0.2
IT,CP00,2019-08-01,0.5
IT,CP00,2019-09-01,0.2
IT,CP00,2019-10-01,0.2
IT,CP00,2019-11-01,0.2
IT,CP00,2019-12-01,0.5
IT,CP00,2020-01-01,0.4
IT,CP00,2020-02-01,0.1
IT,CP00,2020-03-01,0.1
IT,CP00,2020-04-01,0.1
IT,CP00,2020-05-01,-0.4
IT,CP00,2020-06-01,-0.4
IT,CP00,2020-07-01,0.7
IT,CP00,2020-08-01,-0.5
IT,CP00,2020-09-01,-1.1
IT,CP00,2020-10-01,-0.6
IT,CP00,2020-11-01,-0.4
IT,CP00,2020-12-01,-0.2
IT,CP00,2021-01-01,0.7
IT,CP00,2021-02-01,1.0
IT,CP00,2021-03-01,0.5
IT,CP00,2021-04-01,0.8
IT,CP00,2021-05-01,1.2
IT,CP00,2021-06-01,1.3
IT,CP00,2021-07-01,1.1
IT,CP00,2021-08-01,2.4
IT,CP00,2021-09-01,2.9
IT,CP00,2021-10-01,3.2
IT,CP00,2021-11-01,4.0
IT,CP00,2021-12-01,4.2
IT,CP00,2022-01-01,5.0
IT,CP00,2022-02-01,6.2
IT,CP00,2022-03-01,6.9
IT,CP00,2022-04-01,6.4
IT,CP00,2022-05-01,7.3
IT,CP00,2022-06-01,8.5
IT,CP00,2022-07-01,8.4
IT,CP00,2022-08-01,9.1
IT,CP00,2022-09-01,9.5
IT,CP00,2022-10-01,12.6
IT,CP00,2022-11-01,12.5
IT,CP00,2022-12-01,12.2
IT,CP00,2023-01-01,10.7
IT,CP00,2023-02-01,9.8
IT,CP00,2023-03-01,8.0
IT,CP00,2023-04-01,8.6
IT,CP00,2023-05-01,8.0
IT,CP00,2023-06-01,6.8
IT,CP00,2023-07-01,6.3
IT,CP00,2023-08-01,5.6
IT,CP00,2023-09-01,5.6
IT,CP00,2023-10-01,1.8
IT,CP00,2023-11-01,0.6
IT,CP00,2023-12-01,0.6
IT,CP00,2024-01-01,0.9
IT,CP00,2024-02-01,0.8
IT,CP00,2024-03-01,1.2
IT,CP00,2024-04-01,0.9
IT,CP00,2024-05-01,0.7
IT,CP00,2024-06-01,0.9
IT,CP00,2024-07-01,1.6
IT,CP00,2024-08-01,1.3
IT,CP00,2024-09-01,0.7
IT,CP00,2024-10-01,1.0
IT,CP00,2024-11-01,1.4
IT,CP00,2024-12-01,1.3
IT,CP00,2025-01-01,1.7
IT,CP00,2025-02-01,1.7
IT,CP00,2025-03-01,2.1
IT,CP00,2025-04-01,2.0
IT,CP00,2025-05-01,1.7
IT,CP00,2025-06-01,1.7
IT,CP00,2025-07-01,1.7
IT,CP00,2025-08-01,1.6
IT,CP00,2025-09-01,1.7
IT,CP00,2025-10-01,1.3
IT,CP00,2025-11-01,1.1
IT,CP00,2025-12-01,1.2
IT,CP00,2026-01-01,1.0
IT,CP00,2026-02-01,1.5
LV,CP00,1996-02-01,
LV,CP00,1996-03-01,
LV,CP00,1996-04-01,
LV,CP00,1996-05-01,
LV,CP00,1996-06-01,
LV,CP00,1996-07-01,
LV,CP00,1996-08-01,
LV,CP00,1996-09-01,
LV,CP00,1996-10-01,
LV,CP00,1996-11-01,
LV,CP00,1996-12-01,
LV,CP00,1997-01-01,11.2
LV,CP00,1997-02-01,9.7
LV,CP00,1997-03-01,8.5
LV,CP00,1997-04-01,8.6
LV,CP00,1997-05-01,8.8
LV,CP00,1997-06-01,7.5
LV,CP00,1997-07-01,6.9
LV,CP00,1997-08-01,8.0
LV,CP00,1997-09-01,7.5
LV,CP00,1997-10-01,7.1
LV,CP00,1997-11-01,6.9
LV,CP00,1997-12-01,6.4
LV,CP00,1998-01-01,5.7
LV,CP00,1998-02-01,5.4
LV,CP00,1998-03-01,5.3
LV,CP00,1998-04-01,5.4
LV,CP00,1998-05-01,4.7
LV,CP00,1998-06-01,5.1
LV,CP00,1998-07-01,4.5
LV,CP00,1998-08-01,3.8
LV,CP00,1998-09-01,3.6
LV,CP00,1998-10-01,2.9
LV,CP00,1998-11-01,2.7
LV,CP00,1998-12-01,2.7
LV,CP00,1999-01-01,2.3
LV,CP00,1999-02-01,2.3
LV,CP00,1999-03-01,2.0
LV,CP00,1999-04-01,1.2
LV,CP00,1999-05-01,1.7
LV,CP00,1999-06-01,1.7
LV,CP00,1999-07-01,1.6
LV,CP00,1999-08-01,1.8
LV,CP00,1999-09-01,2.1
LV,CP00,1999-10-01,2.6
LV,CP00,1999-11-01,3.0
LV,CP00,1999-12-01,3.0
LV,CP00,2000-01-01,3.1
LV,CP00,2000-02-01,3.4
LV,CP00,2000-03-01,3.2
LV,CP00,2000-04-01,3.7
LV,CP00,2000-05-01,3.0
LV,CP00,2000-06-01,2.4
LV,CP00,2000-07-01,2.8
LV,CP00,2000-08-01,2.5
LV,CP00,2000-09-01,2.2
LV,CP00,2000-10-01,2.0
LV,CP00,2000-11-01,1.6
LV,CP00,2000-12-01,1.8
LV,CP00,2001-01-01,1.3
LV,CP00,2001-02-01,0.7
LV,CP00,2001-03-01,1.4
LV,CP00,2001-04-01,1.4
LV,CP00,2001-05-01,2.7
LV,CP00,2001-06-01,3.2
LV,CP00,2001-07-01,3.2
LV,CP00,2001-08-01,3.1
LV,CP00,2001-09-01,3.7
LV,CP00,2001-10-01,3.3
LV,CP00,2001-11-01,3.1
LV,CP00,2001-12-01,3.2
LV,CP00,2002-01-01,3.5
LV,CP00,2002-02-01,3.3
LV,CP00,2002-03-01,3.2
LV,CP00,2002-04-01,2.9
LV,CP00,2002-05-01,2.1
LV,CP00,2002-06-01,1.0
LV,CP00,2002-07-01,1.0
LV,CP00,2002-08-01,1.0
LV,CP00,2002-09-01,1.1
LV,CP00,2002-10-01,1.6
LV,CP00,2002-11-01,1.6
LV,CP00,2002-12-01,1.5
LV,CP00,2003-01-01,1.5
LV,CP00,2003-02-01,2.1
LV,CP00,2003-03-01,2.2
LV,CP00,2003-04-01,2.5
LV,CP00,2003-05-01,2.5
LV,CP00,2003-06-01,3.7
LV,CP00,2003-07-01,3.8
LV,CP00,2003-08-01,3.4
LV,CP00,2003-09-01,3.1
LV,CP00,2003-10-01,3.3
LV,CP00,2003-11-01,3.6
LV,CP00,2003-12-01,3.6
LV,CP00,2004-01-01,3.9
LV,CP00,2004-02-01,4.3
LV,CP00,2004-03-01,4.8
LV,CP00,2004-04-01,5.0
LV,CP00,2004-05-01,6.2
LV,CP00,2004-06-01,6.1
LV,CP00,2004-07-01,6.6
LV,CP00,2004-08-01,7.7
LV,CP00,2004-09-01,7.7
LV,CP00,2004-10-01,7.2
LV,CP00,2004-11-01,7.2
LV,CP00,2004-12-01,7.4
LV,CP00,2005-01-01,6.7
LV,CP00,2005-02-01,7.0
LV,CP00,2005-03-01,6.5
LV,CP00,2005-04-01,7.1
LV,CP00,2005-05-01,6.5
LV,CP00,2005-06-01,6.5
LV,CP00,2005-07-01,6.3
LV,CP00,2005-08-01,6.3
LV,CP00,2005-09-01,7.4
LV,CP00,2005-10-01,7.7
LV,CP00,2005-11-01,7.5
LV,CP00,2005-12-01,7.1
LV,CP00,2006-01-01,7.5
LV,CP00,2006-02-01,7.0
LV,CP00,2006-03-01,6.6
LV,CP00,2006-04-01,6.1
LV,CP00,2006-05-01,7.1
LV,CP00,2006-06-01,6.3
LV,CP00,2006-07-01,7.0
LV,CP00,2006-08-01,6.8
LV,CP00,2006-09-01,5.9
LV,CP00,2006-10-01,5.6
LV,CP00,2006-11-01,6.3
LV,CP00,2006-12-01,6.7
LV,CP00,2007-01-01,7.1
LV,CP00,2007-02-01,7.2
LV,CP00,2007-03-01,8.5
LV,CP00,2007-04-01,8.8
LV,CP00,2007-05-01,7.8
LV,CP00,2007-06-01,8.9
LV,CP00,2007-07-01,9.5
LV,CP00,2007-08-01,10.2
LV,CP00,2007-09-01,11.5
LV,CP00,2007-10-01,13.2
LV,CP00,2007-11-01,13.7
LV,CP00,2007-12-01,14.0
LV,CP00,2008-01-01,15.6
LV,CP00,2008-02-01,16.5
LV,CP00,2008-03-01,16.6
LV,CP00,2008-04-01,17.4
LV,CP00,2008-05-01,17.7
LV,CP00,2008-06-01,17.5
LV,CP00,2008-07-01,16.5
LV,CP00,2008-08-01,15.6
LV,CP00,2008-09-01,14.7
LV,CP00,2008-10-01,13.7
LV,CP00,2008-11-01,11.6
LV,CP00,2008-12-01,10.4
LV,CP00,2009-01-01,9.7
LV,CP00,2009-02-01,9.4
LV,CP00,2009-03-01,7.9
LV,CP00,2009-04-01,5.9
LV,CP00,2009-05-01,4.4
LV,CP00,2009-06-01,3.1
LV,CP00,2009-07-01,2.1
LV,CP00,2009-08-01,1.5
LV,CP00,2009-09-01,0.1
LV,CP00,2009-10-01,-1.2
LV,CP00,2009-11-01,-1.4
LV,CP00,2009-12-01,-1.4
LV,CP00,2010-01-01,-3.3
LV,CP00,2010-02-01,-4.4
LV,CP00,2010-03-01,-4.0
LV,CP00,2010-04-01,-2.8
LV,CP00,2010-05-01,-2.4
LV,CP00,2010-06-01,-1.6
LV,CP00,2010-07-01,-0.7
LV,CP00,2010-08-01,-0.5
LV,CP00,2010-09-01,0.3
LV,CP00,2010-10-01,0.8
LV,CP00,2010-11-01,1.7
LV,CP00,2010-12-01,2.4
LV,CP00,2011-01-01,3.5
LV,CP00,2011-02-01,3.8
LV,CP00,2011-03-01,4.1
LV,CP00,2011-04-01,4.3
LV,CP00,2011-05-01,4.8
LV,CP00,2011-06-01,4.7
LV,CP00,2011-07-01,4.2
LV,CP00,2011-08-01,4.6
LV,CP00,2011-09-01,4.4
LV,CP00,2011-10-01,4.3
LV,CP00,2011-11-01,4.0
LV,CP00,2011-12-01,3.9
LV,CP00,2012-01-01,3.4
LV,CP00,2012-02-01,3.3
LV,CP00,2012-03-01,3.2
LV,CP00,2012-04-01,2.8
LV,CP00,2012-05-01,2.3
LV,CP00,2012-06-01,2.1
LV,CP00,2012-07-01,1.9
LV,CP00,2012-08-01,1.9
LV,CP00,2012-09-01,1.9
LV,CP00,2012-10-01,1.6
LV,CP00,2012-11-01,1.5
LV,CP00,2012-12-01,1.6
LV,CP00,2013-01-01,0.6
LV,CP00,2013-02-01,0.4
LV,CP00,2013-03-01,0.3
LV,CP00,2013-04-01,-0.4
LV,CP00,2013-05-01,-0.2
LV,CP00,2013-06-01,0.2
LV,CP00,2013-07-01,0.5
LV,CP00,2013-08-01,-0.1
LV,CP00,2013-09-01,-0.4
LV,CP00,2013-10-01,0.0
LV,CP00,2013-11-01,-0.3
LV,CP00,2013-12-01,-0.4
LV,CP00,2014-01-01,0.5
LV,CP00,2014-02-01,0.5
LV,CP00,2014-03-01,0.3
LV,CP00,2014-04-01,0.8
LV,CP00,2014-05-01,0.8
LV,CP00,2014-06-01,0.8
LV,CP00,2014-07-01,0.6
LV,CP00,2014-08-01,0.8
LV,CP00,2014-09-01,1.2
LV,CP00,2014-10-01,0.7
LV,CP00,2014-11-01,0.9
LV,CP00,2014-12-01,0.3
LV,CP00,2015-01-01,-0.3
LV,CP00,2015-02-01,0.0
LV,CP00,2015-03-01,0.5
LV,CP00,2015-04-01,0.6
LV,CP00,2015-05-01,1.2
LV,CP00,2015-06-01,0.7
LV,CP00,2015-07-01,-0.2
LV,CP00,2015-08-01,0.2
LV,CP00,2015-09-01,-0.4
LV,CP00,2015-10-01,-0.2
LV,CP00,2015-11-01,0.0
LV,CP00,2015-12-01,0.4
LV,CP00,2016-01-01,-0.3
LV,CP00,2016-02-01,-0.6
LV,CP00,2016-03-01,-0.6
LV,CP00,2016-04-01,-0.7
LV,CP00,2016-05-01,-0.8
LV,CP00,2016-06-01,-0.6
LV,CP00,2016-07-01,0.1
LV,CP00,2016-08-01,-0.1
LV,CP00,2016-09-01,0.5
LV,CP00,2016-10-01,1.1
LV,CP00,2016-11-01,1.2
LV,CP00,2016-12-01,2.1
LV,CP00,2017-01-01,2.8
LV,CP00,2017-02-01,3.2
LV,CP00,2017-03-01,3.3
LV,CP00,2017-04-01,3.3
LV,CP00,2017-05-01,2.7
LV,CP00,2017-06-01,3.1
LV,CP00,2017-07-01,2.6
LV,CP00,2017-08-01,3.2
LV,CP00,2017-09-01,3.0
LV,CP00,2017-10-01,2.7
LV,CP00,2017-11-01,2.7
LV,CP00,2017-12-01,2.2
LV,CP00,2018-01-01,2.0
LV,CP00,2018-02-01,1.8
LV,CP00,2018-03-01,2.2
LV,CP00,2018-04-01,2.1
LV,CP00,2018-05-01,2.4
LV,CP00,2018-06-01,2.7
LV,CP00,2018-07-01,2.7
LV,CP00,2018-08-01,2.8
LV,CP00,2018-09-01,3.3
LV,CP00,2018-10-01,3.2
LV,CP00,2018-11-01,2.9
LV,CP00,2018-12-01,2.5
LV,CP00,2019-01-01,2.9
LV,CP00,2019-02-01,2.8
LV,CP00,2019-03-01,2.7
LV,CP00,2019-04-01,3.4
LV,CP00,2019-05-01,3.5
LV,CP00,2019-06-01,3.1
LV,CP00,2019-07-01,3.0
LV,CP00,2019-08-01,3.1
LV,CP00,2019-09-01,2.3
LV,CP00,2019-10-01,2.2
LV,CP00,2019-11-01,2.0
LV,CP00,2019-12-01,2.1
LV,CP00,2020-01-01,2.2
LV,CP00,2020-02-01,2.2
LV,CP00,2020-03-01,1.4
LV,CP00,2020-04-01,-0.1
LV,CP00,2020-05-01,-1.0
LV,CP00,2020-06-01,-1.1
LV,CP00,2020-07-01,0.1
LV,CP00,2020-08-01,-0.5
LV,CP00,2020-09-01,-0.4
LV,CP00,2020-10-01,-0.7
LV,CP00,2020-11-01,-0.7
LV,CP00,2020-12-01,-0.5
LV,CP00,2021-01-01,-0.4
LV,CP00,2021-02-01,-0.2
LV,CP00,2021-03-01,0.3
LV,CP00,2021-04-01,1.7
LV,CP00,2021-05-01,2.6
LV,CP00,2021-06-01,2.7
LV,CP00,2021-07-01,2.8
LV,CP00,2021-08-01,3.6
LV,CP00,2021-09-01,4.7
LV,CP00,2021-10-01,6.0
LV,CP00,2021-11-01,7.4
LV,CP00,2021-12-01,7.9
LV,CP00,2022-01-01,7.4
LV,CP00,2022-02-01,8.8
LV,CP00,2022-03-01,11.5
LV,CP00,2022-04-01,13.0
LV,CP00,2022-05-01,16.8
LV,CP00,2022-06-01,19.2
LV,CP00,2022-07-01,21.3
LV,CP00,2022-08-01,21.4
LV,CP00,2022-09-01,22.0
LV,CP00,2022-10-01,21.7
LV,CP00,2022-11-01,21.7
LV,CP00,2022-12-01,20.7
LV,CP00,2023-01-01,21.3
LV,CP00,2023-02-01,20.1
LV,CP00,2023-03-01,17.2
LV,CP00,2023-04-01,15.0
LV,CP00,2023-05-01,12.3
LV,CP00,2023-06-01,8.1
LV,CP00,2023-07-01,6.6
LV,CP00,2023-08-01,5.6
LV,CP00,2023-09-01,3.5
LV,CP00,2023-10-01,2.3
LV,CP00,2023-11-01,1.1
LV,CP00,2023-12-01,0.8
LV,CP00,2024-01-01,1.1
LV,CP00,2024-02-01,0.6
LV,CP00,2024-03-01,1.0
LV,CP00,2024-04-01,1.1
LV,CP00,2024-05-01,0.1
LV,CP00,2024-06-01,1.5
LV,CP00,2024-07-01,0.8
LV,CP00,2024-08-01,0.9
LV,CP00,2024-09-01,1.6
LV,CP00,2024-10-01,2.1
LV,CP00,2024-11-01,2.3
LV,CP00,2024-12-01,3.4
LV,CP00,2025-01-01,3.1
LV,CP00,2025-02-01,3.7
LV,CP00,2025-03-01,3.5
LV,CP00,2025-04-01,4.0
LV,CP00,2025-05-01,3.7
LV,CP00,2025-06-01,3.9
LV,CP00,2025-07-01,3.9
LV,CP00,2025-08-01,4.2
LV,CP00,2025-09-01,4.2
LV,CP00,2025-10-01,4.3
LV,CP00,2025-11-01,3.8
LV,CP00,2025-12-01,3.4
LV,CP00,2026-01-01,2.9
LV,CP00,2026-02-01,2.4
LT,CP00,1996-02-01,
LT,CP00,1996-03-01,
LT,CP00,1996-04-01,
LT,CP00,1996-05-01,
LT,CP00,1996-06-01,
LT,CP00,1996-07-01,
LT,CP00,1996-08-01,
LT,CP00,1996-09-01,
LT,CP00,1996-10-01,
LT,CP00,1996-11-01,
LT,CP00,1996-12-01,
LT,CP00,1997-01-01,15.4
LT,CP00,1997-02-01,13.4
LT,CP00,1997-03-01,10.7
LT,CP00,1997-04-01,9.4
LT,CP00,1997-05-01,9.7
LT,CP00,1997-06-01,8.9
LT,CP00,1997-07-01,10.1
LT,CP00,1997-08-01,10.2
LT,CP00,1997-09-01,9.4
LT,CP00,1997-10-01,9.4
LT,CP00,1997-11-01,9.2
LT,CP00,1997-12-01,8.5
LT,CP00,1998-01-01,6.5
LT,CP00,1998-02-01,6.3
LT,CP00,1998-03-01,6.7
LT,CP00,1998-04-01,6.9
LT,CP00,1998-05-01,6.9
LT,CP00,1998-06-01,6.0
LT,CP00,1998-07-01,5.2
LT,CP00,1998-08-01,4.6
LT,CP00,1998-09-01,4.3
LT,CP00,1998-10-01,4.7
LT,CP00,1998-11-01,3.5
LT,CP00,1998-12-01,3.1
LT,CP00,1999-01-01,3.1
LT,CP00,1999-02-01,2.8
LT,CP00,1999-03-01,2.2
LT,CP00,1999-04-01,1.8
LT,CP00,1999-05-01,1.1
LT,CP00,1999-06-01,1.8
LT,CP00,1999-07-01,0.8
LT,CP00,1999-08-01,1.0
LT,CP00,1999-09-01,1.9
LT,CP00,1999-10-01,0.3
LT,CP00,1999-11-01,0.2
LT,CP00,1999-12-01,0.4
LT,CP00,2000-01-01,0.9
LT,CP00,2000-02-01,0.9
LT,CP00,2000-03-01,1.0
LT,CP00,2000-04-01,0.9
LT,CP00,2000-05-01,0.5
LT,CP00,2000-06-01,1.3
LT,CP00,2000-07-01,1.5
LT,CP00,2000-08-01,1.0
LT,CP00,2000-09-01,0.5
LT,CP00,2000-10-01,1.3
LT,CP00,2000-11-01,1.7
LT,CP00,2000-12-01,1.7
LT,CP00,2001-01-01,-0.1
LT,CP00,2001-02-01,0.0
LT,CP00,2001-03-01,0.8
LT,CP00,2001-04-01,1.0
LT,CP00,2001-05-01,2.0
LT,CP00,2001-06-01,2.0
LT,CP00,2001-07-01,1.5
LT,CP00,2001-08-01,2.7
LT,CP00,2001-09-01,2.3
LT,CP00,2001-10-01,2.4
LT,CP00,2001-11-01,2.0
LT,CP00,2001-12-01,2.0
LT,CP00,2002-01-01,3.2
LT,CP00,2002-02-01,2.8
LT,CP00,2002-03-01,1.7
LT,CP00,2002-04-01,1.4
LT,CP00,2002-05-01,0.5
LT,CP00,2002-06-01,-0.4
LT,CP00,2002-07-01,0.1
LT,CP00,2002-08-01,-1.0
LT,CP00,2002-09-01,-1.4
LT,CP00,2002-10-01,-1.0
LT,CP00,2002-11-01,-0.9
LT,CP00,2002-12-01,-0.9
LT,CP00,2003-01-01,-1.8
LT,CP00,2003-02-01,-1.9
LT,CP00,2003-03-01,-1.0
LT,CP00,2003-04-01,-0.9
LT,CP00,2003-05-01,-0.7
LT,CP00,2003-06-01,-0.3
LT,CP00,2003-07-01,-0.8
LT,CP00,2003-08-01,-1.0
LT,CP00,2003-09-01,-0.8
LT,CP00,2003-10-01,-1.3
LT,CP00,2003-11-01,-1.0
LT,CP00,2003-12-01,-1.3
LT,CP00,2004-01-01,-1.2
LT,CP00,2004-02-01,-1.2
LT,CP00,2004-03-01,-0.9
LT,CP00,2004-04-01,-0.6
LT,CP00,2004-05-01,1.0
LT,CP00,2004-06-01,1.0
LT,CP00,2004-07-01,1.8
LT,CP00,2004-08-01,2.2
LT,CP00,2004-09-01,3.1
LT,CP00,2004-10-01,3.1
LT,CP00,2004-11-01,2.9
LT,CP00,2004-12-01,2.9
LT,CP00,2005-01-01,2.9
LT,CP00,2005-02-01,3.2
LT,CP00,2005-03-01,3.3
LT,CP00,2005-04-01,3.2
LT,CP00,2005-05-01,1.9
LT,CP00,2005-06-01,2.0
LT,CP00,2005-07-01,1.9
LT,CP00,2005-08-01,2.3
LT,CP00,2005-09-01,2.5
LT,CP00,2005-10-01,3.0
LT,CP00,2005-11-01,2.9
LT,CP00,2005-12-01,3.0
LT,CP00,2006-01-01,3.5
LT,CP00,2006-02-01,3.4
LT,CP00,2006-03-01,3.0
LT,CP00,2006-04-01,3.4
LT,CP00,2006-05-01,3.6
LT,CP00,2006-06-01,3.7
LT,CP00,2006-07-01,4.4
LT,CP00,2006-08-01,4.2
LT,CP00,2006-09-01,3.3
LT,CP00,2006-10-01,3.6
LT,CP00,2006-11-01,4.4
LT,CP00,2006-12-01,4.5
LT,CP00,2007-01-01,4.0
LT,CP00,2007-02-01,4.4
LT,CP00,2007-03-01,4.7
LT,CP00,2007-04-01,4.9
LT,CP00,2007-05-01,5.0
LT,CP00,2007-06-01,5.0
LT,CP00,2007-07-01,5.1
LT,CP00,2007-08-01,5.6
LT,CP00,2007-09-01,7.1
LT,CP00,2007-10-01,7.6
LT,CP00,2007-11-01,7.9
LT,CP00,2007-12-01,8.2
LT,CP00,2008-01-01,10.0
LT,CP00,2008-02-01,10.9
LT,CP00,2008-03-01,11.4
LT,CP00,2008-04-01,11.9
LT,CP00,2008-05-01,12.3
LT,CP00,2008-06-01,12.7
LT,CP00,2008-07-01,12.4
LT,CP00,2008-08-01,12.2
LT,CP00,2008-09-01,11.3
LT,CP00,2008-10-01,10.7
LT,CP00,2008-11-01,9.2
LT,CP00,2008-12-01,8.5
LT,CP00,2009-01-01,9.5
LT,CP00,2009-02-01,8.5
LT,CP00,2009-03-01,7.4
LT,CP00,2009-04-01,5.9
LT,CP00,2009-05-01,4.9
LT,CP00,2009-06-01,3.9
LT,CP00,2009-07-01,2.6
LT,CP00,2009-08-01,2.2
LT,CP00,2009-09-01,2.3
LT,CP00,2009-10-01,1.0
LT,CP00,2009-11-01,1.3
LT,CP00,2009-12-01,1.2
LT,CP00,2010-01-01,-0.3
LT,CP00,2010-02-01,-0.6
LT,CP00,2010-03-01,-0.3
LT,CP00,2010-04-01,0.2
LT,CP00,2010-05-01,0.5
LT,CP00,2010-06-01,0.9
LT,CP00,2010-07-01,1.8
LT,CP00,2010-08-01,1.8
LT,CP00,2010-09-01,1.8
LT,CP00,2010-10-01,2.6
LT,CP00,2010-11-01,2.5
LT,CP00,2010-12-01,3.6
LT,CP00,2011-01-01,2.8
LT,CP00,2011-02-01,3.0
LT,CP00,2011-03-01,3.7
LT,CP00,2011-04-01,4.4
LT,CP00,2011-05-01,5.0
LT,CP00,2011-06-01,4.8
LT,CP00,2011-07-01,4.6
FR,CP00,2023-10-01,4.5
FR,CP00,2023-11-01,3.9
FR,CP00,2023-12-01,4.1
FR,CP00,2024-01-01,3.4
FR,CP00,2024-02-01,3.2
FR,CP00,2024-03-01,2.4
FR,CP00,2024-04-01,2.4
FR,CP00,2024-05-01,2.6
FR,CP00,2024-06-01,2.5
FR,CP00,2024-07-01,2.7
FR,CP00,2024-08-01,2.2
FR,CP00,2024-09-01,1.4
FR,CP00,2024-10-01,1.6
FR,CP00,2024-11-01,1.7
FR,CP00,2024-12-01,1.8
FR,CP00,2025-01-01,1.8
FR,CP00,2025-02-01,0.9
FR,CP00,2025-03-01,0.9
FR,CP00,2025-04-01,0.9
FR,CP00,2025-05-01,0.6
FR,CP00,2025-06-01,0.9
FR,CP00,2025-07-01,0.9
FR,CP00,2025-08-01,0.8
FR,CP00,2025-09-01,1.1
FR,CP00,2025-10-01,0.8
FR,CP00,2025-11-01,0.8
FR,CP00,2025-12-01,0.7
FR,CP00,2026-01-01,0.4
FR,CP00,2026-02-01,1.1
DE,CP00,1996-02-01,
DE,CP00,1996-03-01,
DE,CP00,1996-04-01,
DE,CP00,1996-05-01,
DE,CP00,1996-06-01,
DE,CP00,1996-07-01,
DE,CP00,1996-08-01,
DE,CP00,1996-09-01,
DE,CP00,1996-10-01,
DE,CP00,1996-11-01,
DE,CP00,1996-12-01,
DE,CP00,1997-01-01,1.8
DE,CP00,1997-02-01,1.6
DE,CP00,1997-03-01,1.4
DE,CP00,1997-04-01,1.2
DE,CP00,1997-05-01,1.4
DE,CP00,1997-06-01,1.5
DE,CP00,1997-07-01,1.6
DE,CP00,1997-08-01,1.8
DE,CP00,1997-09-01,1.5
DE,CP00,1997-10-01,1.5
DE,CP00,1997-11-01,1.6
DE,CP00,1997-12-01,1.4
DE,CP00,1998-01-01,0.7
DE,CP00,1998-02-01,0.6
DE,CP00,1998-03-01,0.5
DE,CP00,1998-04-01,0.9
DE,CP00,1998-05-01,0.9
DE,CP00,1998-06-01,0.8
DE,CP00,1998-07-01,0.8
DE,CP00,1998-08-01,0.6
DE,CP00,1998-09-01,0.5
DE,CP00,1998-10-01,0.4
DE,CP00,1998-11-01,0.4
DE,CP00,1998-12-01,0.2
DE,CP00,1999-01-01,0.2
DE,CP00,1999-02-01,0.1
DE,CP00,1999-03-01,0.5
DE,CP00,1999-04-01,0.8
DE,CP00,1999-05-01,0.4
DE,CP00,1999-06-01,0.4
DE,CP00,1999-07-01,0.6
DE,CP00,1999-08-01,0.7
DE,CP00,1999-09-01,0.8
DE,CP00,1999-10-01,0.9
DE,CP00,1999-11-01,1.0
DE,CP00,1999-12-01,1.4
DE,CP00,2000-01-01,1.7
DE,CP00,2000-02-01,1.7
DE,CP00,2000-03-01,1.4
DE,CP00,2000-04-01,1.0
DE,CP00,2000-05-01,0.9
DE,CP00,2000-06-01,1.3
DE,CP00,2000-07-01,1.2
DE,CP00,2000-08-01,1.0
DE,CP00,2000-09-01,1.5
DE,CP00,2000-10-01,1.5
DE,CP00,2000-11-01,1.5
DE,CP00,2000-12-01,2.1
DE,CP00,2001-01-01,1.3
DE,CP00,2001-02-01,1.7
DE,CP00,2001-03-01,1.8
DE,CP00,2001-04-01,2.2
DE,CP00,2001-05-01,2.8
DE,CP00,2001-06-01,2.4
DE,CP00,2001-07-01,2.2
DE,CP00,2001-08-01,2.2
DE,CP00,2001-09-01,1.8
DE,CP00,2001-10-01,1.7
DE,CP00,2001-11-01,1.3
DE,CP00,2001-12-01,1.4
DE,CP00,2002-01-01,2.1
DE,CP00,2002-02-01,1.8
DE,CP00,2002-03-01,1.9
DE,CP00,2002-04-01,1.5
DE,CP00,2002-05-01,1.1
DE,CP00,2002-06-01,0.9
DE,CP00,2002-07-01,1.0
DE,CP00,2002-08-01,1.1
DE,CP00,2002-09-01,1.1
DE,CP00,2002-10-01,1.3
DE,CP00,2002-11-01,1.1
DE,CP00,2002-12-01,1.1
DE,CP00,2003-01-01,1.0
DE,CP00,2003-02-01,1.3
DE,CP00,2003-03-01,1.2
DE,CP00,2003-04-01,1.0
DE,CP00,2003-05-01,0.6
DE,CP00,2003-06-01,1.0
DE,CP00,2003-07-01,0.9
DE,CP00,2003-08-01,1.1
DE,CP00,2003-09-01,1.1
DE,CP00,2003-10-01,1.2
DE,CP00,2003-11-01,1.3
DE,CP00,2003-12-01,1.1
DE,CP00,2004-01-01,1.2
DE,CP00,2004-02-01,0.8
DE,CP00,2004-03-01,1.1
DE,CP00,2004-04-01,1.7
DE,CP00,2004-05-01,2.2
DE,CP00,2004-06-01,1.9
DE,CP00,2004-07-01,2.0
DE,CP00,2004-08-01,2.1
DE,CP00,2004-09-01,1.8
DE,CP00,2004-10-01,2.2
DE,CP00,2004-11-01,2.0
DE,CP00,2004-12-01,2.2
DE,CP00,2005-01-01,1.6
DE,CP00,2005-02-01,1.8
DE,CP00,2005-03-01,1.8
DE,CP00,2005-04-01,1.5
DE,CP00,2005-05-01,1.6
DE,CP00,2005-06-01,1.8
DE,CP00,2005-07-01,1.9
DE,CP00,2005-08-01,1.9
DE,CP00,2005-09-01,2.6
DE,CP00,2005-10-01,2.4
DE,CP00,2005-11-01,2.3
DE,CP00,2005-12-01,2.2
DE,CP00,2006-01-01,2.2
DE,CP00,2006-02-01,2.2
DE,CP00,2006-03-01,1.8
DE,CP00,2006-04-01,2.2
DE,CP00,2006-05-01,2.1
DE,CP00,2006-06-01,2.1
DE,CP00,2006-07-01,2.1
DE,CP00,2006-08-01,1.8
DE,CP00,2006-09-01,0.9
DE,CP00,2006-10-01,1.1
DE,CP00,2006-11-01,1.5
DE,CP00,2006-12-01,1.4
DE,CP00,2007-01-01,1.8
DE,CP00,2007-02-01,1.8
DE,CP00,2007-03-01,2.0
DE,CP00,2007-04-01,2.0
DE,CP00,2007-05-01,2.0
DE,CP00,2007-06-01,2.0
DE,CP00,2007-07-01,2.0
DE,CP00,2007-08-01,2.0
DE,CP00,2007-09-01,2.6
DE,CP00,2007-10-01,2.7
DE,CP00,2007-11-01,3.4
DE,CP00,2007-12-01,3.1
DE,CP00,2008-01-01,2.9
DE,CP00,2008-02-01,3.0
DE,CP00,2008-03-01,3.3
DE,CP00,2008-04-01,2.6
DE,CP00,2008-05-01,3.1
DE,CP00,2008-06-01,3.3
DE,CP00,2008-07-01,3.5
DE,CP00,2008-08-01,3.3
DE,CP00,2008-09-01,3.0
DE,CP00,2008-10-01,2.5
DE,CP00,2008-11-01,1.4
DE,CP00,2008-12-01,1.1
DE,CP00,2009-01-01,1.0
DE,CP00,2009-02-01,1.1
DE,CP00,2009-03-01,0.3
DE,CP00,2009-04-01,0.7
DE,CP00,2009-05-01,-0.1
DE,CP00,2009-06-01,0.0
DE,CP00,2009-07-01,-0.7
DE,CP00,2009-08-01,-0.1
DE,CP00,2009-09-01,-0.4
DE,CP00,2009-10-01,-0.1
DE,CP00,2009-11-01,0.3
DE,CP00,2009-12-01,0.9
DE,CP00,2010-01-01,0.7
DE,CP00,2010-02-01,0.5
DE,CP00,2010-03-01,1.2
DE,CP00,2010-04-01,1.0
DE,CP00,2010-05-01,1.2
DE,CP00,2010-06-01,0.9
DE,CP00,2010-07-01,1.2
DE,CP00,2010-08-01,1.0
DE,CP00,2010-09-01,1.3
DE,CP00,2010-10-01,1.3
DE,CP00,2010-11-01,1.6
DE,CP00,2010-12-01,1.8
DE,CP00,2011-01-01,2.0
DE,CP00,2011-02-01,2.2
DE,CP00,2011-03-01,2.3
DE,CP00,2011-04-01,2.7
DE,CP00,2011-05-01,2.4
DE,CP00,2011-06-01,2.4
DE,CP00,2011-07-01,2.6
DE,CP00,2011-08-01,2.5
DE,CP00,2011-09-01,2.8
DE,CP00,2011-10-01,2.8
DE,CP00,2011-11-01,2.7
DE,CP00,2011-12-01,2.3
DE,CP00,2012-01-01,2.3
DE,CP00,2012-02-01,2.6
DE,CP00,2012-03-01,2.4
DE,CP00,2012-04-01,2.2
DE,CP00,2012-05-01,2.1
DE,CP00,2012-06-01,1.9
DE,CP00,2012-07-01,1.9
DE,CP00,2012-08-01,2.2
DE,CP00,2012-09-01,2.1
DE,CP00,2012-10-01,2.0
DE,CP00,2012-11-01,1.9
DE,CP00,2012-12-01,2.0
DE,CP00,2013-01-01,1.9
DE,CP00,2013-02-01,1.8
DE,CP00,2013-03-01,1.8
DE,CP00,2013-04-01,1.1
DE,CP00,2013-05-01,1.6
DE,CP00,2013-06-01,1.9
DE,CP00,2013-07-01,2.0
DE,CP00,2013-08-01,1.6
DE,CP00,2013-09-01,1.5
DE,CP00,2013-10-01,1.2
DE,CP00,2013-11-01,1.6
DE,CP00,2013-12-01,1.3
DE,CP00,2014-01-01,1.2
DE,CP00,2014-02-01,1.0
DE,CP00,2014-03-01,0.8
DE,CP00,2014-04-01,1.1
DE,CP00,2014-05-01,0.7
DE,CP00,2014-06-01,0.9
DE,CP00,2014-07-01,0.7
DE,CP00,2014-08-01,0.8
DE,CP00,2014-09-01,0.8
DE,CP00,2014-10-01,0.7
DE,CP00,2014-11-01,0.5
DE,CP00,2014-12-01,0.1
DE,CP00,2015-01-01,-0.5
DE,CP00,2015-02-01,-0.1
DE,CP00,2015-03-01,0.2
DE,CP00,2015-04-01,1.1
DE,CP00,2015-05-01,1.6
DE,CP00,2015-06-01,1.2
DE,CP00,2015-07-01,1.2
DE,CP00,2015-08-01,1.2
DE,CP00,2015-09-01,0.9
DE,CP00,2015-10-01,1.2
DE,CP00,2015-11-01,0.2
DE,CP00,2015-12-01,0.2
DE,CP00,2016-01-01,0.4
DE,CP00,2016-02-01,-0.1
DE,CP00,2016-03-01,0.1
DE,CP00,2016-04-01,-0.3
DE,CP00,2016-05-01,-0.1
DE,CP00,2016-06-01,0.1
DE,CP00,2016-07-01,0.4
DE,CP00,2016-08-01,0.3
DE,CP00,2016-09-01,0.5
DE,CP00,2016-10-01,0.7
DE,CP00,2016-11-01,0.7
DE,CP00,2016-12-01,1.6
DE,CP00,2017-01-01,1.8
DE,CP00,2017-02-01,2.1
DE,CP00,2017-03-01,1.5
DE,CP00,2017-04-01,2.0
DE,CP00,2017-05-01,1.4
DE,CP00,2017-06-01,1.7
DE,CP00,2017-07-01,1.7
DE,CP00,2017-08-01,1.9
DE,CP00,2017-09-01,1.9
DE,CP00,2017-10-01,1.5
DE,CP00,2017-11-01,1.8
DE,CP00,2017-12-01,1.5
DE,CP00,2018-01-01,1.4
DE,CP00,2018-02-01,1.2
DE,CP00,2018-03-01,1.7
DE,CP00,2018-04-01,1.3
DE,CP00,2018-05-01,2.4
DE,CP00,2018-06-01,2.0
DE,CP00,2018-07-01,2.2
DE,CP00,2018-08-01,2.1
DE,CP00,2018-09-01,2.2
DE,CP00,2018-10-01,2.6
DE,CP00,2018-11-01,2.1
DE,CP00,2018-12-01,1.6
DE,CP00,2019-01-01,1.7
DE,CP00,2019-02-01,1.7
DE,CP00,2019-03-01,1.4
DE,CP00,2019-04-01,2.1
DE,CP00,2019-05-01,1.3
DE,CP00,2019-06-01,1.6
DE,CP00,2019-07-01,1.2
DE,CP00,2019-08-01,1.0
DE,CP00,2019-09-01,0.9
DE,CP00,2019-10-01,0.8
DE,CP00,2019-11-01,1.2
DE,CP00,2019-12-01,1.6
DE,CP00,2020-01-01,1.7
DE,CP00,2020-02-01,1.7
DE,CP00,2020-03-01,1.3
DE,CP00,2020-04-01,0.8
DE,CP00,2020-05-01,0.5
DE,CP00,2020-06-01,0.8
DE,CP00,2020-07-01,0.0
DE,CP00,2020-08-01,-0.1
DE,CP00,2020-09-01,-0.4
DE,CP00,2020-10-01,-0.4
DE,CP00,2020-11-01,-0.7
DE,CP00,2020-12-01,-0.6
DE,CP00,2021-01-01,1.6
DE,CP00,2021-02-01,1.6
DE,CP00,2021-03-01,2.0
DE,CP00,2021-04-01,2.0
DE,CP00,2021-05-01,2.4
DE,CP00,2021-06-01,2.0
DE,CP00,2021-07-01,3.1
DE,CP00,2021-08-01,3.4
DE,CP00,2021-09-01,4.0
DE,CP00,2021-10-01,4.6
DE,CP00,2021-11-01,6.0
DE,CP00,2021-12-01,5.7
DE,CP00,2022-01-01,5.1
DE,CP00,2022-02-01,5.4
DE,CP00,2022-03-01,7.6
DE,CP00,2022-04-01,7.9
DE,CP00,2022-05-01,8.6
DE,CP00,2022-06-01,8.3
DE,CP00,2022-07-01,8.4
DE,CP00,2022-08-01,8.8
DE,CP00,2022-09-01,11.0
DE,CP00,2022-10-01,11.6
DE,CP00,2022-11-01,11.3
DE,CP00,2022-12-01,9.6
DE,CP00,2023-01-01,9.2
DE,CP00,2023-02-01,9.3
DE,CP00,2023-03-01,7.7
DE,CP00,2023-04-01,7.5
DE,CP00,2023-05-01,6.3
DE,CP00,2023-06-01,6.7
DE,CP00,2023-07-01,6.5
DE,CP00,2023-08-01,6.4
DE,CP00,2023-09-01,4.3
DE,CP00,2023-10-01,2.9
DE,CP00,2023-11-01,2.3
DE,CP00,2023-12-01,3.7
DE,CP00,2024-01-01,3.0
DE,CP00,2024-02-01,2.7
DE,CP00,2024-03-01,2.4
DE,CP00,2024-04-01,2.4
DE,CP00,2024-05-01,2.8
DE,CP00,2024-06-01,2.6
DE,CP00,2024-07-01,2.6
DE,CP00,2024-08-01,2.1
DE,CP00,2024-09-01,1.9
DE,CP00,2024-10-01,2.4
DE,CP00,2024-11-01,2.4
DE,CP00,2024-12-01,2.8
DE,CP00,2025-01-01,2.8
DE,CP00,2025-02-01,2.6
DE,CP00,2025-03-01,2.3
DE,CP00,2025-04-01,2.2
DE,CP00,2025-05-01,2.1
DE,CP00,2025-06-01,2.0
DE,CP00,2025-07-01,1.9
DE,CP00,2025-08-01,2.0
DE,CP00,2025-09-01,2.3
DE,CP00,2025-10-01,2.3
DE,CP00,2025-11-01,2.5
DE,CP00,2025-12-01,2.0
DE,CP00,2026-01-01,2.1
DE,CP00,2026-02-01,2.0
GR,CP00,1996-02-01,
GR,CP00,1996-03-01,
GR,CP00,1996-04-01,
GR,CP00,1996-05-01,
GR,CP00,1996-06-01,
GR,CP00,1996-07-01,
GR,CP00,1996-08-01,
GR,CP00,1996-09-01,
GR,CP00,1996-10-01,
GR,CP00,1996-11-01,
GR,CP00,1996-12-01,
GR,CP00,1997-01-01,6.7
GR,CP00,1997-02-01,6.5
GR,CP00,1997-03-01,5.9
GR,CP00,1997-04-01,5.7
GR,CP00,1997-05-01,5.3
GR,CP00,1997-06-01,5.5
GR,CP00,1997-07-01,5.2
GR,CP00,1997-08-01,5.5
GR,CP00,1997-09-01,4.9
GR,CP00,1997-10-01,4.6
GR,CP00,1997-11-01,5.0
GR,CP00,1997-12-01,4.5
GR,CP00,1998-01-01,4.3
GR,CP00,1998-02-01,4.1
GR,CP00,1998-03-01,4.3
GR,CP00,1998-04-01,5.1
GR,CP00,1998-05-01,5.0
GR,CP00,1998-06-01,4.9
GR,CP00,1998-07-01,4.8
GR,CP00,1998-08-01,4.7
GR,CP00,1998-09-01,5.0
GR,CP00,1998-10-01,4.5
GR,CP00,1998-11-01,3.9
GR,CP00,1998-12-01,3.7
GR,CP00,1999-01-01,3.3
GR,CP00,1999-02-01,3.1
GR,CP00,1999-03-01,3.0
GR,CP00,1999-04-01,2.6
GR,CP00,1999-05-01,2.0
GR,CP00,1999-06-01,1.5
GR,CP00,1999-07-01,1.6
GR,CP00,1999-08-01,1.4
GR,CP00,1999-09-01,1.3
GR,CP00,1999-10-01,1.7
GR,CP00,1999-11-01,2.0
GR,CP00,1999-12-01,2.3
GR,CP00,2000-01-01,2.4
GR,CP00,2000-02-01,2.6
GR,CP00,2000-03-01,2.8
GR,CP00,2000-04-01,2.1
GR,CP00,2000-05-01,2.6
GR,CP00,2000-06-01,2.2
GR,CP00,2000-07-01,2.6
GR,CP00,2000-08-01,2.9
GR,CP00,2000-09-01,3.0
GR,CP00,2000-10-01,3.8
GR,CP00,2000-11-01,4.1
GR,CP00,2000-12-01,3.7
GR,CP00,2001-01-01,3.2
GR,CP00,2001-02-01,3.4
GR,CP00,2001-03-01,3.2
GR,CP00,2001-04-01,3.7
GR,CP00,2001-05-01,3.9
GR,CP00,2001-06-01,4.5
GR,CP00,2001-07-01,4.2
GR,CP00,2001-08-01,4.0
GR,CP00,2001-09-01,4.0
GR,CP00,2001-10-01,3.2
GR,CP00,2001-11-01,2.9
GR,CP00,2001-12-01,3.5
GR,CP00,2002-01-01,4.8
GR,CP00,2002-02-01,3.8
GR,CP00,2002-03-01,4.3
GR,CP00,2002-04-01,4.1
GR,CP00,2002-05-01,3.8
GR,CP00,2002-06-01,3.6
GR,CP00,2002-07-01,3.7
GR,CP00,2002-08-01,3.8
GR,CP00,2002-09-01,3.8
GR,CP00,2002-10-01,4.0
GR,CP00,2002-11-01,3.9
GR,CP00,2002-12-01,3.5
GR,CP00,2003-01-01,3.3
GR,CP00,2003-02-01,4.3
GR,CP00,2003-03-01,3.9
GR,CP00,2003-04-01,3.3
GR,CP00,2003-05-01,3.5
GR,CP00,2003-06-01,3.7
GR,CP00,2003-07-01,3.5
GR,CP00,2003-08-01,3.3
GR,CP00,2003-09-01,3.3
GR,CP00,2003-10-01,3.1
GR,CP00,2003-11-01,3.3
GR,CP00,2003-12-01,3.1
GR,CP00,2004-01-01,3.0
GR,CP00,2004-02-01,2.6
GR,CP00,2004-03-01,2.9
GR,CP00,2004-04-01,3.1
GR,CP00,2004-05-01,3.1
GR,CP00,2004-06-01,3.0
GR,CP00,2004-07-01,3.1
GR,CP00,2004-08-01,2.8
GR,CP00,2004-09-01,2.9
GR,CP00,2004-10-01,3.3
GR,CP00,2004-11-01,3.1
GR,CP00,2004-12-01,3.1
GR,CP00,2005-01-01,4.2
GR,CP00,2005-02-01,3.1
GR,CP00,2005-03-01,2.8
GR,CP00,2005-04-01,3.3
GR,CP00,2005-05-01,3.2
GR,CP00,2005-06-01,3.2
GR,CP00,2005-07-01,3.9
GR,CP00,2005-08-01,3.6
GR,CP00,2005-09-01,3.8
GR,CP00,2005-10-01,3.7
GR,CP00,2005-11-01,3.5
GR,CP00,2005-12-01,3.5
GR,CP00,2006-01-01,3.0
GR,CP00,2006-02-01,3.1
GR,CP00,2006-03-01,3.3
GR,CP00,2006-04-01,3.5
GR,CP00,2006-05-01,3.3
GR,CP00,2006-06-01,3.4
GR,CP00,2006-07-01,3.9
GR,CP00,2006-08-01,3.5
GR,CP00,2006-09-01,3.1
GR,CP00,2006-10-01,3.1
GR,CP00,2006-11-01,3.2
GR,CP00,2006-12-01,3.2
GR,CP00,2007-01-01,3.0
GR,CP00,2007-02-01,3.0
GR,CP00,2007-03-01,2.8
GR,CP00,2007-04-01,2.6
GR,CP00,2007-05-01,2.6
GR,CP00,2007-06-01,2.6
GR,CP00,2007-07-01,2.7
GR,CP00,2007-08-01,2.7
GR,CP00,2007-09-01,2.9
GR,CP00,2007-10-01,3.0
GR,CP00,2007-11-01,3.9
GR,CP00,2007-12-01,3.9
GR,CP00,2008-01-01,3.9
GR,CP00,2008-02-01,4.6
GR,CP00,2008-03-01,4.4
GR,CP00,2008-04-01,4.4
GR,CP00,2008-05-01,4.9
GR,CP00,2008-06-01,4.9
GR,CP00,2008-07-01,5.0
GR,CP00,2008-08-01,4.8
GR,CP00,2008-09-01,4.7
GR,CP00,2008-10-01,4.0
GR,CP00,2008-11-01,3.0
GR,CP00,2008-12-01,2.2
GR,CP00,2009-01-01,2.0
GR,CP00,2009-02-01,1.8
GR,CP00,2009-03-01,1.5
GR,CP00,2009-04-01,1.1
GR,CP00,2009-05-01,0.7
GR,CP00,2009-06-01,0.7
GR,CP00,2009-07-01,0.7
GR,CP00,2009-08-01,1.0
GR,CP00,2009-09-01,0.7
GR,CP00,2009-10-01,1.2
GR,CP00,2009-11-01,2.1
GR,CP00,2009-12-01,2.6
GR,CP00,2010-01-01,2.3
GR,CP00,2010-02-01,2.9
GR,CP00,2010-03-01,3.9
GR,CP00,2010-04-01,4.7
GR,CP00,2010-05-01,5.3
GR,CP00,2010-06-01,5.2
GR,CP00,2010-07-01,5.5
GR,CP00,2010-08-01,5.6
GR,CP00,2010-09-01,5.7
GR,CP00,2010-10-01,5.2
GR,CP00,2010-11-01,4.8
GR,CP00,2010-12-01,5.1
GR,CP00,2011-01-01,4.9
GR,CP00,2011-02-01,4.2
GR,CP00,2011-03-01,4.3
GR,CP00,2011-04-01,3.7
GR,CP00,2011-05-01,3.1
GR,CP00,2011-06-01,3.1
GR,CP00,2011-07-01,2.1
GR,CP00,2011-08-01,1.4
GR,CP00,2011-09-01,2.9
GR,CP00,2011-10-01,2.9
GR,CP00,2011-11-01,2.8
GR,CP00,2011-12-01,2.2
GR,CP00,2012-01-01,2.1
GR,CP00,2012-02-01,1.7
GR,CP00,2012-03-01,1.4
GR,CP00,2012-04-01,1.5
GR,CP00,2012-05-01,0.9
GR,CP00,2012-06-01,0.9
GR,CP00,2012-07-01,0.9
GR,CP00,2012-08-01,1.1
GR,CP00,2012-09-01,0.3
GR,CP00,2012-10-01,0.9
GR,CP00,2012-11-01,0.4
GR,CP00,2012-12-01,0.3
GR,CP00,2013-01-01,0.0
GR,CP00,2013-02-01,0.1
GR,CP00,2013-03-01,-0.2
GR,CP00,2013-04-01,-0.6
GR,CP00,2013-05-01,-0.3
GR,CP00,2013-06-01,-0.2
GR,CP00,2013-07-01,-0.5
GR,CP00,2013-08-01,-1.0
GR,CP00,2013-09-01,-1.0
GR,CP00,2013-10-01,-1.9
GR,CP00,2013-11-01,-2.9
GR,CP00,2013-12-01,-1.8
GR,CP00,2014-01-01,-1.4
GR,CP00,2014-02-01,-0.9
GR,CP00,2014-03-01,-1.5
GR,CP00,2014-04-01,-1.6
GR,CP00,2014-05-01,-2.1
GR,CP00,2014-06-01,-1.5
GR,CP00,2014-07-01,-0.8
GR,CP00,2014-08-01,-0.2
GR,CP00,2014-09-01,-1.1
GR,CP00,2014-10-01,-1.8
GR,CP00,2014-11-01,-1.2
GR,CP00,2014-12-01,-2.5
GR,CP00,2015-01-01,-2.8
GR,CP00,2015-02-01,-1.9
GR,CP00,2015-03-01,-1.9
GR,CP00,2015-04-01,-1.8
GR,CP00,2015-05-01,-1.4
GR,CP00,2015-06-01,-1.1
GR,CP00,2015-07-01,-1.3
GR,CP00,2015-08-01,-0.4
GR,CP00,2015-09-01,-0.8
GR,CP00,2015-10-01,-0.1
GR,CP00,2015-11-01,-0.1
GR,CP00,2015-12-01,0.4
GR,CP00,2016-01-01,-0.1
GR,CP00,2016-02-01,0.1
GR,CP00,2016-03-01,-0.7
GR,CP00,2016-04-01,-0.4
GR,CP00,2016-05-01,-0.2
GR,CP00,2016-06-01,0.2
GR,CP00,2016-07-01,0.2
GR,CP00,2016-08-01,0.4
GR,CP00,2016-09-01,-0.1
GR,CP00,2016-10-01,0.6
GR,CP00,2016-11-01,-0.2
GR,CP00,2016-12-01,0.3
GR,CP00,2017-01-01,1.5
GR,CP00,2017-02-01,1.4
GR,CP00,2017-03-01,1.7
GR,CP00,2017-04-01,1.6
GR,CP00,2017-05-01,1.5
GR,CP00,2017-06-01,0.9
GR,CP00,2017-07-01,0.9
GR,CP00,2017-08-01,0.6
GR,CP00,2017-09-01,1.0
GR,CP00,2017-10-01,0.5
GR,CP00,2017-11-01,1.0
GR,CP00,2017-12-01,1.0
GR,CP00,2018-01-01,0.2
GR,CP00,2018-02-01,0.4
GR,CP00,2018-03-01,0.2
GR,CP00,2018-04-01,0.5
GR,CP00,2018-05-01,0.8
GR,CP00,2018-06-01,1.0
GR,CP00,2018-07-01,0.8
GR,CP00,2018-08-01,0.9
GR,CP00,2018-09-01,1.1
GR,CP00,2018-10-01,1.8
GR,CP00,2018-11-01,1.1
GR,CP00,2018-12-01,0.6
GR,CP00,2019-01-01,0.5
GR,CP00,2019-02-01,0.8
GR,CP00,2019-03-01,1.1
GR,CP00,2019-04-01,1.1
GR,CP00,2019-05-01,0.6
GR,CP00,2019-06-01,0.2
GR,CP00,2019-07-01,0.4
GR,CP00,2019-08-01,0.1
GR,CP00,2019-09-01,0.2
GR,CP00,2019-10-01,-0.3
GR,CP00,2019-11-01,0.5
GR,CP00,2019-12-01,1.1
GR,CP00,2020-01-01,1.1
GR,CP00,2020-02-01,0.4
GR,CP00,2020-03-01,0.2
GR,CP00,2020-04-01,-0.9
GR,CP00,2020-05-01,-0.7
GR,CP00,2020-06-01,-1.9
GR,CP00,2020-07-01,-2.1
GR,CP00,2020-08-01,-2.2
GR,CP00,2020-09-01,-2.3
GR,CP00,2020-10-01,-2.0
GR,CP00,2020-11-01,-2.1
GR,CP00,2020-12-01,-2.4
GR,CP00,2021-01-01,-2.4
GR,CP00,2021-02-01,-1.9
GR,CP00,2021-03-01,-2.0
GR,CP00,2021-04-01,-1.1
GR,CP00,2021-05-01,-1.2
GR,CP00,2021-06-01,0.6
GR,CP00,2021-07-01,0.7
GR,CP00,2021-08-01,1.2
GR,CP00,2021-09-01,1.9
GR,CP00,2021-10-01,2.8
GR,CP00,2021-11-01,4.0
GR,CP00,2021-12-01,4.4
GR,CP00,2022-01-01,5.5
GR,CP00,2022-02-01,6.3
GR,CP00,2022-03-01,8.0
GR,CP00,2022-04-01,9.1
GR,CP00,2022-05-01,10.5
GR,CP00,2022-06-01,11.6
GR,CP00,2022-07-01,11.3
GR,CP00,2022-08-01,11.2
GR,CP00,2022-09-01,12.1
GR,CP00,2022-10-01,9.5
GR,CP00,2022-11-01,8.8
GR,CP00,2022-12-01,7.6
GR,CP00,2023-01-01,7.3
GR,CP00,2023-02-01,6.5
GR,CP00,2023-03-01,5.4
GR,CP00,2023-04-01,4.5
GR,CP00,2023-05-01,4.1
GR,CP00,2023-06-01,2.8
GR,CP00,2023-07-01,3.5
GR,CP00,2023-08-01,3.5
GR,CP00,2023-09-01,2.4
GR,CP00,2023-10-01,3.8
GR,CP00,2023-11-01,2.9
GR,CP00,2023-12-01,3.7
GR,CP00,2024-01-01,3.2
GR,CP00,2024-02-01,3.1
GR,CP00,2024-03-01,3.4
GR,CP00,2024-04-01,3.2
GR,CP00,2024-05-01,2.4
GR,CP00,2024-06-01,2.5
GR,CP00,2024-07-01,3.0
GR,CP00,2024-08-01,3.2
GR,CP00,2024-09-01,3.1
GR,CP00,2024-10-01,3.1
GR,CP00,2024-11-01,3.0
GR,CP00,2024-12-01,2.9
GR,CP00,2025-01-01,3.1
GR,CP00,2025-02-01,3.0
GR,CP00,2025-03-01,3.1
GR,CP00,2025-04-01,2.6
GR,CP00,2025-05-01,3.3
GR,CP00,2025-06-01,3.6
GR,CP00,2025-07-01,3.7
GR,CP00,2025-08-01,3.1
GR,CP00,2025-09-01,1.8
GR,CP00,2025-10-01,1.6
GR,CP00,2025-11-01,2.8
GR,CP00,2025-12-01,2.9
GR,CP00,2026-01-01,2.9
GR,CP00,2026-02-01,3.1
IE,CP00,1996-02-01,
IE,CP00,1996-03-01,
IE,CP00,1996-04-01,
IE,CP00,1996-05-01,
IE,CP00,1996-06-01,
IE,CP00,1996-07-01,
IE,CP00,1996-08-01,
IE,CP00,1996-09-01,
IE,CP00,1996-10-01,
IE,CP00,1996-11-01,
IE,CP00,1996-12-01,
IE,CP00,1997-01-01,1.8
IE,CP00,1997-02-01,1.7
IE,CP00,1997-03-01,1.3
IE,CP00,1997-04-01,1.6
IE,CP00,1997-05-01,1.5
IE,CP00,1997-06-01,1.4
IE,CP00,1997-07-01,1.6
IE,CP00,1997-08-01,0.7
IE,CP00,1997-09-01,0.6
IE,CP00,1997-10-01,0.9
IE,CP00,1997-11-01,1.0
IE,CP00,1997-12-01,1.0
IE,CP00,1998-01-01,1.3
IE,CP00,1998-02-01,1.0
IE,CP00,1998-03-01,1.6
IE,CP00,1998-04-01,2.0
IE,CP00,1998-05-01,2.3
IE,CP00,1998-06-01,2.6
IE,CP00,1998-07-01,2.4
IE,CP00,1998-08-01,2.9
IE,CP00,1998-09-01,2.7
IE,CP00,1998-10-01,2.6
IE,CP00,1998-11-01,2.3
IE,CP00,1998-12-01,2.1
IE,CP00,1999-01-01,2.0
IE,CP00,1999-02-01,2.3
IE,CP00,1999-03-01,2.0
IE,CP00,1999-04-01,1.9
IE,CP00,1999-05-01,2.4
IE,CP00,1999-06-01,2.1
IE,CP00,1999-07-01,2.0
IE,CP00,1999-08-01,2.5
IE,CP00,1999-09-01,2.6
IE,CP00,1999-10-01,2.8
IE,CP00,1999-11-01,2.9
IE,CP00,1999-12-01,3.9
IE,CP00,2000-01-01,4.5
IE,CP00,2000-02-01,4.6
IE,CP00,2000-03-01,5.0
IE,CP00,2000-04-01,5.1
IE,CP00,2000-05-01,5.0
IE,CP00,2000-06-01,5.4
IE,CP00,2000-07-01,5.9
IE,CP00,2000-08-01,5.7
IE,CP00,2000-09-01,5.5
IE,CP00,2000-10-01,5.9
IE,CP00,2000-11-01,5.9
IE,CP00,2000-12-01,4.7
IE,CP00,2001-01-01,3.9
IE,CP00,2001-02-01,4.0
IE,CP00,2001-03-01,4.1
IE,CP00,2001-04-01,4.2
IE,CP00,2001-05-01,4.2
IE,CP00,2001-06-01,4.3
IE,CP00,2001-07-01,4.0
IE,CP00,2001-08-01,3.7
IE,CP00,2001-09-01,3.9
IE,CP00,2001-10-01,3.8
IE,CP00,2001-11-01,3.6
IE,CP00,2001-12-01,4.3
IE,CP00,2002-01-01,5.3
IE,CP00,2002-02-01,5.0
IE,CP00,2002-03-01,5.1
IE,CP00,2002-04-01,5.1
IE,CP00,2002-05-01,5.0
IE,CP00,2002-06-01,4.5
IE,CP00,2002-07-01,4.1
IE,CP00,2002-08-01,4.5
NL,CP00,2020-08-01,0.3
NL,CP00,2020-09-01,1.0
NL,CP00,2020-10-01,1.1
NL,CP00,2020-11-01,0.7
NL,CP00,2020-12-01,0.9
NL,CP00,2021-01-01,1.6
NL,CP00,2021-02-01,1.9
NL,CP00,2021-03-01,1.9
NL,CP00,2021-04-01,1.7
NL,CP00,2021-05-01,2.0
NL,CP00,2021-06-01,1.7
NL,CP00,2021-07-01,1.4
NL,CP00,2021-08-01,2.7
NL,CP00,2021-09-01,3.0
NL,CP00,2021-10-01,3.7
NL,CP00,2021-11-01,5.9
NL,CP00,2021-12-01,6.4
NL,CP00,2022-01-01,7.6
NL,CP00,2022-02-01,7.3
NL,CP00,2022-03-01,11.7
NL,CP00,2022-04-01,11.2
NL,CP00,2022-05-01,10.2
NL,CP00,2022-06-01,9.9
NL,CP00,2022-07-01,11.6
NL,CP00,2022-08-01,13.7
NL,CP00,2022-09-01,17.1
NL,CP00,2022-10-01,16.8
NL,CP00,2022-11-01,11.3
NL,CP00,2022-12-01,11.0
NL,CP00,2023-01-01,8.4
NL,CP00,2023-02-01,8.9
NL,CP00,2023-03-01,4.5
NL,CP00,2023-04-01,5.8
NL,CP00,2023-05-01,6.8
NL,CP00,2023-06-01,6.4
NL,CP00,2023-07-01,5.3
NL,CP00,2023-08-01,3.4
NL,CP00,2023-09-01,-0.3
NL,CP00,2023-10-01,-1.0
NL,CP00,2023-11-01,1.4
NL,CP00,2023-12-01,1.0
NL,CP00,2024-01-01,3.1
NL,CP00,2024-02-01,2.7
NL,CP00,2024-03-01,3.1
NL,CP00,2024-04-01,2.6
NL,CP00,2024-05-01,2.7
NL,CP00,2024-06-01,3.4
NL,CP00,2024-07-01,3.5
NL,CP00,2024-08-01,3.3
NL,CP00,2024-09-01,3.3
NL,CP00,2024-10-01,3.3
NL,CP00,2024-11-01,3.8
NL,CP00,2024-12-01,3.9
NL,CP00,2025-01-01,3.0
NL,CP00,2025-02-01,3.5
NL,CP00,2025-03-01,3.4
NL,CP00,2025-04-01,4.1
NL,CP00,2025-05-01,2.9
NL,CP00,2025-06-01,2.7
NL,CP00,2025-07-01,2.6
NL,CP00,2025-08-01,2.4
NL,CP00,2025-09-01,3.0
NL,CP00,2025-10-01,3.0
NL,CP00,2025-11-01,2.6
NL,CP00,2025-12-01,2.7
NL,CP00,2026-01-01,2.2
NL,CP00,2026-02-01,2.3
PT,CP00,1996-02-01,
PT,CP00,1996-03-01,
PT,CP00,1996-04-01,
PT,CP00,1996-05-01,
PT,CP00,1996-06-01,
PT,CP00,1996-07-01,
PT,CP00,1996-08-01,
PT,CP00,1996-09-01,
PT,CP00,1996-10-01,
PT,CP00,1996-11-01,
PT,CP00,1996-12-01,
PT,CP00,1997-01-01,2.8
PT,CP00,1997-02-01,2.4
PT,CP00,1997-03-01,2.3
PT,CP00,1997-04-01,1.6
PT,CP00,1997-05-01,1.9
PT,CP00,1997-06-01,1.6
PT,CP00,1997-07-01,1.4
PT,CP00,1997-08-01,1.6
PT,CP00,1997-09-01,1.5
PT,CP00,1997-10-01,1.6
PT,CP00,1997-11-01,1.9
PT,CP00,1997-12-01,2.1
PT,CP00,1998-01-01,1.6
PT,CP00,1998-02-01,1.3
PT,CP00,1998-03-01,1.5
PT,CP00,1998-04-01,2.2
PT,CP00,1998-05-01,2.2
PT,CP00,1998-06-01,2.7
PT,CP00,1998-07-01,2.9
PT,CP00,1998-08-01,2.2
PT,CP00,1998-09-01,2.2
PT,CP00,1998-10-01,2.6
PT,CP00,1998-11-01,2.6
PT,CP00,1998-12-01,2.8
PT,CP00,1999-01-01,2.5
PT,CP00,1999-02-01,2.7
PT,CP00,1999-03-01,2.8
PT,CP00,1999-04-01,2.7
PT,CP00,1999-05-01,2.1
PT,CP00,1999-06-01,2.1
PT,CP00,1999-07-01,1.9
PT,CP00,1999-08-01,1.8
PT,CP00,1999-09-01,1.9
PT,CP00,1999-10-01,1.8
PT,CP00,1999-11-01,1.9
PT,CP00,1999-12-01,1.7
PT,CP00,2000-01-01,1.9
PT,CP00,2000-02-01,1.6
PT,CP00,2000-03-01,1.4
PT,CP00,2000-04-01,1.9
PT,CP00,2000-05-01,2.5
PT,CP00,2000-06-01,2.8
PT,CP00,2000-07-01,3.3
PT,CP00,2000-08-01,3.6
PT,CP00,2000-09-01,3.6
PT,CP00,2000-10-01,3.7
PT,CP00,2000-11-01,3.6
PT,CP00,2000-12-01,3.8
PT,CP00,2001-01-01,4.4
PT,CP00,2001-02-01,4.8
PT,CP00,2001-03-01,5.1
PT,CP00,2001-04-01,4.6
PT,CP00,2001-05-01,4.9
PT,CP00,2001-06-01,4.6
PT,CP00,2001-07-01,4.3
PT,CP00,2001-08-01,4.0
PT,CP00,2001-09-01,4.1
PT,CP00,2001-10-01,4.2
PT,CP00,2001-11-01,4.1
PT,CP00,2001-12-01,3.9
PT,CP00,2002-01-01,3.7
PT,CP00,2002-02-01,3.3
PT,CP00,2002-03-01,3.4
PT,CP00,2002-04-01,3.6
PT,CP00,2002-05-01,3.4
PT,CP00,2002-06-01,3.5
PT,CP00,2002-07-01,3.5
PT,CP00,2002-08-01,3.9
PT,CP00,2002-09-01,3.9
PT,CP00,2002-10-01,4.1
PT,CP00,2002-11-01,4.1
PT,CP00,2002-12-01,4.0
PT,CP00,2003-01-01,4.0
PT,CP00,2003-02-01,4.1
PT,CP00,2003-03-01,3.7
PT,CP00,2003-04-01,3.7
PT,CP00,2003-05-01,3.6
PT,CP00,2003-06-01,3.3
PT,CP00,2003-07-01,2.9
PT,CP00,2003-08-01,2.9
PT,CP00,2003-09-01,3.1
PT,CP00,2003-10-01,2.8
PT,CP00,2003-11-01,2.4
PT,CP00,2003-12-01,2.3
PT,CP00,2004-01-01,2.2
PT,CP00,2004-02-01,2.1
PT,CP00,2004-03-01,2.3
PT,CP00,2004-04-01,2.4
PT,CP00,2004-05-01,2.5
PT,CP00,2004-06-01,3.6
PT,CP00,2004-07-01,3.0
PT,CP00,2004-08-01,2.4
PT,CP00,2004-09-01,2.1
PT,CP00,2004-10-01,2.3
PT,CP00,2004-11-01,2.6
PT,CP00,2004-12-01,2.6
PT,CP00,2005-01-01,2.0
PT,CP00,2005-02-01,2.1
PT,CP00,2005-03-01,2.2
PT,CP00,2005-04-01,2.0
PT,CP00,2005-05-01,1.8
PT,CP00,2005-06-01,0.7
PT,CP00,2005-07-01,1.9
PT,CP00,2005-08-01,2.5
PT,CP00,2005-09-01,2.7
PT,CP00,2005-10-01,2.6
PT,CP00,2005-11-01,2.5
PT,CP00,2005-12-01,2.5
PT,CP00,2006-01-01,2.7
PT,CP00,2006-02-01,3.0
PT,CP00,2006-03-01,3.8
PT,CP00,2006-04-01,3.7
PT,CP00,2006-05-01,3.6
PT,CP00,2006-06-01,3.5
PT,CP00,2006-07-01,3.0
PT,CP00,2006-08-01,2.7
PT,CP00,2006-09-01,3.0
PT,CP00,2006-10-01,2.6
PT,CP00,2006-11-01,2.4
PT,CP00,2006-12-01,2.5
PT,CP00,2007-01-01,2.6
PT,CP00,2007-02-01,2.3
PT,CP00,2007-03-01,2.4
PT,CP00,2007-04-01,2.8
PT,CP00,2007-05-01,2.4
PT,CP00,2007-06-01,2.4
PT,CP00,2007-07-01,2.3
PT,CP00,2007-08-01,1.9
PT,CP00,2007-09-01,2.0
PT,CP00,2007-10-01,2.5
PT,CP00,2007-11-01,2.8
PT,CP00,2007-12-01,2.7
PT,CP00,2008-01-01,2.9
PT,CP00,2008-02-01,2.9
PT,CP00,2008-03-01,3.2
PT,CP00,2008-04-01,2.5
PT,CP00,2008-05-01,2.8
PT,CP00,2008-06-01,3.4
PT,CP00,2008-07-01,3.1
PT,CP00,2008-08-01,3.1
PT,CP00,2008-09-01,3.2
PT,CP00,2008-10-01,2.5
PT,CP00,2008-11-01,1.4
PT,CP00,2008-12-01,0.8
PT,CP00,2009-01-01,0.1
PT,CP00,2009-02-01,0.1
PT,CP00,2009-03-01,-0.6
PT,CP00,2009-04-01,-0.6
PT,CP00,2009-05-01,-1.3
PT,CP00,2009-06-01,-1.6
PT,CP00,2009-07-01,-1.5
PT,CP00,2009-08-01,-1.2
PT,CP00,2009-09-01,-1.8
PT,CP00,2009-10-01,-1.6
PT,CP00,2009-11-01,-0.8
PT,CP00,2009-12-01,-0.1
PT,CP00,2010-01-01,0.1
PT,CP00,2010-02-01,0.2
PT,CP00,2010-03-01,0.6
PT,CP00,2010-04-01,0.7
PT,CP00,2010-05-01,1.1
PT,CP00,2010-06-01,1.1
PT,CP00,2010-07-01,1.9
PT,CP00,2010-08-01,2.0
PT,CP00,2010-09-01,2.0
PT,CP00,2010-10-01,2.3
PT,CP00,2010-11-01,2.2
PT,CP00,2010-12-01,2.4
PT,CP00,2011-01-01,3.6
PT,CP00,2011-02-01,3.5
PT,CP00,2011-03-01,3.9
PT,CP00,2011-04-01,4.0
PT,CP00,2011-05-01,3.7
PT,CP00,2011-06-01,3.3
PT,CP00,2011-07-01,3.0
PT,CP00,2011-08-01,2.8
PT,CP00,2011-09-01,3.5
PT,CP00,2011-10-01,4.0
PT,CP00,2011-11-01,3.8
PT,CP00,2011-12-01,3.5
PT,CP00,2012-01-01,3.3
PT,CP00,2012-02-01,3.5
PT,CP00,2012-03-01,3.1
PT,CP00,2012-04-01,2.9
PT,CP00,2012-05-01,2.7
PT,CP00,2012-06-01,2.7
PT,CP00,2012-07-01,2.8
PT,CP00,2012-08-01,3.1
PT,CP00,2012-09-01,2.9
PT,CP00,2012-10-01,2.1
PT,CP00,2012-11-01,1.9
PT,CP00,2012-12-01,2.1
PT,CP00,2013-01-01,0.4
PT,CP00,2013-02-01,0.2
PT,CP00,2013-03-01,0.7
PT,CP00,2013-04-01,0.4
PT,CP00,2013-05-01,0.9
PT,CP00,2013-06-01,1.2
PT,CP00,2013-07-01,0.8
PT,CP00,2013-08-01,0.2
PT,CP00,2013-09-01,0.3
PT,CP00,2013-10-01,0.0
PT,CP00,2013-11-01,0.1
PT,CP00,2013-12-01,0.2
PT,CP00,2014-01-01,0.1
PT,CP00,2014-02-01,-0.1
PT,CP00,2014-03-01,-0.4
PT,CP00,2014-04-01,-0.1
PT,CP00,2014-05-01,-0.3
PT,CP00,2014-06-01,-0.2
PT,CP00,2014-07-01,-0.7
PT,CP00,2014-08-01,-0.1
PT,CP00,2014-09-01,0.0
PT,CP00,2014-10-01,0.1
PT,CP00,2014-11-01,0.1
PT,CP00,2014-12-01,-0.3
PT,CP00,2015-01-01,-0.4
PT,CP00,2015-02-01,-0.1
PT,CP00,2015-03-01,0.4
PT,CP00,2015-04-01,0.5
PT,CP00,2015-05-01,0.9
PT,CP00,2015-06-01,0.8
PT,CP00,2015-07-01,0.7
PT,CP00,2015-08-01,0.7
PT,CP00,2015-09-01,0.9
PT,CP00,2015-10-01,0.7
PT,CP00,2015-11-01,0.6
PT,CP00,2015-12-01,0.3
PT,CP00,2016-01-01,0.7
PT,CP00,2016-02-01,0.2
PT,CP00,2016-03-01,0.5
PT,CP00,2016-04-01,0.5
PT,CP00,2016-05-01,0.4
PT,CP00,2016-06-01,0.7
PT,CP00,2016-07-01,0.7
PT,CP00,2016-08-01,0.8
PT,CP00,2016-09-01,0.7
PT,CP00,2016-10-01,1.1
PT,CP00,2016-11-01,0.5
PT,CP00,2016-12-01,0.9
PT,CP00,2017-01-01,1.3
PT,CP00,2017-02-01,1.6
PT,CP00,2017-03-01,1.4
PT,CP00,2017-04-01,2.4
PT,CP00,2017-05-01,1.7
PT,CP00,2017-06-01,1.0
PT,CP00,2017-07-01,1.0
PT,CP00,2017-08-01,1.3
PT,CP00,2017-09-01,1.6
PT,CP00,2017-10-01,1.9
PT,CP00,2017-11-01,1.8
PT,CP00,2017-12-01,1.6
PT,CP00,2018-01-01,1.1
PT,CP00,2018-02-01,0.7
PT,CP00,2018-03-01,0.8
PT,CP00,2018-04-01,0.3
PT,CP00,2018-05-01,1.4
PT,CP00,2018-06-01,2.0
PT,CP00,2018-07-01,2.2
PT,CP00,2018-08-01,1.3
PT,CP00,2018-09-01,1.8
PT,CP00,2018-10-01,0.8
PT,CP00,2018-11-01,0.9
PT,CP00,2018-12-01,0.6
PT,CP00,2019-01-01,0.6
PT,CP00,2019-02-01,0.9
PT,CP00,2019-03-01,0.8
PT,CP00,2019-04-01,0.9
PT,CP00,2019-05-01,0.3
PT,CP00,2019-06-01,0.7
PT,CP00,2019-07-01,-0.7
PT,CP00,2019-08-01,-0.1
PT,CP00,2019-09-01,-0.3
PT,CP00,2019-10-01,-0.1
PT,CP00,2019-11-01,0.2
PT,CP00,2019-12-01,0.4
PT,CP00,2020-01-01,0.8
PT,CP00,2020-02-01,0.5
PT,CP00,2020-03-01,0.1
PT,CP00,2020-04-01,-0.1
PT,CP00,2020-05-01,-0.6
PT,CP00,2020-06-01,0.2
PT,CP00,2020-07-01,-0.1
PT,CP00,2020-08-01,-0.2
PT,CP00,2020-09-01,-0.8
PT,CP00,2020-10-01,-0.6
PT,CP00,2020-11-01,-0.4
PT,CP00,2020-12-01,-0.3
PT,CP00,2021-01-01,0.2
PT,CP00,2021-02-01,0.3
PT,CP00,2021-03-01,0.1
PT,CP00,2021-04-01,-0.1
PT,CP00,2021-05-01,0.5
PT,CP00,2021-06-01,-0.6
PT,CP00,2021-07-01,1.1
PT,CP00,2021-08-01,1.2
PT,CP00,2021-09-01,1.3
PT,CP00,2021-10-01,1.8
PT,CP00,2021-11-01,2.6
PT,CP00,2021-12-01,2.8
PT,CP00,2022-01-01,3.4
PT,CP00,2022-02-01,4.4
PT,CP00,2022-03-01,5.5
PT,CP00,2022-04-01,7.4
PT,CP00,2022-05-01,8.1
PT,CP00,2022-06-01,9.0
PT,CP00,2022-07-01,9.4
PT,CP00,2022-08-01,9.3
PT,CP00,2022-09-01,9.8
PT,CP00,2022-10-01,10.6
PT,CP00,2022-11-01,10.2
PT,CP00,2022-12-01,9.8
PT,CP00,2023-01-01,8.7
PT,CP00,2023-02-01,8.6
PT,CP00,2023-03-01,8.0
PT,CP00,2023-04-01,6.9
PT,CP00,2023-05-01,5.4
PT,CP00,2023-06-01,4.7
PT,CP00,2023-07-01,4.3
PT,CP00,2023-08-01,5.3
PT,CP00,2023-09-01,4.8
PT,CP00,2023-10-01,3.2
PT,CP00,2023-11-01,2.2
PT,CP00,2023-12-01,1.9
PT,CP00,2024-01-01,2.5
PT,CP00,2024-02-01,2.3
PT,CP00,2024-03-01,2.6
PT,CP00,2024-04-01,2.3
PT,CP00,2024-05-01,3.8
PT,CP00,2024-06-01,3.1
PT,CP00,2024-07-01,2.7
PT,CP00,2024-08-01,1.8
PT,CP00,2024-09-01,2.6
PT,CP00,2024-10-01,2.6
PT,CP00,2024-11-01,2.7
PT,CP00,2024-12-01,3.1
PT,CP00,2025-01-01,2.7
PT,CP00,2025-02-01,2.5
PT,CP00,2025-03-01,1.9
PT,CP00,2025-04-01,2.1
PT,CP00,2025-05-01,1.7
PT,CP00,2025-06-01,2.1
PT,CP00,2025-07-01,2.5
PT,CP00,2025-08-01,2.5
PT,CP00,2025-09-01,1.9
PT,CP00,2025-10-01,2.0
PT,CP00,2025-11-01,2.1
PT,CP00,2025-12-01,2.4
PT,CP00,2026-01-01,1.9
PT,CP00,2026-02-01,2.1
SK,CP00,1996-02-01,
SK,CP00,1996-03-01,
SK,CP00,1996-04-01,
SK,CP00,1996-05-01,
SK,CP00,1996-06-01,
SK,CP00,1996-07-01,
SK,CP00,1996-08-01,
SK,CP00,1996-09-01,
SK,CP00,1996-10-01,
SK,CP00,1996-11-01,
SK,CP00,1996-12-01,
SK,CP00,1997-01-01,
SK,CP00,1997-02-01,
SK,CP00,1997-03-01,
SK,CP00,1997-04-01,
SK,CP00,1997-05-01,
SK,CP00,1997-06-01,
SK,CP00,1997-07-01,
SK,CP00,1997-08-01,
SK,CP00,1997-09-01,
SK,CP00,1997-10-01,
SK,CP00,1997-11-01,
SK,CP00,1997-12-01,6.2
SK,CP00,1998-01-01,7.1
SK,CP00,1998-02-01,7.4
SK,CP00,1998-03-01,7.0
SK,CP00,1998-04-01,7.1
SK,CP00,1998-05-01,7.7
SK,CP00,1998-06-01,7.4
SK,CP00,1998-07-01,7.0
SK,CP00,1998-08-01,5.6
SK,CP00,1998-09-01,6.0
SK,CP00,1998-10-01,6.3
SK,CP00,1998-11-01,6.1
SK,CP00,1998-12-01,5.7
SK,CP00,1999-01-01,6.8
SK,CP00,1999-02-01,6.8
SK,CP00,1999-03-01,6.9
SK,CP00,1999-04-01,7.0
SK,CP00,1999-05-01,6.5
SK,CP00,1999-06-01,6.9
LT,CP00,2011-08-01,4.4
LT,CP00,2011-09-01,4.7
LT,CP00,2011-10-01,4.2
LT,CP00,2011-11-01,4.4
LT,CP00,2011-12-01,3.5
LT,CP00,2012-01-01,3.4
LT,CP00,2012-02-01,3.7
LT,CP00,2012-03-01,3.7
LT,CP00,2012-04-01,3.3
LT,CP00,2012-05-01,2.6
LT,CP00,2012-06-01,2.6
LT,CP00,2012-07-01,2.9
LT,CP00,2012-08-01,3.4
LT,CP00,2012-09-01,3.3
LT,CP00,2012-10-01,3.2
LT,CP00,2012-11-01,2.8
LT,CP00,2012-12-01,2.9
LT,CP00,2013-01-01,2.7
LT,CP00,2013-02-01,2.3
LT,CP00,2013-03-01,1.6
LT,CP00,2013-04-01,1.4
LT,CP00,2013-05-01,1.5
LT,CP00,2013-06-01,1.3
LT,CP00,2013-07-01,0.6
LT,CP00,2013-08-01,0.5
LT,CP00,2013-09-01,0.5
LT,CP00,2013-10-01,0.5
LT,CP00,2013-11-01,0.5
LT,CP00,2013-12-01,0.5
LT,CP00,2014-01-01,0.2
LT,CP00,2014-02-01,0.3
LT,CP00,2014-03-01,0.4
LT,CP00,2014-04-01,0.3
LT,CP00,2014-05-01,0.1
LT,CP00,2014-06-01,0.3
LT,CP00,2014-07-01,0.5
LT,CP00,2014-08-01,0.3
LT,CP00,2014-09-01,0.0
LT,CP00,2014-10-01,0.3
LT,CP00,2014-11-01,0.4
LT,CP00,2014-12-01,-0.1
LT,CP00,2015-01-01,-1.4
LT,CP00,2015-02-01,-1.5
LT,CP00,2015-03-01,-1.1
LT,CP00,2015-04-01,-0.6
LT,CP00,2015-05-01,-0.1
LT,CP00,2015-06-01,-0.2
LT,CP00,2015-07-01,-0.2
LT,CP00,2015-08-01,-1.0
LT,CP00,2015-09-01,-0.8
LT,CP00,2015-10-01,-0.4
LT,CP00,2015-11-01,-0.5
LT,CP00,2015-12-01,-0.2
LT,CP00,2016-01-01,0.7
LT,CP00,2016-02-01,0.5
LT,CP00,2016-03-01,0.8
LT,CP00,2016-04-01,0.8
LT,CP00,2016-05-01,0.2
LT,CP00,2016-06-01,0.4
LT,CP00,2016-07-01,0.0
LT,CP00,2016-08-01,0.5
LT,CP00,2016-09-01,0.6
LT,CP00,2016-10-01,0.7
LT,CP00,2016-11-01,1.1
LT,CP00,2016-12-01,2.0
LT,CP00,2017-01-01,2.6
LT,CP00,2017-02-01,3.2
LT,CP00,2017-03-01,3.2
LT,CP00,2017-04-01,3.5
LT,CP00,2017-05-01,3.2
LT,CP00,2017-06-01,3.5
LT,CP00,2017-07-01,4.1
LT,CP00,2017-08-01,4.6
LT,CP00,2017-09-01,4.6
LT,CP00,2017-10-01,4.2
LT,CP00,2017-11-01,4.2
LT,CP00,2017-12-01,3.8
LT,CP00,2018-01-01,3.6
LT,CP00,2018-02-01,3.2
LT,CP00,2018-03-01,2.5
LT,CP00,2018-04-01,2.2
LT,CP00,2018-05-01,2.9
LT,CP00,2018-06-01,2.5
LT,CP00,2018-07-01,2.3
LT,CP00,2018-08-01,1.8
LT,CP00,2018-09-01,2.4
LT,CP00,2018-10-01,2.9
LT,CP00,2018-11-01,2.4
LT,CP00,2018-12-01,1.8
LT,CP00,2019-01-01,1.6
LT,CP00,2019-02-01,2.0
LT,CP00,2019-03-01,2.6
LT,CP00,2019-04-01,2.7
LT,CP00,2019-05-01,2.5
LT,CP00,2019-06-01,2.4
LT,CP00,2019-07-01,2.5
LT,CP00,2019-08-01,2.5
LT,CP00,2019-09-01,2.0
LT,CP00,2019-10-01,1.5
LT,CP00,2019-11-01,1.7
LT,CP00,2019-12-01,2.7
LT,CP00,2020-01-01,3.0
LT,CP00,2020-02-01,2.8
LT,CP00,2020-03-01,1.7
LT,CP00,2020-04-01,0.9
LT,CP00,2020-05-01,0.2
LT,CP00,2020-06-01,0.9
LT,CP00,2020-07-01,0.9
LT,CP00,2020-08-01,1.2
LT,CP00,2020-09-01,0.6
LT,CP00,2020-10-01,0.5
LT,CP00,2020-11-01,0.4
LT,CP00,2020-12-01,-0.1
LT,CP00,2021-01-01,0.2
LT,CP00,2021-02-01,0.4
LT,CP00,2021-03-01,1.6
LT,CP00,2021-04-01,2.4
LT,CP00,2021-05-01,3.5
LT,CP00,2021-06-01,3.5
LT,CP00,2021-07-01,4.3
LT,CP00,2021-08-01,5.0
LT,CP00,2021-09-01,6.4
LT,CP00,2021-10-01,8.2
LT,CP00,2021-11-01,9.3
LT,CP00,2021-12-01,10.7
LT,CP00,2022-01-01,12.3
LT,CP00,2022-02-01,14.0
LT,CP00,2022-03-01,15.6
LT,CP00,2022-04-01,16.6
LT,CP00,2022-05-01,18.5
LT,CP00,2022-06-01,20.5
LT,CP00,2022-07-01,20.9
LT,CP00,2022-08-01,21.1
LT,CP00,2022-09-01,22.5
LT,CP00,2022-10-01,22.1
LT,CP00,2022-11-01,21.4
LT,CP00,2022-12-01,20.0
LT,CP00,2023-01-01,18.5
LT,CP00,2023-02-01,17.2
LT,CP00,2023-03-01,15.2
LT,CP00,2023-04-01,13.3
LT,CP00,2023-05-01,10.7
LT,CP00,2023-06-01,8.2
LT,CP00,2023-07-01,7.2
LT,CP00,2023-08-01,6.4
LT,CP00,2023-09-01,4.1
LT,CP00,2023-10-01,3.1
LT,CP00,2023-11-01,2.4
LT,CP00,2023-12-01,1.6
LT,CP00,2024-01-01,1.1
LT,CP00,2024-02-01,1.1
LT,CP00,2024-03-01,0.4
LT,CP00,2024-04-01,0.4
LT,CP00,2024-05-01,0.9
LT,CP00,2024-06-01,1.0
LT,CP00,2024-07-01,1.1
LT,CP00,2024-08-01,0.8
LT,CP00,2024-09-01,0.4
LT,CP00,2024-10-01,0.1
LT,CP00,2024-11-01,1.1
LT,CP00,2024-12-01,1.9
LT,CP00,2025-01-01,3.4
LT,CP00,2025-02-01,3.2
LT,CP00,2025-03-01,3.7
LT,CP00,2025-04-01,3.6
LT,CP00,2025-05-01,3.0
LT,CP00,2025-06-01,3.2
LT,CP00,2025-07-01,3.4
LT,CP00,2025-08-01,3.6
LT,CP00,2025-09-01,3.7
LT,CP00,2025-10-01,3.7
LT,CP00,2025-11-01,3.6
LT,CP00,2025-12-01,3.2
LT,CP00,2026-01-01,2.8
LT,CP00,2026-02-01,3.3
LU,CP00,1996-02-01,
LU,CP00,1996-03-01,
LU,CP00,1996-04-01,
LU,CP00,1996-05-01,
LU,CP00,1996-06-01,
LU,CP00,1996-07-01,
LU,CP00,1996-08-01,
LU,CP00,1996-09-01,
LU,CP00,1996-10-01,
LU,CP00,1996-11-01,
LU,CP00,1996-12-01,
LU,CP00,1997-01-01,1.3
LU,CP00,1997-02-01,1.5
LU,CP00,1997-03-01,1.3
LU,CP00,1997-04-01,1.1
LU,CP00,1997-05-01,1.1
LU,CP00,1997-06-01,1.2
LU,CP00,1997-07-01,1.3
LU,CP00,1997-08-01,1.4
LU,CP00,1997-09-01,1.7
LU,CP00,1997-10-01,1.7
LU,CP00,1997-11-01,1.5
LU,CP00,1997-12-01,1.5
LU,CP00,1998-01-01,1.5
LU,CP00,1998-02-01,1.1
LU,CP00,1998-03-01,1.3
LU,CP00,1998-04-01,1.1
LU,CP00,1998-05-01,1.3
LU,CP00,1998-06-01,1.2
LU,CP00,1998-07-01,1.2
LU,CP00,1998-08-01,1.0
LU,CP00,1998-09-01,0.7
LU,CP00,1998-10-01,0.5
LU,CP00,1998-11-01,0.5
LU,CP00,1998-12-01,0.4
LU,CP00,1999-01-01,-1.4
LU,CP00,1999-02-01,0.6
LU,CP00,1999-03-01,0.6
LU,CP00,1999-04-01,1.3
LU,CP00,1999-05-01,1.3
LU,CP00,1999-06-01,1.2
LU,CP00,1999-07-01,-0.3
LU,CP00,1999-08-01,1.4
LU,CP00,1999-09-01,1.6
LU,CP00,1999-10-01,1.9
LU,CP00,1999-11-01,1.9
LU,CP00,1999-12-01,2.3
LU,CP00,2000-01-01,3.5
LU,CP00,2000-02-01,2.6
LU,CP00,2000-03-01,3.0
LU,CP00,2000-04-01,3.2
LU,CP00,2000-05-01,2.9
LU,CP00,2000-06-01,4.4
LU,CP00,2000-07-01,4.7
LU,CP00,2000-08-01,3.7
LU,CP00,2000-09-01,4.2
LU,CP00,2000-10-01,4.3
LU,CP00,2000-11-01,4.5
LU,CP00,2000-12-01,4.3
LU,CP00,2001-01-01,2.9
LU,CP00,2001-02-01,3.0
LU,CP00,2001-03-01,3.0
LU,CP00,2001-04-01,2.7
LU,CP00,2001-05-01,3.8
LU,CP00,2001-06-01,2.7
LU,CP00,2001-07-01,2.4
LU,CP00,2001-08-01,2.5
LU,CP00,2001-09-01,1.9
LU,CP00,2001-10-01,1.6
LU,CP00,2001-11-01,1.4
LU,CP00,2001-12-01,0.9
LU,CP00,2002-01-01,2.2
LU,CP00,2002-02-01,2.2
LU,CP00,2002-03-01,1.8
LU,CP00,2002-04-01,1.9
LU,CP00,2002-05-01,1.3
LU,CP00,2002-06-01,1.2
LU,CP00,2002-07-01,1.9
LU,CP00,2002-08-01,2.0
LU,CP00,2002-09-01,2.2
LU,CP00,2002-10-01,2.5
LU,CP00,2002-11-01,2.6
LU,CP00,2002-12-01,2.8
LU,CP00,2003-01-01,3.2
LU,CP00,2003-02-01,3.2
LU,CP00,2003-03-01,3.7
LU,CP00,2003-04-01,2.9
LU,CP00,2003-05-01,2.3
LU,CP00,2003-06-01,2.0
LU,CP00,2003-07-01,1.9
LU,CP00,2003-08-01,2.3
LU,CP00,2003-09-01,2.6
LU,CP00,2003-10-01,1.7
LU,CP00,2003-11-01,2.0
LU,CP00,2003-12-01,2.4
LU,CP00,2004-01-01,2.3
LU,CP00,2004-02-01,2.5
LU,CP00,2004-03-01,2.0
LU,CP00,2004-04-01,2.7
LU,CP00,2004-05-01,3.5
LU,CP00,2004-06-01,3.9
LU,CP00,2004-07-01,3.8
LU,CP00,2004-08-01,3.6
LU,CP00,2004-09-01,3.1
LU,CP00,2004-10-01,4.1
LU,CP00,2004-11-01,4.0
LU,CP00,2004-12-01,3.5
LU,CP00,2005-01-01,2.8
LU,CP00,2005-02-01,3.3
LU,CP00,2005-03-01,3.5
LU,CP00,2005-04-01,3.8
LU,CP00,2005-05-01,3.7
LU,CP00,2005-06-01,3.2
LU,CP00,2005-07-01,4.0
LU,CP00,2005-08-01,4.3
LU,CP00,2005-09-01,4.7
LU,CP00,2005-10-01,5.0
LU,CP00,2005-11-01,3.6
LU,CP00,2005-12-01,3.5
LU,CP00,2006-01-01,4.1
LU,CP00,2006-02-01,3.8
LU,CP00,2006-03-01,3.8
LU,CP00,2006-04-01,3.4
LU,CP00,2006-05-01,3.6
LU,CP00,2006-06-01,3.9
LU,CP00,2006-07-01,3.4
LU,CP00,2006-08-01,3.1
LU,CP00,2006-09-01,2.0
LU,CP00,2006-10-01,0.6
LU,CP00,2006-11-01,1.8
LU,CP00,2006-12-01,2.2
LU,CP00,2007-01-01,2.3
LU,CP00,2007-02-01,1.8
LU,CP00,2007-03-01,2.4
LU,CP00,2007-04-01,2.4
LU,CP00,2007-05-01,2.3
LU,CP00,2007-06-01,2.2
LU,CP00,2007-07-01,2.1
LU,CP00,2007-08-01,1.9
LU,CP00,2007-09-01,2.5
LU,CP00,2007-10-01,3.6
LU,CP00,2007-11-01,4.0
LU,CP00,2007-12-01,4.3
LU,CP00,2008-01-01,4.2
LU,CP00,2008-02-01,4.2
LU,CP00,2008-03-01,4.4
LU,CP00,2008-04-01,4.3
LU,CP00,2008-05-01,4.8
LU,CP00,2008-06-01,5.3
LU,CP00,2008-07-01,5.8
LU,CP00,2008-08-01,4.8
LU,CP00,2008-09-01,4.8
LU,CP00,2008-10-01,3.9
LU,CP00,2008-11-01,2.0
LU,CP00,2008-12-01,0.7
LU,CP00,2009-01-01,0.0
LU,CP00,2009-02-01,0.8
LU,CP00,2009-03-01,-0.3
LU,CP00,2009-04-01,-0.2
LU,CP00,2009-05-01,-0.9
LU,CP00,2009-06-01,-1.0
LU,CP00,2009-07-01,-1.5
LU,CP00,2009-08-01,-0.2
LU,CP00,2009-09-01,-0.4
LU,CP00,2009-10-01,-0.2
LU,CP00,2009-11-01,1.7
LU,CP00,2009-12-01,2.5
LU,CP00,2010-01-01,3.0
LU,CP00,2010-02-01,2.3
LU,CP00,2010-03-01,3.2
LU,CP00,2010-04-01,3.1
LU,CP00,2010-05-01,3.1
LU,CP00,2010-06-01,2.3
LU,CP00,2010-07-01,2.9
LU,CP00,2010-08-01,2.5
LU,CP00,2010-09-01,2.6
LU,CP00,2010-10-01,2.9
LU,CP00,2010-11-01,2.5
LU,CP00,2010-12-01,3.1
LU,CP00,2011-01-01,3.4
LU,CP00,2011-02-01,3.9
LU,CP00,2011-03-01,4.0
LU,CP00,2011-04-01,4.0
LU,CP00,2011-05-01,3.8
LU,CP00,2011-06-01,3.8
LU,CP00,2011-07-01,3.2
LU,CP00,2011-08-01,3.7
LU,CP00,2011-09-01,3.8
LU,CP00,2011-10-01,3.8
LU,CP00,2011-11-01,4.0
LU,CP00,2011-12-01,3.4
LU,CP00,2012-01-01,3.2
LU,CP00,2012-02-01,3.3
LU,CP00,2012-03-01,2.9
LU,CP00,2012-04-01,3.0
LU,CP00,2012-05-01,2.7
LU,CP00,2012-06-01,2.6
LU,CP00,2012-07-01,2.7
LU,CP00,2012-08-01,2.8
LU,CP00,2012-09-01,3.2
LU,CP00,2012-10-01,3.2
LU,CP00,2012-11-01,2.7
LU,CP00,2012-12-01,2.5
LU,CP00,2013-01-01,2.1
LU,CP00,2013-02-01,2.4
LU,CP00,2013-03-01,2.0
LU,CP00,2013-04-01,1.7
LU,CP00,2013-05-01,1.4
LU,CP00,2013-06-01,2.0
LU,CP00,2013-07-01,1.8
LU,CP00,2013-08-01,1.7
LU,CP00,2013-09-01,1.6
LU,CP00,2013-10-01,1.1
LU,CP00,2013-11-01,1.1
LU,CP00,2013-12-01,1.5
LU,CP00,2014-01-01,1.5
LU,CP00,2014-02-01,0.8
LU,CP00,2014-03-01,0.8
LU,CP00,2014-04-01,0.9
LU,CP00,2014-05-01,1.4
LU,CP00,2014-06-01,1.2
LU,CP00,2014-07-01,1.2
LU,CP00,2014-08-01,0.7
LU,CP00,2014-09-01,0.3
LU,CP00,2014-10-01,0.4
LU,CP00,2014-11-01,0.2
LU,CP00,2014-12-01,-0.9
LU,CP00,2015-01-01,-1.2
LU,CP00,2015-02-01,-0.3
LU,CP00,2015-03-01,0.1
LU,CP00,2015-04-01,0.0
LU,CP00,2015-05-01,0.4
LU,CP00,2015-06-01,0.5
LU,CP00,2015-07-01,0.2
LU,CP00,2015-08-01,0.1
LU,CP00,2015-09-01,-0.2
LU,CP00,2015-10-01,-0.1
LU,CP00,2015-11-01,0.4
LU,CP00,2015-12-01,0.9
LU,CP00,2016-01-01,0.5
LU,CP00,2016-02-01,-0.3
LU,CP00,2016-03-01,-0.6
LU,CP00,2016-04-01,-0.6
LU,CP00,2016-05-01,-0.6
LU,CP00,2016-06-01,-0.4
LU,CP00,2016-07-01,-0.4
LU,CP00,2016-08-01,-0.2
LU,CP00,2016-09-01,0.3
LU,CP00,2016-10-01,0.7
LU,CP00,2016-11-01,0.6
LU,CP00,2016-12-01,1.6
LU,CP00,2017-01-01,2.5
LU,CP00,2017-02-01,2.7
LU,CP00,2017-03-01,2.5
LU,CP00,2017-04-01,2.6
LU,CP00,2017-05-01,1.9
LU,CP00,2017-06-01,1.5
LU,CP00,2017-07-01,1.8
LU,CP00,2017-08-01,2.3
LU,CP00,2017-09-01,2.0
LU,CP00,2017-10-01,2.0
LU,CP00,2017-11-01,2.0
LU,CP00,2017-12-01,1.6
LU,CP00,2018-01-01,1.3
LU,CP00,2018-02-01,1.1
LU,CP00,2018-03-01,1.2
LU,CP00,2018-04-01,1.3
LU,CP00,2018-05-01,2.1
LU,CP00,2018-06-01,2.4
LU,CP00,2018-07-01,2.5
LU,CP00,2018-08-01,2.4
LU,CP00,2018-09-01,2.7
LU,CP00,2018-10-01,2.8
LU,CP00,2018-11-01,2.6
LU,CP00,2018-12-01,1.9
LU,CP00,2019-01-01,1.7
LU,CP00,2019-02-01,2.1
LU,CP00,2019-03-01,2.4
LU,CP00,2019-04-01,2.2
LU,CP00,2019-05-01,2.1
LU,CP00,2019-06-01,1.5
LU,CP00,2019-07-01,1.6
LU,CP00,2019-08-01,1.4
LU,CP00,2019-09-01,1.1
LU,CP00,2019-10-01,0.8
LU,CP00,2019-11-01,1.0
LU,CP00,2019-12-01,1.8
LU,CP00,2020-01-01,2.5
LU,CP00,2020-02-01,1.8
LU,CP00,2020-03-01,0.3
LU,CP00,2020-04-01,-0.8
LU,CP00,2020-05-01,-1.6
LU,CP00,2020-06-01,-0.4
LU,CP00,2020-07-01,0.1
LU,CP00,2020-08-01,-0.2
LU,CP00,2020-09-01,-0.3
LU,CP00,2020-10-01,-0.4
LU,CP00,2020-11-01,-0.6
LU,CP00,2020-12-01,-0.3
LU,CP00,2021-01-01,1.0
LU,CP00,2021-02-01,-0.5
LU,CP00,2021-03-01,2.5
LU,CP00,2021-04-01,3.3
LU,CP00,2021-05-01,4.1
LU,CP00,2021-06-01,3.4
LU,CP00,2021-07-01,3.3
LU,CP00,2021-08-01,3.5
LU,CP00,2021-09-01,4.0
LU,CP00,2021-10-01,5.3
LU,CP00,2021-11-01,6.3
LU,CP00,2021-12-01,5.5
LU,CP00,2022-01-01,4.6
LU,CP00,2022-02-01,7.8
LU,CP00,2022-03-01,8.0
LU,CP00,2022-04-01,9.0
LU,CP00,2022-05-01,9.1
LU,CP00,2022-06-01,10.3
LU,CP00,2022-07-01,9.3
LU,CP00,2022-08-01,8.6
LU,CP00,2022-09-01,8.8
LU,CP00,2022-10-01,8.8
LU,CP00,2022-11-01,7.3
LU,CP00,2022-12-01,6.2
LU,CP00,2023-01-01,5.8
LU,CP00,2023-02-01,4.8
LU,CP00,2023-03-01,2.9
LU,CP00,2023-04-01,2.7
LU,CP00,2023-05-01,2.0
LU,CP00,2023-06-01,1.0
LU,CP00,2023-07-01,2.0
LU,CP00,2023-08-01,3.5
LU,CP00,2023-09-01,3.4
LU,CP00,2023-10-01,2.1
LU,CP00,2023-11-01,2.1
LU,CP00,2023-12-01,3.2
LU,CP00,2024-01-01,3.0
LU,CP00,2024-02-01,3.2
LU,CP00,2024-03-01,3.2
LU,CP00,2024-04-01,3.0
LU,CP00,2024-05-01,3.2
LU,CP00,2024-06-01,2.8
LU,CP00,2024-07-01,2.6
LU,CP00,2024-08-01,1.7
LU,CP00,2024-09-01,0.8
LU,CP00,2024-10-01,0.9
LU,CP00,2024-11-01,1.1
LU,CP00,2024-12-01,1.6
LU,CP00,2025-01-01,2.4
LU,CP00,2025-02-01,1.9
LU,CP00,2025-03-01,1.6
LU,CP00,2025-04-01,1.7
LU,CP00,2025-05-01,2.1
LU,CP00,2025-06-01,2.4
LU,CP00,2025-07-01,2.6
LU,CP00,2025-08-01,2.8
LU,CP00,2025-09-01,3.1
LU,CP00,2025-10-01,3.0
LU,CP00,2025-11-01,3.5
LU,CP00,2025-12-01,3.3
LU,CP00,2026-01-01,1.6
LU,CP00,2026-02-01,1.8
MT,CP00,1996-02-01,
MT,CP00,1996-03-01,
MT,CP00,1996-04-01,
MT,CP00,1996-05-01,
MT,CP00,1996-06-01,
MT,CP00,1996-07-01,
MT,CP00,1996-08-01,
MT,CP00,1996-09-01,
MT,CP00,1996-10-01,
MT,CP00,1996-11-01,
MT,CP00,1996-12-01,
MT,CP00,1997-01-01,4.2
MT,CP00,1997-02-01,4.2
MT,CP00,1997-03-01,4.0
MT,CP00,1997-04-01,3.3
MT,CP00,1997-05-01,3.4
MT,CP00,1997-06-01,3.8
MT,CP00,1997-07-01,4.2
MT,CP00,1997-08-01,3.9
MT,CP00,1997-09-01,3.7
MT,CP00,1997-10-01,3.8
MT,CP00,1997-11-01,4.0
MT,CP00,1997-12-01,4.6
MT,CP00,1998-01-01,4.0
MT,CP00,1998-02-01,3.7
MT,CP00,1998-03-01,3.6
MT,CP00,1998-04-01,4.2
MT,CP00,1998-05-01,4.3
MT,CP00,1998-06-01,4.0
MT,CP00,1998-07-01,3.9
MT,CP00,1998-08-01,3.8
MT,CP00,1998-09-01,3.4
MT,CP00,1998-10-01,3.3
MT,CP00,1998-11-01,3.3
MT,CP00,1998-12-01,2.9
MT,CP00,1999-01-01,2.4
MT,CP00,1999-02-01,2.5
MT,CP00,1999-03-01,2.4
MT,CP00,1999-04-01,1.6
MT,CP00,1999-05-01,1.4
MT,CP00,1999-06-01,1.6
MT,CP00,1999-07-01,1.7
MT,CP00,1999-08-01,1.9
MT,CP00,1999-09-01,1.9
MT,CP00,1999-10-01,2.0
MT,CP00,1999-11-01,3.8
MT,CP00,1999-12-01,4.4
MT,CP00,2000-01-01,3.4
MT,CP00,2000-02-01,3.3
MT,CP00,2000-03-01,3.4
MT,CP00,2000-04-01,3.4
MT,CP00,2000-05-01,3.6
MT,CP00,2000-06-01,3.3
MT,CP00,2000-07-01,3.3
MT,CP00,2000-08-01,3.2
MT,CP00,2000-09-01,3.2
MT,CP00,2000-10-01,3.4
MT,CP00,2000-11-01,1.9
MT,CP00,2000-12-01,1.0
MT,CP00,2001-01-01,1.0
MT,CP00,2001-02-01,1.1
MT,CP00,2001-03-01,1.6
MT,CP00,2001-04-01,2.2
MT,CP00,2001-05-01,2.2
MT,CP00,2001-06-01,2.7
MT,CP00,2001-07-01,3.0
MT,CP00,2001-08-01,3.2
MT,CP00,2001-09-01,3.2
MT,CP00,2001-10-01,2.8
MT,CP00,2001-11-01,3.3
MT,CP00,2001-12-01,3.6
MT,CP00,2002-01-01,4.2
MT,CP00,2002-02-01,3.3
MT,CP00,2002-03-01,3.1
MT,CP00,2002-04-01,2.7
MT,CP00,2002-05-01,2.4
MT,CP00,2002-06-01,2.2
MT,CP00,2002-07-01,2.2
MT,CP00,2002-08-01,2.3
MT,CP00,2002-09-01,2.2
MT,CP00,2002-10-01,2.6
MT,CP00,2002-11-01,2.3
MT,CP00,2002-12-01,2.0
MT,CP00,2003-01-01,0.8
MT,CP00,2003-02-01,2.0
MT,CP00,2003-03-01,2.4
MT,CP00,2003-04-01,2.0
MT,CP00,2003-05-01,1.9
MT,CP00,2003-06-01,2.1
MT,CP00,2003-07-01,1.7
MT,CP00,2003-08-01,1.8
MT,CP00,2003-09-01,1.7
MT,CP00,2003-10-01,2.5
MT,CP00,2003-11-01,1.8
MT,CP00,2003-12-01,2.4
MT,CP00,2004-01-01,2.8
MT,CP00,2004-02-01,2.4
MT,CP00,2004-03-01,2.2
MT,CP00,2004-04-01,3.6
MT,CP00,2004-05-01,3.1
MT,CP00,2004-06-01,3.3
MT,CP00,2004-07-01,3.1
MT,CP00,2004-08-01,2.5
MT,CP00,2004-09-01,3.2
MT,CP00,2004-10-01,2.7
MT,CP00,2004-11-01,2.0
MT,CP00,2004-12-01,1.9
MT,CP00,2005-01-01,1.9
MT,CP00,2005-02-01,2.5
MT,CP00,2005-03-01,2.5
MT,CP00,2005-04-01,1.9
MT,CP00,2005-05-01,2.5
MT,CP00,2005-06-01,2.1
MT,CP00,2005-07-01,1.7
MT,CP00,2005-08-01,2.5
MT,CP00,2005-09-01,2.1
MT,CP00,2005-10-01,2.9
MT,CP00,2005-11-01,4.3
MT,CP00,2005-12-01,3.4
MT,CP00,2006-01-01,2.4
MT,CP00,2006-02-01,2.3
MT,CP00,2006-03-01,2.9
MT,CP00,2006-04-01,3.5
MT,CP00,2006-05-01,3.5
MT,CP00,2006-06-01,3.3
MT,CP00,2006-07-01,3.6
MT,CP00,2006-08-01,3.0
MT,CP00,2006-09-01,3.1
MT,CP00,2006-10-01,1.7
MT,CP00,2006-11-01,0.9
MT,CP00,2006-12-01,0.8
MT,CP00,2007-01-01,1.2
MT,CP00,2007-02-01,0.8
MT,CP00,2007-03-01,0.5
MT,CP00,2007-04-01,-1.1
MT,CP00,2007-05-01,-1.0
MT,CP00,2007-06-01,-0.6
MT,CP00,2007-07-01,-0.2
MT,CP00,2007-08-01,0.6
MT,CP00,2007-09-01,0.9
MT,CP00,2007-10-01,1.5
MT,CP00,2007-11-01,2.9
MT,CP00,2007-12-01,3.1
MT,CP00,2008-01-01,3.8
MT,CP00,2008-02-01,4.0
MT,CP00,2008-03-01,4.3
MT,CP00,2008-04-01,4.1
MT,CP00,2008-05-01,4.1
MT,CP00,2008-06-01,4.4
MT,CP00,2008-07-01,5.6
MT,CP00,2008-08-01,5.4
MT,CP00,2008-09-01,4.9
MT,CP00,2008-10-01,5.7
MT,CP00,2008-11-01,4.9
MT,CP00,2008-12-01,5.0
MT,CP00,2009-01-01,3.1
MT,CP00,2009-02-01,3.5
MT,CP00,2009-03-01,3.9
MT,CP00,2009-04-01,4.0
MT,CP00,2009-05-01,3.5
MT,CP00,2009-06-01,2.8
MT,CP00,2009-07-01,0.8
MT,CP00,2009-08-01,1.0
MT,CP00,2009-09-01,0.8
MT,CP00,2009-10-01,-0.5
MT,CP00,2009-11-01,-0.1
MT,CP00,2009-12-01,-0.4
MT,CP00,2010-01-01,1.3
MT,CP00,2010-02-01,0.7
MT,CP00,2010-03-01,0.6
MT,CP00,2010-04-01,0.8
MT,CP00,2010-05-01,1.8
MT,CP00,2010-06-01,1.8
MT,CP00,2010-07-01,2.5
MT,CP00,2010-08-01,3.0
MT,CP00,2010-09-01,2.4
MT,CP00,2010-10-01,2.2
MT,CP00,2010-11-01,3.4
MT,CP00,2010-12-01,4.0
MT,CP00,2011-01-01,3.3
MT,CP00,2011-02-01,2.7
MT,CP00,2011-03-01,2.8
MT,CP00,2011-04-01,2.4
MT,CP00,2011-05-01,2.5
MT,CP00,2011-06-01,3.1
MT,CP00,2011-07-01,2.4
MT,CP00,2011-08-01,2.5
MT,CP00,2011-09-01,2.8
MT,CP00,2011-10-01,2.6
MT,CP00,2011-11-01,1.7
MT,CP00,2011-12-01,1.5
MT,CP00,2012-01-01,1.7
MT,CP00,2012-02-01,2.6
MT,CP00,2012-03-01,2.6
MT,CP00,2012-04-01,3.8
MT,CP00,2012-05-01,3.7
MT,CP00,2012-06-01,4.3
MT,CP00,2012-07-01,4.2
MT,CP00,2012-08-01,3.2
MT,CP00,2012-09-01,2.9
MT,CP00,2012-10-01,3.2
MT,CP00,2012-11-01,3.6
MT,CP00,2012-12-01,2.8
MT,CP00,2013-01-01,2.4
MT,CP00,2013-02-01,1.8
MT,CP00,2013-03-01,1.4
MT,CP00,2013-04-01,0.9
MT,CP00,2013-05-01,0.8
MT,CP00,2013-06-01,0.6
MT,CP00,2013-07-01,0.9
MT,CP00,2013-08-01,0.7
MT,CP00,2013-09-01,0.5
MT,CP00,2013-10-01,0.6
MT,CP00,2013-11-01,0.3
MT,CP00,2013-12-01,1.0
MT,CP00,2014-01-01,0.9
MT,CP00,2014-02-01,1.6
MT,CP00,2014-03-01,1.4
MT,CP00,2014-04-01,0.5
MT,CP00,2014-05-01,0.4
MT,CP00,2014-06-01,0.7
MT,CP00,2014-07-01,0.6
MT,CP00,2014-08-01,0.8
MT,CP00,2014-09-01,0.6
MT,CP00,2014-10-01,0.7
MT,CP00,2014-11-01,0.6
MT,CP00,2014-12-01,0.4
MT,CP00,2015-01-01,0.8
MT,CP00,2015-02-01,0.5
MT,CP00,2015-03-01,0.5
MT,CP00,2015-04-01,1.4
MT,CP00,2015-05-01,1.3
MT,CP00,2015-06-01,1.1
MT,CP00,2015-07-01,1.2
MT,CP00,2015-08-01,1.4
MT,CP00,2015-09-01,1.6
MT,CP00,2015-10-01,1.6
MT,CP00,2015-11-01,1.3
MT,CP00,2015-12-01,1.2
MT,CP00,2016-01-01,0.8
MT,CP00,2016-02-01,1.0
MT,CP00,2016-03-01,1.0
MT,CP00,2016-04-01,0.8
MT,CP00,2016-05-01,1.0
MT,CP00,2016-06-01,1.0
MT,CP00,2016-07-01,0.9
MT,CP00,2016-08-01,1.0
MT,CP00,2016-09-01,0.9
MT,CP00,2016-10-01,0.5
MT,CP00,2016-11-01,0.8
MT,CP00,2016-12-01,1.0
MT,CP00,2017-01-01,1.5
MT,CP00,2017-02-01,1.2
MT,CP00,2017-03-01,1.1
MT,CP00,2017-04-01,1.1
MT,CP00,2017-05-01,1.1
MT,CP00,2017-06-01,1.0
MT,CP00,2017-07-01,1.2
MT,CP00,2017-08-01,1.2
MT,CP00,2017-09-01,1.2
MT,CP00,2017-10-01,1.5
MT,CP00,2017-11-01,1.5
MT,CP00,2017-12-01,1.3
MT,CP00,2018-01-01,1.2
MT,CP00,2018-02-01,1.3
MT,CP00,2018-03-01,1.3
MT,CP00,2018-04-01,1.4
MT,CP00,2018-05-01,1.7
MT,CP00,2018-06-01,2.0
MT,CP00,2018-07-01,2.1
MT,CP00,2018-08-01,2.4
MT,CP00,2018-09-01,2.5
MT,CP00,2018-10-01,2.1
MT,CP00,2018-11-01,1.4
MT,CP00,2018-12-01,1.2
MT,CP00,2019-01-01,0.9
MT,CP00,2019-02-01,1.3
MT,CP00,2019-03-01,1.3
MT,CP00,2019-04-01,1.7
MT,CP00,2019-05-01,1.7
MT,CP00,2019-06-01,1.8
MT,CP00,2019-07-01,1.8
MT,CP00,2019-08-01,1.9
MT,CP00,2019-09-01,1.6
MT,CP00,2019-10-01,1.4
MT,CP00,2019-11-01,1.3
MT,CP00,2019-12-01,1.3
MT,CP00,2020-01-01,1.4
MT,CP00,2020-02-01,1.1
MT,CP00,2020-03-01,1.2
MT,CP00,2020-04-01,1.1
MT,CP00,2020-05-01,0.9
MT,CP00,2020-06-01,1.0
MT,CP00,2020-07-01,0.7
MT,CP00,2020-08-01,0.7
MT,CP00,2020-09-01,0.5
MT,CP00,2020-10-01,0.6
MT,CP00,2020-11-01,0.2
MT,CP00,2020-12-01,0.2
MT,CP00,2021-01-01,0.2
MT,CP00,2021-02-01,0.1
MT,CP00,2021-03-01,0.1
MT,CP00,2021-04-01,0.1
MT,CP00,2021-05-01,0.2
MT,CP00,2021-06-01,0.1
MT,CP00,2021-07-01,0.3
MT,CP00,2021-08-01,0.4
MT,CP00,2021-09-01,0.7
MT,CP00,2021-10-01,1.4
MT,CP00,2021-11-01,2.4
MT,CP00,2021-12-01,2.6
MT,CP00,2022-01-01,4.1
MT,CP00,2022-02-01,4.2
MT,CP00,2022-03-01,4.5
MT,CP00,2022-04-01,5.4
MT,CP00,2022-05-01,5.8
MT,CP00,2022-06-01,6.1
MT,CP00,2022-07-01,6.8
MT,CP00,2022-08-01,7.0
MT,CP00,2022-09-01,7.4
MT,CP00,2022-10-01,7.4
MT,CP00,2022-11-01,7.2
MT,CP00,2022-12-01,7.3
MT,CP00,2023-01-01,6.8
MT,CP00,2023-02-01,7.0
MT,CP00,2023-03-01,7.1
MT,CP00,2023-04-01,6.4
MT,CP00,2023-05-01,6.3
MT,CP00,2023-06-01,6.2
MT,CP00,2023-07-01,5.6
MT,CP00,2023-08-01,5.0
MT,CP00,2023-09-01,4.9
MT,CP00,2023-10-01,4.2
MT,CP00,2023-11-01,3.9
MT,CP00,2023-12-01,3.7
MT,CP00,2024-01-01,3.7
MT,CP00,2024-02-01,3.0
MT,CP00,2024-03-01,2.6
MT,CP00,2024-04-01,2.4
MT,CP00,2024-05-01,2.3
MT,CP00,2024-06-01,2.2
MT,CP00,2024-07-01,2.3
MT,CP00,2024-08-01,2.4
MT,CP00,2024-09-01,2.1
MT,CP00,2024-10-01,2.4
MT,CP00,2024-11-01,2.1
MT,CP00,2024-12-01,1.8
MT,CP00,2025-01-01,1.8
MT,CP00,2025-02-01,2.0
MT,CP00,2025-03-01,2.2
MT,CP00,2025-04-01,2.6
MT,CP00,2025-05-01,2.7
MT,CP00,2025-06-01,2.5
MT,CP00,2025-07-01,2.5
MT,CP00,2025-08-01,2.7
MT,CP00,2025-09-01,2.4
MT,CP00,2025-10-01,2.5
MT,CP00,2025-11-01,2.4
MT,CP00,2025-12-01,2.5
MT,CP00,2026-01-01,2.3
MT,CP00,2026-02-01,2.3
NL,CP00,1996-02-01,
NL,CP00,1996-03-01,
NL,CP00,1996-04-01,
NL,CP00,1996-05-01,
NL,CP00,1996-06-01,
NL,CP00,1996-07-01,
NL,CP00,1996-08-01,
NL,CP00,1996-09-01,
NL,CP00,1996-10-01,
NL,CP00,1996-11-01,
NL,CP00,1996-12-01,
NL,CP00,1997-01-01,1.7
NL,CP00,1997-02-01,1.4
NL,CP00,1997-03-01,1.2
NL,CP00,1997-04-01,1.0
NL,CP00,1997-05-01,1.6
NL,CP00,1997-06-01,1.5
NL,CP00,1997-07-01,1.9
NL,CP00,1997-08-01,2.5
NL,CP00,1997-09-01,2.5
NL,CP00,1997-10-01,2.3
NL,CP00,1997-11-01,2.5
NL,CP00,1997-12-01,2.2
NL,CP00,1998-01-01,1.6
NL,CP00,1998-02-01,2.1
NL,CP00,1998-03-01,2.2
NL,CP00,1998-04-01,2.5
NL,CP00,1998-05-01,2.1
NL,CP00,1998-06-01,2.2
NL,CP00,1998-07-01,1.8
NL,CP00,1998-08-01,1.4
NL,CP00,1998-09-01,1.3
NL,CP00,1998-10-01,1.5
NL,CP00,1998-11-01,1.5
NL,CP00,1998-12-01,1.5
NL,CP00,1999-01-01,2.1
NL,CP00,1999-02-01,2.0
NL,CP00,1999-03-01,2.0
NL,CP00,1999-04-01,1.9
NL,CP00,1999-05-01,2.1
NL,CP00,1999-06-01,2.1
NL,CP00,1999-07-01,1.8
NL,CP00,1999-08-01,2.5
NL,CP00,1999-09-01,2.0
NL,CP00,1999-10-01,1.8
NL,CP00,1999-11-01,2.0
NL,CP00,1999-12-01,1.9
NL,CP00,2000-01-01,1.6
NL,CP00,2000-02-01,1.5
NL,CP00,2000-03-01,1.6
NL,CP00,2000-04-01,1.7
NL,CP00,2000-05-01,2.0
NL,CP00,2000-06-01,2.4
NL,CP00,2000-07-01,2.8
NL,CP00,2000-08-01,2.4
NL,CP00,2000-09-01,2.9
NL,CP00,2000-10-01,3.2
NL,CP00,2000-11-01,2.9
NL,CP00,2000-12-01,2.9
NL,CP00,2001-01-01,4.6
NL,CP00,2001-02-01,5.0
NL,CP00,2001-03-01,5.0
NL,CP00,2001-04-01,5.4
NL,CP00,2001-05-01,5.5
NL,CP00,2001-06-01,5.1
NL,CP00,2001-07-01,5.3
NL,CP00,2001-08-01,5.2
NL,CP00,2001-09-01,5.3
NL,CP00,2001-10-01,5.0
NL,CP00,2001-11-01,4.8
NL,CP00,2001-12-01,5.2
NL,CP00,2002-01-01,4.9
NL,CP00,2002-02-01,4.5
NL,CP00,2002-03-01,4.3
NL,CP00,2002-04-01,4.2
NL,CP00,2002-05-01,3.8
NL,CP00,2002-06-01,3.8
NL,CP00,2002-07-01,3.7
NL,CP00,2002-08-01,3.7
NL,CP00,2002-09-01,3.6
NL,CP00,2002-10-01,3.4
NL,CP00,2002-11-01,3.3
NL,CP00,2002-12-01,3.2
NL,CP00,2003-01-01,2.7
NL,CP00,2003-02-01,2.9
NL,CP00,2003-03-01,2.8
NL,CP00,2003-04-01,2.2
NL,CP00,2003-05-01,2.2
NL,CP00,2003-06-01,2.1
NL,CP00,2003-07-01,2.1
NL,CP00,2003-08-01,2.2
NL,CP00,2003-09-01,2.1
NL,CP00,2003-10-01,1.9
NL,CP00,2003-11-01,2.0
NL,CP00,2003-12-01,1.6
NL,CP00,2004-01-01,1.5
NL,CP00,2004-02-01,1.3
NL,CP00,2004-03-01,1.3
NL,CP00,2004-04-01,1.5
NL,CP00,2004-05-01,1.7
NL,CP00,2004-06-01,1.5
NL,CP00,2004-07-01,1.2
NL,CP00,2004-08-01,1.2
NL,CP00,2004-09-01,1.2
NL,CP00,2004-10-01,1.5
NL,CP00,2004-11-01,1.5
NL,CP00,2004-12-01,1.3
NL,CP00,2005-01-01,1.3
NL,CP00,2005-02-01,1.5
NL,CP00,2005-03-01,1.5
NL,CP00,2005-04-01,1.3
NL,CP00,2005-05-01,1.1
NL,CP00,2005-06-01,1.4
NL,CP00,2005-07-01,1.5
NL,CP00,2005-08-01,1.7
NL,CP00,2005-09-01,1.6
NL,CP00,2005-10-01,1.5
NL,CP00,2005-11-01,1.6
NL,CP00,2005-12-01,2.0
NL,CP00,2006-01-01,1.7
NL,CP00,2006-02-01,1.5
NL,CP00,2006-03-01,1.4
NL,CP00,2006-04-01,1.8
NL,CP00,2006-05-01,1.8
NL,CP00,2006-06-01,1.8
NL,CP00,2006-07-01,1.8
NL,CP00,2006-08-01,1.9
NL,CP00,2006-09-01,1.5
NL,CP00,2006-10-01,1.4
NL,CP00,2006-11-01,1.6
NL,CP00,2006-12-01,1.7
NL,CP00,2007-01-01,1.2
NL,CP00,2007-02-01,1.4
NL,CP00,2007-03-01,1.9
NL,CP00,2007-04-01,1.9
NL,CP00,2007-05-01,2.0
NL,CP00,2007-06-01,1.8
NL,CP00,2007-07-01,1.4
NL,CP00,2007-08-01,1.1
NL,CP00,2007-09-01,1.3
NL,CP00,2007-10-01,1.6
NL,CP00,2007-11-01,1.8
NL,CP00,2007-12-01,1.6
NL,CP00,2008-01-01,1.8
NL,CP00,2008-02-01,2.0
NL,CP00,2008-03-01,1.9
NL,CP00,2008-04-01,1.7
NL,CP00,2008-05-01,2.1
NL,CP00,2008-06-01,2.3
NL,CP00,2008-07-01,3.0
NL,CP00,2008-08-01,3.0
NL,CP00,2008-09-01,2.8
NL,CP00,2008-10-01,2.5
NL,CP00,2008-11-01,1.9
NL,CP00,2008-12-01,1.7
NL,CP00,2009-01-01,1.7
NL,CP00,2009-02-01,1.9
NL,CP00,2009-03-01,1.9
NL,CP00,2009-04-01,1.8
NL,CP00,2009-05-01,1.5
NL,CP00,2009-06-01,1.4
NL,CP00,2009-07-01,-0.1
NL,CP00,2009-08-01,-0.1
NL,CP00,2009-09-01,0.0
NL,CP00,2009-10-01,0.4
NL,CP00,2009-11-01,0.7
NL,CP00,2009-12-01,0.7
NL,CP00,2010-01-01,0.4
NL,CP00,2010-02-01,0.3
NL,CP00,2010-03-01,0.7
NL,CP00,2010-04-01,0.6
NL,CP00,2010-05-01,0.5
NL,CP00,2010-06-01,0.2
NL,CP00,2010-07-01,1.3
NL,CP00,2010-08-01,1.2
NL,CP00,2010-09-01,1.4
NL,CP00,2010-10-01,1.4
NL,CP00,2010-11-01,1.4
NL,CP00,2010-12-01,1.8
NL,CP00,2011-01-01,1.9
NL,CP00,2011-02-01,2.0
NL,CP00,2011-03-01,1.8
NL,CP00,2011-04-01,2.1
NL,CP00,2011-05-01,2.3
NL,CP00,2011-06-01,2.3
NL,CP00,2011-07-01,3.2
NL,CP00,2011-08-01,3.2
NL,CP00,2011-09-01,2.9
NL,CP00,2011-10-01,2.8
NL,CP00,2011-11-01,2.6
NL,CP00,2011-12-01,2.5
NL,CP00,2012-01-01,2.9
NL,CP00,2012-02-01,2.9
NL,CP00,2012-03-01,2.9
NL,CP00,2012-04-01,2.8
NL,CP00,2012-05-01,2.5
NL,CP00,2012-06-01,2.5
NL,CP00,2012-07-01,2.6
NL,CP00,2012-08-01,2.6
NL,CP00,2012-09-01,2.5
NL,CP00,2012-10-01,3.3
NL,CP00,2012-11-01,3.2
NL,CP00,2012-12-01,3.4
NL,CP00,2013-01-01,3.2
NL,CP00,2013-02-01,3.2
NL,CP00,2013-03-01,3.2
NL,CP00,2013-04-01,2.8
NL,CP00,2013-05-01,3.0
NL,CP00,2013-06-01,3.2
NL,CP00,2013-07-01,3.1
NL,CP00,2013-08-01,2.8
NL,CP00,2013-09-01,2.4
NL,CP00,2013-10-01,1.3
NL,CP00,2013-11-01,1.2
NL,CP00,2013-12-01,1.4
NL,CP00,2014-01-01,0.8
NL,CP00,2014-02-01,0.4
NL,CP00,2014-03-01,0.1
NL,CP00,2014-04-01,0.6
NL,CP00,2014-05-01,0.1
NL,CP00,2014-06-01,0.3
NL,CP00,2014-07-01,0.3
NL,CP00,2014-08-01,0.4
NL,CP00,2014-09-01,0.2
NL,CP00,2014-10-01,0.4
NL,CP00,2014-11-01,0.3
NL,CP00,2014-12-01,-0.1
NL,CP00,2015-01-01,-0.7
NL,CP00,2015-02-01,-0.5
NL,CP00,2015-03-01,-0.3
NL,CP00,2015-04-01,0.0
NL,CP00,2015-05-01,0.7
NL,CP00,2015-06-01,0.5
NL,CP00,2015-07-01,0.8
NL,CP00,2015-08-01,0.4
NL,CP00,2015-09-01,0.3
NL,CP00,2015-10-01,0.4
NL,CP00,2015-11-01,0.4
NL,CP00,2015-12-01,0.5
NL,CP00,2016-01-01,0.2
NL,CP00,2016-02-01,0.3
NL,CP00,2016-03-01,0.5
NL,CP00,2016-04-01,-0.2
NL,CP00,2016-05-01,-0.2
NL,CP00,2016-06-01,-0.2
NL,CP00,2016-07-01,-0.6
NL,CP00,2016-08-01,0.1
NL,CP00,2016-09-01,-0.1
NL,CP00,2016-10-01,0.3
NL,CP00,2016-11-01,0.4
NL,CP00,2016-12-01,0.8
NL,CP00,2017-01-01,1.6
NL,CP00,2017-02-01,1.7
NL,CP00,2017-03-01,0.6
NL,CP00,2017-04-01,1.4
NL,CP00,2017-05-01,0.7
NL,CP00,2017-06-01,1.0
NL,CP00,2017-07-01,1.5
NL,CP00,2017-08-01,1.5
NL,CP00,2017-09-01,1.4
NL,CP00,2017-10-01,1.3
NL,CP00,2017-11-01,1.5
NL,CP00,2017-12-01,1.2
NL,CP00,2018-01-01,1.5
NL,CP00,2018-02-01,1.2
NL,CP00,2018-03-01,1.0
NL,CP00,2018-04-01,1.0
NL,CP00,2018-05-01,1.9
NL,CP00,2018-06-01,1.7
NL,CP00,2018-07-01,1.9
NL,CP00,2018-08-01,1.9
NL,CP00,2018-09-01,1.6
NL,CP00,2018-10-01,1.9
NL,CP00,2018-11-01,1.8
NL,CP00,2018-12-01,1.8
NL,CP00,2019-01-01,2.0
NL,CP00,2019-02-01,2.6
NL,CP00,2019-03-01,2.9
NL,CP00,2019-04-01,3.0
NL,CP00,2019-05-01,2.3
NL,CP00,2019-06-01,2.7
NL,CP00,2019-07-01,2.6
NL,CP00,2019-08-01,3.1
NL,CP00,2019-09-01,2.7
NL,CP00,2019-10-01,2.8
NL,CP00,2019-11-01,2.5
NL,CP00,2019-12-01,2.8
NL,CP00,2020-01-01,1.7
NL,CP00,2020-02-01,1.3
NL,CP00,2020-03-01,1.1
NL,CP00,2020-04-01,1.0
NL,CP00,2020-05-01,1.1
NL,CP00,2020-06-01,1.7
NL,CP00,2020-07-01,1.6
SK,CP00,1999-07-01,13.6
SK,CP00,1999-08-01,14.4
SK,CP00,1999-09-01,14.6
SK,CP00,1999-10-01,13.8
SK,CP00,1999-11-01,13.8
SK,CP00,1999-12-01,14.1
SK,CP00,2000-01-01,13.7
SK,CP00,2000-02-01,16.7
SK,CP00,2000-03-01,16.8
SK,CP00,2000-04-01,16.2
SK,CP00,2000-05-01,16.3
SK,CP00,2000-06-01,15.7
SK,CP00,2000-07-01,9.3
SK,CP00,2000-08-01,8.8
SK,CP00,2000-09-01,8.8
SK,CP00,2000-10-01,8.7
SK,CP00,2000-11-01,8.6
SK,CP00,2000-12-01,8.4
SK,CP00,2001-01-01,7.5
SK,CP00,2001-02-01,6.3
SK,CP00,2001-03-01,6.6
SK,CP00,2001-04-01,7.1
SK,CP00,2001-05-01,7.3
SK,CP00,2001-06-01,7.5
SK,CP00,2001-07-01,8.0
SK,CP00,2001-08-01,7.7
SK,CP00,2001-09-01,7.4
SK,CP00,2001-10-01,6.9
SK,CP00,2001-11-01,6.8
SK,CP00,2001-12-01,6.7
SK,CP00,2002-01-01,6.5
SK,CP00,2002-02-01,4.4
SK,CP00,2002-03-01,3.7
SK,CP00,2002-04-01,3.7
SK,CP00,2002-05-01,3.3
SK,CP00,2002-06-01,2.8
SK,CP00,2002-07-01,2.2
SK,CP00,2002-08-01,3.0
SK,CP00,2002-09-01,3.1
SK,CP00,2002-10-01,3.3
SK,CP00,2002-11-01,3.0
SK,CP00,2002-12-01,3.2
SK,CP00,2003-01-01,7.1
SK,CP00,2003-02-01,7.4
SK,CP00,2003-03-01,8.0
SK,CP00,2003-04-01,7.7
SK,CP00,2003-05-01,7.6
SK,CP00,2003-06-01,8.3
SK,CP00,2003-07-01,8.5
SK,CP00,2003-08-01,9.0
SK,CP00,2003-09-01,9.3
SK,CP00,2003-10-01,9.3
SK,CP00,2003-11-01,9.5
SK,CP00,2003-12-01,9.3
SK,CP00,2004-01-01,8.3
SK,CP00,2004-02-01,8.4
SK,CP00,2004-03-01,8.0
SK,CP00,2004-04-01,7.9
SK,CP00,2004-05-01,8.2
SK,CP00,2004-06-01,8.2
SK,CP00,2004-07-01,8.4
SK,CP00,2004-08-01,7.1
SK,CP00,2004-09-01,6.6
SK,CP00,2004-10-01,6.6
SK,CP00,2004-11-01,6.2
SK,CP00,2004-12-01,5.9
SK,CP00,2005-01-01,3.2
SK,CP00,2005-02-01,2.7
SK,CP00,2005-03-01,2.4
SK,CP00,2005-04-01,2.6
SK,CP00,2005-05-01,2.4
SK,CP00,2005-06-01,2.6
SK,CP00,2005-07-01,2.1
SK,CP00,2005-08-01,2.1
SK,CP00,2005-09-01,2.3
SK,CP00,2005-10-01,3.5
SK,CP00,2005-11-01,3.6
SK,CP00,2005-12-01,3.8
SK,CP00,2006-01-01,4.1
SK,CP00,2006-02-01,4.3
SK,CP00,2006-03-01,4.3
SK,CP00,2006-04-01,4.4
SK,CP00,2006-05-01,4.8
SK,CP00,2006-06-01,4.5
SK,CP00,2006-07-01,5.0
SK,CP00,2006-08-01,5.0
SK,CP00,2006-09-01,4.5
SK,CP00,2006-10-01,3.1
SK,CP00,2006-11-01,3.6
SK,CP00,2006-12-01,3.7
SK,CP00,2007-01-01,2.2
SK,CP00,2007-02-01,2.0
SK,CP00,2007-03-01,2.0
SK,CP00,2007-04-01,2.0
SK,CP00,2007-05-01,1.5
SK,CP00,2007-06-01,1.4
SK,CP00,2007-07-01,1.2
SK,CP00,2007-08-01,1.3
SK,CP00,2007-09-01,1.7
SK,CP00,2007-10-01,2.4
SK,CP00,2007-11-01,2.3
SK,CP00,2007-12-01,2.5
SK,CP00,2008-01-01,3.2
SK,CP00,2008-02-01,3.4
SK,CP00,2008-03-01,3.6
SK,CP00,2008-04-01,3.7
SK,CP00,2008-05-01,4.0
SK,CP00,2008-06-01,4.3
SK,CP00,2008-07-01,4.4
SK,CP00,2008-08-01,4.4
SK,CP00,2008-09-01,4.6
SK,CP00,2008-10-01,4.2
SK,CP00,2008-11-01,3.9
SK,CP00,2008-12-01,3.5
SK,CP00,2009-01-01,2.7
SK,CP00,2009-02-01,2.4
SK,CP00,2009-03-01,1.8
SK,CP00,2009-04-01,1.4
SK,CP00,2009-05-01,1.1
SK,CP00,2009-06-01,0.7
SK,CP00,2009-07-01,0.6
SK,CP00,2009-08-01,0.5
SK,CP00,2009-09-01,0.0
SK,CP00,2009-10-01,-0.1
SK,CP00,2009-11-01,0.0
SK,CP00,2009-12-01,0.0
SK,CP00,2010-01-01,-0.2
SK,CP00,2010-02-01,-0.1
SK,CP00,2010-03-01,0.3
SK,CP00,2010-04-01,0.7
SK,CP00,2010-05-01,0.7
SK,CP00,2010-06-01,0.7
SK,CP00,2010-07-01,1.0
SK,CP00,2010-08-01,1.1
SK,CP00,2010-09-01,1.1
SK,CP00,2010-10-01,1.0
SK,CP00,2010-11-01,0.9
SK,CP00,2010-12-01,1.3
SK,CP00,2011-01-01,3.2
SK,CP00,2011-02-01,3.5
SK,CP00,2011-03-01,3.8
SK,CP00,2011-04-01,3.9
SK,CP00,2011-05-01,4.2
SK,CP00,2011-06-01,4.1
SK,CP00,2011-07-01,3.8
SK,CP00,2011-08-01,4.1
SK,CP00,2011-09-01,4.4
SK,CP00,2011-10-01,4.6
SK,CP00,2011-11-01,4.8
SK,CP00,2011-12-01,4.6
SK,CP00,2012-01-01,4.1
SK,CP00,2012-02-01,4.0
SK,CP00,2012-03-01,3.9
SK,CP00,2012-04-01,3.7
SK,CP00,2012-05-01,3.4
SK,CP00,2012-06-01,3.7
SK,CP00,2012-07-01,3.9
SK,CP00,2012-08-01,3.8
SK,CP00,2012-09-01,3.8
SK,CP00,2012-10-01,3.9
SK,CP00,2012-11-01,3.5
SK,CP00,2012-12-01,3.4
SK,CP00,2013-01-01,2.5
SK,CP00,2013-02-01,2.2
SK,CP00,2013-03-01,2.0
SK,CP00,2013-04-01,1.7
SK,CP00,2013-05-01,1.8
SK,CP00,2013-06-01,1.7
SK,CP00,2013-07-01,1.6
SK,CP00,2013-08-01,1.4
SK,CP00,2013-09-01,1.1
SK,CP00,2013-10-01,0.7
SK,CP00,2013-11-01,0.5
SK,CP00,2013-12-01,0.4
SK,CP00,2014-01-01,0.0
SK,CP00,2014-02-01,-0.1
SK,CP00,2014-03-01,-0.2
SK,CP00,2014-04-01,-0.2
SK,CP00,2014-05-01,0.0
SK,CP00,2014-06-01,-0.1
SK,CP00,2014-07-01,-0.1
SK,CP00,2014-08-01,-0.2
SK,CP00,2014-09-01,-0.1
SK,CP00,2014-10-01,0.0
SK,CP00,2014-11-01,0.0
SK,CP00,2014-12-01,-0.1
SK,CP00,2015-01-01,-0.5
SK,CP00,2015-02-01,-0.6
SK,CP00,2015-03-01,-0.4
SK,CP00,2015-04-01,-0.1
SK,CP00,2015-05-01,-0.1
SK,CP00,2015-06-01,-0.1
SK,CP00,2015-07-01,-0.2
SK,CP00,2015-08-01,-0.2
SK,CP00,2015-09-01,-0.5
SK,CP00,2015-10-01,-0.5
SK,CP00,2015-11-01,-0.4
SK,CP00,2015-12-01,-0.4
SK,CP00,2016-01-01,-0.6
SK,CP00,2016-02-01,-0.3
SK,CP00,2016-03-01,-0.5
SK,CP00,2016-04-01,-0.4
SK,CP00,2016-05-01,-0.8
SK,CP00,2016-06-01,-0.7
SK,CP00,2016-07-01,-0.9
SK,CP00,2016-08-01,-0.8
SK,CP00,2016-09-01,-0.5
SK,CP00,2016-10-01,-0.3
SK,CP00,2016-11-01,-0.2
SK,CP00,2016-12-01,0.2
SK,CP00,2017-01-01,0.8
SK,CP00,2017-02-01,1.2
SK,CP00,2017-03-01,1.0
SK,CP00,2017-04-01,0.8
SK,CP00,2017-05-01,1.1
SK,CP00,2017-06-01,1.0
SK,CP00,2017-07-01,1.5
SK,CP00,2017-08-01,1.6
SK,CP00,2017-09-01,1.8
SK,CP00,2017-10-01,1.8
SK,CP00,2017-11-01,2.1
SK,CP00,2017-12-01,2.0
SK,CP00,2018-01-01,2.6
SK,CP00,2018-02-01,2.2
SK,CP00,2018-03-01,2.5
SK,CP00,2018-04-01,3.0
SK,CP00,2018-05-01,2.7
SK,CP00,2018-06-01,2.9
SK,CP00,2018-07-01,2.6
SK,CP00,2018-08-01,2.9
SK,CP00,2018-09-01,2.7
SK,CP00,2018-10-01,2.5
SK,CP00,2018-11-01,2.0
SK,CP00,2018-12-01,1.9
SK,CP00,2019-01-01,2.2
SK,CP00,2019-02-01,2.3
SK,CP00,2019-03-01,2.7
SK,CP00,2019-04-01,2.4
SK,CP00,2019-05-01,2.7
SK,CP00,2019-06-01,2.7
SK,CP00,2019-07-01,3.0
SK,CP00,2019-08-01,3.0
SK,CP00,2019-09-01,3.0
SK,CP00,2019-10-01,2.9
SK,CP00,2019-11-01,3.2
SK,CP00,2019-12-01,3.2
SK,CP00,2020-01-01,3.2
SK,CP00,2020-02-01,3.1
SK,CP00,2020-03-01,2.4
SK,CP00,2020-04-01,2.1
SK,CP00,2020-05-01,2.1
SK,CP00,2020-06-01,1.8
SK,CP00,2020-07-01,1.8
SK,CP00,2020-08-01,1.4
SK,CP00,2020-09-01,1.4
SK,CP00,2020-10-01,1.6
SK,CP00,2020-11-01,1.6
SK,CP00,2020-12-01,1.6
SK,CP00,2021-01-01,0.7
SK,CP00,2021-02-01,0.9
SK,CP00,2021-03-01,1.5
SK,CP00,2021-04-01,1.7
SK,CP00,2021-05-01,2.0
SK,CP00,2021-06-01,2.5
SK,CP00,2021-07-01,2.9
SK,CP00,2021-08-01,3.3
SK,CP00,2021-09-01,4.0
SK,CP00,2021-10-01,4.4
SK,CP00,2021-11-01,4.8
SK,CP00,2021-12-01,5.1
SK,CP00,2022-01-01,7.7
SK,CP00,2022-02-01,8.3
SK,CP00,2022-03-01,9.6
SK,CP00,2022-04-01,10.9
SK,CP00,2022-05-01,11.8
SK,CP00,2022-06-01,12.6
SK,CP00,2022-07-01,12.8
SK,CP00,2022-08-01,13.4
SK,CP00,2022-09-01,13.6
SK,CP00,2022-10-01,14.5
SK,CP00,2022-11-01,15.1
SK,CP00,2022-12-01,15.0
SK,CP00,2023-01-01,15.1
SK,CP00,2023-02-01,15.4
SK,CP00,2023-03-01,14.8
SK,CP00,2023-04-01,14.0
SK,CP00,2023-05-01,12.3
SK,CP00,2023-06-01,11.3
SK,CP00,2023-07-01,10.3
SK,CP00,2023-08-01,9.6
SK,CP00,2023-09-01,9.0
SK,CP00,2023-10-01,7.8
SK,CP00,2023-11-01,6.9
SK,CP00,2023-12-01,6.6
SK,CP00,2024-01-01,4.4
SK,CP00,2024-02-01,3.8
SK,CP00,2024-03-01,2.7
SK,CP00,2024-04-01,2.4
SK,CP00,2024-05-01,2.6
SK,CP00,2024-06-01,2.4
SK,CP00,2024-07-01,3.0
SK,CP00,2024-08-01,3.2
SK,CP00,2024-09-01,2.9
SK,CP00,2024-10-01,3.5
SK,CP00,2024-11-01,3.6
SK,CP00,2024-12-01,3.2
SK,CP00,2025-01-01,4.3
SK,CP00,2025-02-01,4.1
SK,CP00,2025-03-01,4.2
SK,CP00,2025-04-01,3.9
SK,CP00,2025-05-01,4.3
SK,CP00,2025-06-01,4.6
SK,CP00,2025-07-01,4.6
SK,CP00,2025-08-01,4.4
SK,CP00,2025-09-01,4.6
SK,CP00,2025-10-01,3.9
SK,CP00,2025-11-01,3.9
SK,CP00,2025-12-01,4.1
SK,CP00,2026-01-01,4.3
SK,CP00,2026-02-01,4.0
SI,CP00,1996-02-01,
SI,CP00,1996-03-01,
SI,CP00,1996-04-01,
SI,CP00,1996-05-01,
SI,CP00,1996-06-01,
SI,CP00,1996-07-01,
SI,CP00,1996-08-01,
SI,CP00,1996-09-01,
SI,CP00,1996-10-01,
SI,CP00,1996-11-01,
SI,CP00,1996-12-01,
SI,CP00,1997-01-01,8.9
SI,CP00,1997-02-01,8.3
SI,CP00,1997-03-01,7.2
SI,CP00,1997-04-01,6.9
SI,CP00,1997-05-01,8.0
SI,CP00,1997-06-01,7.8
SI,CP00,1997-07-01,8.2
SI,CP00,1997-08-01,8.9
SI,CP00,1997-09-01,9.1
SI,CP00,1997-10-01,8.7
SI,CP00,1997-11-01,9.0
SI,CP00,1997-12-01,8.9
SI,CP00,1998-01-01,8.9
SI,CP00,1998-02-01,9.0
SI,CP00,1998-03-01,9.5
SI,CP00,1998-04-01,9.1
SI,CP00,1998-05-01,8.4
SI,CP00,1998-06-01,8.2
SI,CP00,1998-07-01,7.6
SI,CP00,1998-08-01,7.7
SI,CP00,1998-09-01,7.1
SI,CP00,1998-10-01,6.8
SI,CP00,1998-11-01,6.5
SI,CP00,1998-12-01,6.4
SI,CP00,1999-01-01,6.1
SI,CP00,1999-02-01,5.6
SI,CP00,1999-03-01,5.1
SI,CP00,1999-04-01,4.5
SI,CP00,1999-05-01,4.2
SI,CP00,1999-06-01,4.3
SI,CP00,1999-07-01,6.0
SI,CP00,1999-08-01,6.7
SI,CP00,1999-09-01,7.4
SI,CP00,1999-10-01,7.6
SI,CP00,1999-11-01,7.8
SI,CP00,1999-12-01,8.1
SI,CP00,2000-01-01,7.8
SI,CP00,2000-02-01,8.4
SI,CP00,2000-03-01,9.0
SI,CP00,2000-04-01,9.3
SI,CP00,2000-05-01,9.1
SI,CP00,2000-06-01,9.8
SI,CP00,2000-07-01,8.9
SI,CP00,2000-08-01,8.3
SI,CP00,2000-09-01,9.0
SI,CP00,2000-10-01,9.1
SI,CP00,2000-11-01,9.8
SI,CP00,2000-12-01,8.9
SI,CP00,2001-01-01,8.5
SI,CP00,2001-02-01,8.8
SI,CP00,2001-03-01,9.0
SI,CP00,2001-04-01,9.1
SI,CP00,2001-05-01,10.0
SI,CP00,2001-06-01,9.8
SI,CP00,2001-07-01,9.1
SI,CP00,2001-08-01,8.8
SI,CP00,2001-09-01,8.2
SI,CP00,2001-10-01,8.1
SI,CP00,2001-11-01,7.2
SI,CP00,2001-12-01,7.0
SI,CP00,2002-01-01,8.4
SI,CP00,2002-02-01,7.9
SI,CP00,2002-03-01,7.6
SI,CP00,2002-04-01,8.4
SI,CP00,2002-05-01,7.6
SI,CP00,2002-06-01,6.9
SI,CP00,2002-07-01,7.5
SI,CP00,2002-08-01,7.7
SI,CP00,2002-09-01,7.2
SI,CP00,2002-10-01,7.0
SI,CP00,2002-11-01,6.5
SI,CP00,2002-12-01,7.2
SI,CP00,2003-01-01,6.7
SI,CP00,2003-02-01,6.4
SI,CP00,2003-03-01,6.3
SI,CP00,2003-04-01,5.3
SI,CP00,2003-05-01,5.5
SI,CP00,2003-06-01,6.2
SI,CP00,2003-07-01,6.0
SI,CP00,2003-08-01,5.6
SI,CP00,2003-09-01,5.0
SI,CP00,2003-10-01,4.9
SI,CP00,2003-11-01,5.2
SI,CP00,2003-12-01,4.7
SI,CP00,2004-01-01,4.0
SI,CP00,2004-02-01,3.6
SI,CP00,2004-03-01,3.5
SI,CP00,2004-04-01,3.6
SI,CP00,2004-05-01,3.9
SI,CP00,2004-06-01,3.9
SI,CP00,2004-07-01,3.8
SI,CP00,2004-08-01,3.7
SI,CP00,2004-09-01,3.4
SI,CP00,2004-10-01,3.4
SI,CP00,2004-11-01,3.8
SI,CP00,2004-12-01,3.3
SI,CP00,2005-01-01,2.3
SI,CP00,2005-02-01,2.8
SI,CP00,2005-03-01,3.2
SI,CP00,2005-04-01,2.7
SI,CP00,2005-05-01,2.1
SI,CP00,2005-06-01,1.7
SI,CP00,2005-07-01,1.9
SI,CP00,2005-08-01,1.8
SI,CP00,2005-09-01,3.1
SI,CP00,2005-10-01,3.1
SI,CP00,2005-11-01,2.0
SI,CP00,2005-12-01,2.4
SI,CP00,2006-01-01,2.6
SI,CP00,2006-02-01,2.3
SI,CP00,2006-03-01,1.9
SI,CP00,2006-04-01,2.8
SI,CP00,2006-05-01,3.4
SI,CP00,2006-06-01,3.0
SI,CP00,2006-07-01,2.0
SI,CP00,2006-08-01,3.1
SI,CP00,2006-09-01,2.5
SI,CP00,2006-10-01,1.6
SI,CP00,2006-11-01,2.5
SI,CP00,2006-12-01,3.0
SI,CP00,2007-01-01,2.8
SI,CP00,2007-02-01,2.4
SI,CP00,2007-03-01,2.7
SI,CP00,2007-04-01,2.9
SI,CP00,2007-05-01,3.2
SI,CP00,2007-06-01,3.8
SI,CP00,2007-07-01,4.0
SI,CP00,2007-08-01,3.5
SI,CP00,2007-09-01,3.6
SI,CP00,2007-10-01,5.1
SI,CP00,2007-11-01,5.8
SI,CP00,2007-12-01,5.7
SI,CP00,2008-01-01,6.4
SI,CP00,2008-02-01,6.3
SI,CP00,2008-03-01,6.6
SI,CP00,2008-04-01,6.2
SI,CP00,2008-05-01,6.2
SI,CP00,2008-06-01,6.8
SI,CP00,2008-07-01,6.9
SI,CP00,2008-08-01,6.0
SI,CP00,2008-09-01,5.5
SI,CP00,2008-10-01,4.8
SI,CP00,2008-11-01,2.9
SI,CP00,2008-12-01,1.8
SI,CP00,2009-01-01,1.4
SI,CP00,2009-02-01,2.1
SI,CP00,2009-03-01,1.6
SI,CP00,2009-04-01,1.1
SI,CP00,2009-05-01,0.5
SI,CP00,2009-06-01,0.2
SI,CP00,2009-07-01,-0.6
SI,CP00,2009-08-01,0.1
SI,CP00,2009-09-01,0.0
SI,CP00,2009-10-01,0.2
SI,CP00,2009-11-01,1.8
SI,CP00,2009-12-01,2.1
SI,CP00,2010-01-01,1.8
SI,CP00,2010-02-01,1.5
SI,CP00,2010-03-01,1.7
SI,CP00,2010-04-01,2.6
SI,CP00,2010-05-01,2.4
SI,CP00,2010-06-01,2.1
SI,CP00,2010-07-01,2.3
SI,CP00,2010-08-01,2.4
SI,CP00,2010-09-01,2.0
SI,CP00,2010-10-01,2.0
SI,CP00,2010-11-01,1.6
SI,CP00,2010-12-01,2.2
SI,CP00,2011-01-01,2.3
SI,CP00,2011-02-01,2.0
SI,CP00,2011-03-01,2.3
SI,CP00,2011-04-01,2.0
SI,CP00,2011-05-01,2.4
SI,CP00,2011-06-01,1.5
SI,CP00,2011-07-01,1.1
SI,CP00,2011-08-01,1.2
SI,CP00,2011-09-01,2.3
SI,CP00,2011-10-01,2.9
SI,CP00,2011-11-01,2.8
SI,CP00,2011-12-01,2.1
SI,CP00,2012-01-01,2.2
SI,CP00,2012-02-01,2.8
SI,CP00,2012-03-01,2.5
SI,CP00,2012-04-01,2.9
SI,CP00,2012-05-01,2.4
SI,CP00,2012-06-01,2.4
SI,CP00,2012-07-01,2.6
SI,CP00,2012-08-01,3.1
SI,CP00,2012-09-01,3.7
SI,CP00,2012-10-01,3.2
SI,CP00,2012-11-01,2.8
SI,CP00,2012-12-01,3.1
SI,CP00,2013-01-01,2.8
SI,CP00,2013-02-01,2.9
SI,CP00,2013-03-01,2.2
SI,CP00,2013-04-01,1.6
SI,CP00,2013-05-01,1.6
SI,CP00,2013-06-01,2.2
SI,CP00,2013-07-01,2.8
SI,CP00,2013-08-01,2.3
SI,CP00,2013-09-01,1.5
SI,CP00,2013-10-01,1.2
SI,CP00,2013-11-01,1.2
SI,CP00,2013-12-01,0.9
SI,CP00,2014-01-01,0.9
SI,CP00,2014-02-01,0.2
SI,CP00,2014-03-01,0.6
SI,CP00,2014-04-01,0.5
SI,CP00,2014-05-01,1.0
SI,CP00,2014-06-01,1.0
SI,CP00,2014-07-01,0.3
SI,CP00,2014-08-01,0.0
SI,CP00,2014-09-01,-0.1
SI,CP00,2014-10-01,0.0
SI,CP00,2014-11-01,0.1
SI,CP00,2014-12-01,-0.1
SI,CP00,2015-01-01,-0.7
SI,CP00,2015-02-01,-0.5
SI,CP00,2015-03-01,-0.4
SI,CP00,2015-04-01,-0.8
SI,CP00,2015-05-01,-0.8
SI,CP00,2015-06-01,-1.0
SI,CP00,2015-07-01,-0.7
SI,CP00,2015-08-01,-0.6
SI,CP00,2015-09-01,-1.0
SI,CP00,2015-10-01,-1.1
SI,CP00,2015-11-01,-0.9
SI,CP00,2015-12-01,-0.6
SI,CP00,2016-01-01,-0.8
SI,CP00,2016-02-01,-0.9
SI,CP00,2016-03-01,-0.9
SI,CP00,2016-04-01,-0.7
SI,CP00,2016-05-01,-0.5
SI,CP00,2016-06-01,0.1
SI,CP00,2016-07-01,-0.1
SI,CP00,2016-08-01,-0.2
SI,CP00,2016-09-01,0.2
SI,CP00,2016-10-01,0.7
SI,CP00,2016-11-01,0.7
SI,CP00,2016-12-01,0.6
SI,CP00,2017-01-01,1.5
SI,CP00,2017-02-01,2.5
SI,CP00,2017-03-01,2.0
SI,CP00,2017-04-01,1.7
SI,CP00,2017-05-01,1.5
SI,CP00,2017-06-01,0.9
SI,CP00,2017-07-01,1.2
SI,CP00,2017-08-01,1.4
SI,CP00,2017-09-01,1.4
SI,CP00,2017-10-01,1.3
SI,CP00,2017-11-01,1.4
SI,CP00,2017-12-01,1.9
SI,CP00,2018-01-01,1.7
SI,CP00,2018-02-01,1.4
SI,CP00,2018-03-01,1.5
SI,CP00,2018-04-01,1.9
SI,CP00,2018-05-01,2.2
SI,CP00,2018-06-01,2.4
SI,CP00,2018-07-01,2.1
SI,CP00,2018-08-01,2.0
SI,CP00,2018-09-01,2.2
SI,CP00,2018-10-01,2.3
SI,CP00,2018-11-01,2.1
SI,CP00,2018-12-01,1.4
SI,CP00,2019-01-01,1.2
SI,CP00,2019-02-01,1.2
SI,CP00,2019-03-01,1.6
SI,CP00,2019-04-01,1.8
SI,CP00,2019-05-01,1.6
SI,CP00,2019-06-01,1.9
SI,CP00,2019-07-01,2.0
SI,CP00,2019-08-01,2.4
SI,CP00,2019-09-01,1.7
SI,CP00,2019-10-01,1.5
SI,CP00,2019-11-01,1.4
SI,CP00,2019-12-01,2.0
SI,CP00,2020-01-01,2.3
SI,CP00,2020-02-01,2.0
SI,CP00,2020-03-01,0.7
SI,CP00,2020-04-01,-1.3
SI,CP00,2020-05-01,-1.4
SI,CP00,2020-06-01,-0.8
SI,CP00,2020-07-01,-0.3
SI,CP00,2020-08-01,-0.7
SI,CP00,2020-09-01,-0.7
SI,CP00,2020-10-01,-0.5
SI,CP00,2020-11-01,-1.2
SI,CP00,2020-12-01,-1.2
SI,CP00,2021-01-01,-0.9
SI,CP00,2021-02-01,-1.1
SI,CP00,2021-03-01,0.1
SI,CP00,2021-04-01,2.2
SI,CP00,2021-05-01,2.2
SI,CP00,2021-06-01,1.7
SI,CP00,2021-07-01,2.0
SI,CP00,2021-08-01,2.1
SI,CP00,2021-09-01,2.7
SI,CP00,2021-10-01,3.5
SI,CP00,2021-11-01,4.9
SI,CP00,2021-12-01,5.1
SI,CP00,2022-01-01,6.0
SI,CP00,2022-02-01,7.0
SI,CP00,2022-03-01,6.0
SI,CP00,2022-04-01,7.3
SI,CP00,2022-05-01,8.7
SI,CP00,2022-06-01,10.8
SI,CP00,2022-07-01,11.7
SI,CP00,2022-08-01,11.5
SI,CP00,2022-09-01,10.6
SI,CP00,2022-10-01,10.3
SI,CP00,2022-11-01,10.8
SI,CP00,2022-12-01,10.8
SI,CP00,2023-01-01,10.0
SI,CP00,2023-02-01,9.4
SI,CP00,2023-03-01,10.4
SI,CP00,2023-04-01,9.2
SI,CP00,2023-05-01,8.1
SI,CP00,2023-06-01,6.6
SI,CP00,2023-07-01,5.7
SI,CP00,2023-08-01,6.1
SI,CP00,2023-09-01,7.1
SI,CP00,2023-10-01,6.6
SI,CP00,2023-11-01,4.5
SI,CP00,2023-12-01,3.8
SI,CP00,2024-01-01,3.4
SI,CP00,2024-02-01,3.4
SI,CP00,2024-03-01,3.4
SI,CP00,2024-04-01,3.0
SI,CP00,2024-05-01,2.5
SI,CP00,2024-06-01,1.6
SI,CP00,2024-07-01,1.4
SI,CP00,2024-08-01,1.1
SI,CP00,2024-09-01,0.6
SI,CP00,2024-10-01,0.1
SI,CP00,2024-11-01,1.6
SI,CP00,2024-12-01,2.0
SI,CP00,2025-01-01,2.3
SI,CP00,2025-02-01,1.9
SI,CP00,2025-03-01,2.2
SI,CP00,2025-04-01,2.3
SI,CP00,2025-05-01,1.9
SI,CP00,2025-06-01,2.5
SI,CP00,2025-07-01,2.9
SI,CP00,2025-08-01,3.0
SI,CP00,2025-09-01,2.8
SI,CP00,2025-10-01,3.1
SI,CP00,2025-11-01,2.4
SI,CP00,2025-12-01,2.6
SI,CP00,2026-01-01,2.4
SI,CP00,2026-02-01,2.8
ES,CP00,1996-02-01,
ES,CP00,1996-03-01,
ES,CP00,1996-04-01,
ES,CP00,1996-05-01,
ES,CP00,1996-06-01,
ES,CP00,1996-07-01,
ES,CP00,1996-08-01,
ES,CP00,1996-09-01,
ES,CP00,1996-10-01,
ES,CP00,1996-11-01,
ES,CP00,1996-12-01,
ES,CP00,1997-01-01,2.8
ES,CP00,1997-02-01,2.5
ES,CP00,1997-03-01,2.2
ES,CP00,1997-04-01,1.6
ES,CP00,1997-05-01,1.3
ES,CP00,1997-06-01,1.4
ES,CP00,1997-07-01,1.5
ES,CP00,1997-08-01,1.7
ES,CP00,1997-09-01,1.9
ES,CP00,1997-10-01,1.8
ES,CP00,1997-11-01,1.9
ES,CP00,1997-12-01,1.9
ES,CP00,1998-01-01,1.9
ES,CP00,1998-02-01,1.7
ES,CP00,1998-03-01,1.7
ES,CP00,1998-04-01,1.9
ES,CP00,1998-05-01,2.0
ES,CP00,1998-06-01,2.0
ES,CP00,1998-07-01,2.3
ES,CP00,1998-08-01,2.1
ES,CP00,1998-09-01,1.6
ES,CP00,1998-10-01,1.6
ES,CP00,1998-11-01,1.4
ES,CP00,1998-12-01,1.3
ES,CP00,1999-01-01,1.5
ES,CP00,1999-02-01,1.9
ES,CP00,1999-03-01,2.1
ES,CP00,1999-04-01,2.3
ES,CP00,1999-05-01,2.1
ES,CP00,1999-06-01,2.1
ES,CP00,1999-07-01,2.1
ES,CP00,1999-08-01,2.3
ES,CP00,1999-09-01,2.5
ES,CP00,1999-10-01,2.4
ES,CP00,1999-11-01,2.7
ES,CP00,1999-12-01,2.8
ES,CP00,2000-01-01,2.9
ES,CP00,2000-02-01,3.0
ES,CP00,2000-03-01,3.0
ES,CP00,2000-04-01,3.0
ES,CP00,2000-05-01,3.2
ES,CP00,2000-06-01,3.5
ES,CP00,2000-07-01,3.7
ES,CP00,2000-08-01,3.6
ES,CP00,2000-09-01,3.7
ES,CP00,2000-10-01,4.0
ES,CP00,2000-11-01,4.1
ES,CP00,2000-12-01,4.0
ES,CP00,2001-01-01,2.9
ES,CP00,2001-02-01,2.7
ES,CP00,2001-03-01,3.1
ES,CP00,2001-04-01,3.6
ES,CP00,2001-05-01,3.8
ES,CP00,2001-06-01,3.7
ES,CP00,2001-07-01,2.4
ES,CP00,2001-08-01,2.1
ES,CP00,2001-09-01,2.3
ES,CP00,2001-10-01,2.5
ES,CP00,2001-11-01,2.5
ES,CP00,2001-12-01,2.5
ES,CP00,2002-01-01,3.1
ES,CP00,2002-02-01,3.2
ES,CP00,2002-03-01,3.2
ES,CP00,2002-04-01,3.7
ES,CP00,2002-05-01,3.7
ES,CP00,2002-06-01,3.4
ES,CP00,2002-07-01,3.5
ES,CP00,2002-08-01,3.7
ES,CP00,2002-09-01,3.5
ES,CP00,2002-10-01,4.0
ES,CP00,2002-11-01,3.9
ES,CP00,2002-12-01,4.0
ES,CP00,2003-01-01,3.8
ES,CP00,2003-02-01,3.8
ES,CP00,2003-03-01,3.7
ES,CP00,2003-04-01,3.2
ES,CP00,2003-05-01,2.7
ES,CP00,2003-06-01,2.8
ES,CP00,2003-07-01,2.9
ES,CP00,2003-08-01,3.1
ES,CP00,2003-09-01,3.0
ES,CP00,2003-10-01,2.7
ES,CP00,2003-11-01,2.9
ES,CP00,2003-12-01,2.7
ES,CP00,2004-01-01,2.3
ES,CP00,2004-02-01,2.2
ES,CP00,2004-03-01,2.2
ES,CP00,2004-04-01,2.7
ES,CP00,2004-05-01,3.4
ES,CP00,2004-06-01,3.5
ES,CP00,2004-07-01,3.3
ES,CP00,2004-08-01,3.3
ES,CP00,2004-09-01,3.2
ES,CP00,2004-10-01,3.6
ES,CP00,2004-11-01,3.5
ES,CP00,2004-12-01,3.3
ES,CP00,2005-01-01,3.1
ES,CP00,2005-02-01,3.3
ES,CP00,2005-03-01,3.4
ES,CP00,2005-04-01,3.5
ES,CP00,2005-05-01,3.1
ES,CP00,2005-06-01,3.2
ES,CP00,2005-07-01,3.3
ES,CP00,2005-08-01,3.3
ES,CP00,2005-09-01,3.8
ES,CP00,2005-10-01,3.5
ES,CP00,2005-11-01,3.4
ES,CP00,2005-12-01,3.7
ES,CP00,2006-01-01,4.2
ES,CP00,2006-02-01,4.1
ES,CP00,2006-03-01,3.9
ES,CP00,2006-04-01,3.9
ES,CP00,2006-05-01,4.1
ES,CP00,2006-06-01,4.0
ES,CP00,2006-07-01,4.0
ES,CP00,2006-08-01,3.8
ES,CP00,2006-09-01,2.9
ES,CP00,2006-10-01,2.6
ES,CP00,2006-11-01,2.7
ES,CP00,2006-12-01,2.7
ES,CP00,2007-01-01,2.4
ES,CP00,2007-02-01,2.4
ES,CP00,2007-03-01,2.5
ES,CP00,2007-04-01,2.5
ES,CP00,2007-05-01,2.4
ES,CP00,2007-06-01,2.5
ES,CP00,2007-07-01,2.3
ES,CP00,2007-08-01,2.2
ES,CP00,2007-09-01,2.7
ES,CP00,2007-10-01,3.6
ES,CP00,2007-11-01,4.1
ES,CP00,2007-12-01,4.3
ES,CP00,2008-01-01,4.4
ES,CP00,2008-02-01,4.5
ES,CP00,2008-03-01,4.6
ES,CP00,2008-04-01,4.2
ES,CP00,2008-05-01,4.7
ES,CP00,2008-06-01,5.1
ES,CP00,2008-07-01,5.3
ES,CP00,2008-08-01,4.9
ES,CP00,2008-09-01,4.6
ES,CP00,2008-10-01,3.6
ES,CP00,2008-11-01,2.4
ES,CP00,2008-12-01,1.5
ES,CP00,2009-01-01,0.8
ES,CP00,2009-02-01,0.7
ES,CP00,2009-03-01,-0.1
ES,CP00,2009-04-01,-0.2
ES,CP00,2009-05-01,-0.9
ES,CP00,2009-06-01,-1.0
ES,CP00,2009-07-01,-1.3
ES,CP00,2009-08-01,-0.7
ES,CP00,2009-09-01,-0.9
ES,CP00,2009-10-01,-0.6
ES,CP00,2009-11-01,0.4
ES,CP00,2009-12-01,0.9
ES,CP00,2010-01-01,0.7
ES,CP00,2010-02-01,0.4
ES,CP00,2010-03-01,2.7
ES,CP00,2010-04-01,2.4
ES,CP00,2010-05-01,2.5
ES,CP00,2010-06-01,2.1
ES,CP00,2010-07-01,1.8
ES,CP00,2010-08-01,1.6
ES,CP00,2010-09-01,2.8
ES,CP00,2010-10-01,2.5
ES,CP00,2010-11-01,2.3
ES,CP00,2010-12-01,2.9
ES,CP00,2011-01-01,3.0
ES,CP00,2011-02-01,3.4
ES,CP00,2011-03-01,3.3
ES,CP00,2011-04-01,3.5
ES,CP00,2011-05-01,3.4
ES,CP00,2011-06-01,3.1
ES,CP00,2011-07-01,3.0
ES,CP00,2011-08-01,2.7
ES,CP00,2011-09-01,3.0
ES,CP00,2011-10-01,3.0
ES,CP00,2011-11-01,2.9
ES,CP00,2011-12-01,2.4
ES,CP00,2012-01-01,2.0
ES,CP00,2012-02-01,1.9
ES,CP00,2012-03-01,1.8
ES,CP00,2012-04-01,2.0
ES,CP00,2012-05-01,1.9
ES,CP00,2012-06-01,1.8
ES,CP00,2012-07-01,2.2
ES,CP00,2012-08-01,2.7
ES,CP00,2012-09-01,3.4
ES,CP00,2012-10-01,3.5
ES,CP00,2012-11-01,3.0
ES,CP00,2012-12-01,3.0
ES,CP00,2013-01-01,2.8
ES,CP00,2013-02-01,2.9
ES,CP00,2013-03-01,2.5
ES,CP00,2013-04-01,1.5
ES,CP00,2013-05-01,1.8
ES,CP00,2013-06-01,2.2
ES,CP00,2013-07-01,1.9
ES,CP00,2013-08-01,1.6
ES,CP00,2013-09-01,0.5
ES,CP00,2013-10-01,0.1
ES,CP00,2013-11-01,0.3
ES,CP00,2013-12-01,0.3
ES,CP00,2014-01-01,0.3
ES,CP00,2014-02-01,0.1
ES,CP00,2014-03-01,-0.2
ES,CP00,2014-04-01,0.3
ES,CP00,2014-05-01,0.2
ES,CP00,2014-06-01,0.0
ES,CP00,2014-07-01,-0.4
ES,CP00,2014-08-01,-0.5
ES,CP00,2014-09-01,-0.3
ES,CP00,2014-10-01,-0.2
ES,CP00,2014-11-01,-0.5
ES,CP00,2014-12-01,-1.1
ES,CP00,2015-01-01,-1.5
ES,CP00,2015-02-01,-1.2
ES,CP00,2015-03-01,-0.8
ES,CP00,2015-04-01,-0.7
ES,CP00,2015-05-01,-0.3
ES,CP00,2015-06-01,0.0
ES,CP00,2015-07-01,0.0
ES,CP00,2015-08-01,-0.5
ES,CP00,2015-09-01,-1.1
ES,CP00,2015-10-01,-0.9
ES,CP00,2015-11-01,-0.4
ES,CP00,2015-12-01,-0.1
ES,CP00,2016-01-01,-0.4
ES,CP00,2016-02-01,-1.0
ES,CP00,2016-03-01,-1.0
ES,CP00,2016-04-01,-1.2
ES,CP00,2016-05-01,-1.1
ES,CP00,2016-06-01,-0.9
ES,CP00,2016-07-01,-0.6
ES,CP00,2016-08-01,-0.3
ES,CP00,2016-09-01,0.0
ES,CP00,2016-10-01,0.5
ES,CP00,2016-11-01,0.5
ES,CP00,2016-12-01,1.4
ES,CP00,2017-01-01,2.9
ES,CP00,2017-02-01,3.0
ES,CP00,2017-03-01,2.1
ES,CP00,2017-04-01,2.6
ES,CP00,2017-05-01,2.0
ES,CP00,2017-06-01,1.6
ES,CP00,2017-07-01,1.7
ES,CP00,2017-08-01,2.0
ES,CP00,2017-09-01,1.8
ES,CP00,2017-10-01,1.7
ES,CP00,2017-11-01,1.8
ES,CP00,2017-12-01,1.2
ES,CP00,2018-01-01,0.7
ES,CP00,2018-02-01,1.2
ES,CP00,2018-03-01,1.3
ES,CP00,2018-04-01,1.1
ES,CP00,2018-05-01,2.1
ES,CP00,2018-06-01,2.3
ES,CP00,2018-07-01,2.3
ES,CP00,2018-08-01,2.2
ES,CP00,2018-09-01,2.3
ES,CP00,2018-10-01,2.3
ES,CP00,2018-11-01,1.7
ES,CP00,2018-12-01,1.2
ES,CP00,2019-01-01,1.0
ES,CP00,2019-02-01,1.1
ES,CP00,2019-03-01,1.3
ES,CP00,2019-04-01,1.7
ES,CP00,2019-05-01,0.9
ES,CP00,2019-06-01,0.6
ES,CP00,2019-07-01,0.6
ES,CP00,2019-08-01,0.5
ES,CP00,2019-09-01,0.2
ES,CP00,2019-10-01,0.2
ES,CP00,2019-11-01,0.5
ES,CP00,2019-12-01,0.8
ES,CP00,2020-01-01,1.1
ES,CP00,2020-02-01,0.9
ES,CP00,2020-03-01,0.1
ES,CP00,2020-04-01,-0.7
ES,CP00,2020-05-01,-0.9
ES,CP00,2020-06-01,-0.3
ES,CP00,2020-07-01,-0.7
ES,CP00,2020-08-01,-0.6
ES,CP00,2020-09-01,-0.6
ES,CP00,2020-10-01,-0.9
ES,CP00,2020-11-01,-0.8
ES,CP00,2020-12-01,-0.6
ES,CP00,2021-01-01,0.4
ES,CP00,2021-02-01,-0.1
ES,CP00,2021-03-01,1.2
ES,CP00,2021-04-01,2.0
ES,CP00,2021-05-01,2.4
ES,CP00,2021-06-01,2.5
ES,CP00,2021-07-01,2.9
ES,CP00,2021-08-01,3.3
ES,CP00,2021-09-01,4.0
ES,CP00,2021-10-01,5.4
ES,CP00,2021-11-01,5.5
ES,CP00,2021-12-01,6.6
ES,CP00,2022-01-01,6.1
ES,CP00,2022-02-01,7.6
ES,CP00,2022-03-01,9.8
ES,CP00,2022-04-01,8.3
ES,CP00,2022-05-01,8.5
ES,CP00,2022-06-01,10.0
ES,CP00,2022-07-01,10.7
ES,CP00,2022-08-01,10.5
ES,CP00,2022-09-01,9.0
ES,CP00,2022-10-01,7.3
ES,CP00,2022-11-01,6.7
ES,CP00,2022-12-01,5.5
ES,CP00,2023-01-01,5.9
ES,CP00,2023-02-01,6.0
ES,CP00,2023-03-01,3.1
ES,CP00,2023-04-01,3.8
ES,CP00,2023-05-01,2.9
ES,CP00,2023-06-01,1.6
ES,CP00,2023-07-01,2.1
ES,CP00,2023-08-01,2.4
ES,CP00,2023-09-01,3.3
ES,CP00,2023-10-01,3.5
ES,CP00,2023-11-01,3.3
ES,CP00,2023-12-01,3.3
ES,CP00,2024-01-01,3.5
ES,CP00,2024-02-01,2.9
ES,CP00,2024-03-01,3.2
ES,CP00,2024-04-01,3.4
ES,CP00,2024-05-01,3.8
ES,CP00,2024-06-01,3.6
ES,CP00,2024-07-01,2.9
ES,CP00,2024-08-01,2.4
ES,CP00,2024-09-01,1.7
ES,CP00,2024-10-01,1.8
ES,CP00,2024-11-01,2.4
ES,CP00,2024-12-01,2.8
ES,CP00,2025-01-01,2.9
ES,CP00,2025-02-01,2.9
ES,CP00,2025-03-01,2.2
ES,CP00,2025-04-01,2.2
ES,CP00,2025-05-01,2.0
ES,CP00,2025-06-01,2.3
ES,CP00,2025-07-01,2.7
ES,CP00,2025-08-01,2.7
ES,CP00,2025-09-01,3.0
ES,CP00,2025-10-01,3.2
ES,CP00,2025-11-01,3.2
ES,CP00,2025-12-01,3.0
ES,CP00,2026-01-01,2.4
ES,CP00,2026-02-01,2.5
CH,CP00,1997-01-01,0.830032
CH,CP00,1997-02-01,0.845377
CH,CP00,1997-03-01,0.522737
CH,CP00,1997-04-01,0.522113
CH,CP00,1997-05-01,0.57669
CH,CP00,1997-06-01,0.481786
CH,CP00,1997-07-01,0.513094
CH,CP00,1997-08-01,0.474491
CH,CP00,1997-09-01,0.414083
CH,CP00,1997-10-01,0.261804
CH,CP00,1997-11-01,0.416898
CH,CP00,1997-12-01,0.386283
CH,CP00,1998-01-01,0.015503
CH,CP00,1998-02-01,-0.037049
CH,CP00,1998-03-01,0.032993
CH,CP00,1998-04-01,-0.022521
CH,CP00,1998-05-01,0.082248
CH,CP00,1998-06-01,0.100973
CH,CP00,1998-07-01,0.075077
CH,CP00,1998-08-01,0.139608
CH,CP00,1998-09-01,0.061645
CH,CP00,1998-10-01,0.034284
CH,CP00,1998-11-01,-0.098536
CH,CP00,1998-12-01,-0.168334
CH,CP00,1999-01-01,0.073042
CH,CP00,1999-02-01,0.288056
CH,CP00,1999-03-01,0.467147
CH,CP00,1999-04-01,0.593785
CH,CP00,1999-05-01,0.575734
CH,CP00,1999-06-01,0.574109
CH,CP00,1999-07-01,0.735036
CH,CP00,1999-08-01,0.94588
CH,CP00,1999-09-01,1.21747
CH,CP00,1999-10-01,1.236492
CH,CP00,1999-11-01,1.304335
CH,CP00,1999-12-01,1.667952
CH,CP00,2000-01-01,1.585214
CH,CP00,2000-02-01,1.623732
CH,CP00,2000-03-01,1.482895
CH,CP00,2000-04-01,1.402397
CH,CP00,2000-05-01,1.580546
CH,CP00,2000-06-01,1.839062
CH,CP00,2000-07-01,1.888673
CH,CP00,2000-08-01,1.124838
CH,CP00,2000-09-01,1.439913
CH,CP00,2000-10-01,1.332457
CH,CP00,2000-11-01,1.912454
CH,CP00,2000-12-01,1.493473
CH,CP00,2001-01-01,1.295488
CH,CP00,2001-02-01,0.779676
CH,CP00,2001-03-01,0.975763
CH,CP00,2001-04-01,1.166649
CH,CP00,2001-05-01,1.765853
CH,CP00,2001-06-01,1.58045
CH,CP00,2001-07-01,1.351639
CH,CP00,2001-08-01,1.050875
CH,CP00,2001-09-01,0.674993
CH,CP00,2001-10-01,0.630181
CH,CP00,2001-11-01,0.286951
CH,CP00,2001-12-01,0.325227
CH,CP00,2002-01-01,0.521489
CH,CP00,2002-02-01,0.654428
CH,CP00,2002-03-01,0.509503
CH,CP00,2002-04-01,1.097144
CH,CP00,2002-05-01,0.647948
CH,CP00,2002-06-01,0.325845
CH,CP00,2002-07-01,-0.051658
CH,CP00,2002-08-01,0.472517
CH,CP00,2002-09-01,0.496777
CH,CP00,2002-10-01,1.23712
CH,CP00,2002-11-01,0.915614
CH,CP00,2002-12-01,0.890736
CH,CP00,2003-01-01,0.846753
CH,CP00,2003-02-01,0.94911
CH,CP00,2003-03-01,1.339158
CH,CP00,2003-04-01,0.671835
CH,CP00,2003-05-01,0.414017
CH,CP00,2003-06-01,0.548098
CH,CP00,2003-07-01,0.270525
CH,CP00,2003-08-01,0.537269
CH,CP00,2003-09-01,0.530469
CH,CP00,2003-10-01,0.453716
CH,CP00,2003-11-01,0.512498
CH,CP00,2003-12-01,0.593872
CH,CP00,2004-01-01,0.172338
CH,CP00,2004-02-01,0.090692
CH,CP00,2004-03-01,-0.097044
CH,CP00,2004-04-01,0.545924
CH,CP00,2004-05-01,0.939977
CH,CP00,2004-06-01,1.112039
CH,CP00,2004-07-01,0.862509
CH,CP00,2004-08-01,1.001054
CH,CP00,2004-09-01,0.860835
CH,CP00,2004-10-01,1.292618
CH,CP00,2004-11-01,1.517565
CH,CP00,2004-12-01,1.33171
CH,CP00,2005-01-01,1.204854
CH,CP00,2005-02-01,1.41035
CH,CP00,2005-03-01,1.441171
CH,CP00,2005-04-01,1.415895
CH,CP00,2005-05-01,1.081754
CH,CP00,2005-06-01,0.680755
CH,CP00,2005-07-01,1.189046
CH,CP00,2005-08-01,0.960717
CH,CP00,2005-09-01,1.396596
CH,CP00,2005-10-01,1.333185
CH,CP00,2005-11-01,0.951487
CH,CP00,2005-12-01,1.006393
CH,CP00,2006-01-01,1.29082
CH,CP00,2006-02-01,1.38365
CH,CP00,2006-03-01,1.028826
CH,CP00,2006-04-01,1.059255
CH,CP00,2006-05-01,1.361984
CH,CP00,2006-06-01,1.562227
CH,CP00,2006-07-01,1.424721
CH,CP00,2006-08-01,1.452137
CH,CP00,2006-09-01,0.793938
CH,CP00,2006-10-01,0.258794
CH,CP00,2006-11-01,0.497638
CH,CP00,2006-12-01,0.621088
CH,CP00,2007-01-01,0.102208
CH,CP00,2007-02-01,-0.011467
CH,CP00,2007-03-01,0.172731
CH,CP00,2007-04-01,0.453994
CH,CP00,2007-05-01,0.488032
CH,CP00,2007-06-01,0.630905
CH,CP00,2007-07-01,0.720332
CH,CP00,2007-08-01,0.435747
CH,CP00,2007-09-01,0.747024
CH,CP00,2007-10-01,1.264339
CH,CP00,2007-11-01,1.770279
CH,CP00,2007-12-01,2.004012
CH,CP00,2008-01-01,2.426196
CH,CP00,2008-02-01,2.364614
CH,CP00,2008-03-01,2.630809
CH,CP00,2008-04-01,2.28399
CH,CP00,2008-05-01,2.855402
CH,CP00,2008-06-01,2.911607
CH,CP00,2008-07-01,3.074703
CH,CP00,2008-08-01,2.921545
CH,CP00,2008-09-01,2.927206
CH,CP00,2008-10-01,2.598059
CH,CP00,2008-11-01,1.452098
CH,CP00,2008-12-01,0.700904
CH,CP00,2009-01-01,0.139111
CH,CP00,2009-02-01,0.237508
CH,CP00,2009-03-01,-0.424074
CH,CP00,2009-04-01,-0.333814
CH,CP00,2009-05-01,-0.961106
CH,CP00,2009-06-01,-0.950914
CH,CP00,2009-07-01,-1.177682
CH,CP00,2009-08-01,-0.81004
CH,CP00,2009-09-01,-0.922441
CH,CP00,2009-10-01,-0.833703
CH,CP00,2009-11-01,0.023896
CH,CP00,2009-12-01,0.28279
CH,CP00,2010-01-01,1.023742
CH,CP00,2010-02-01,0.932771
CH,CP00,2010-03-01,1.399701
CH,CP00,2010-04-01,1.37265
CH,CP00,2010-05-01,1.106665
CH,CP00,2010-06-01,0.486246
CH,CP00,2010-07-01,0.418444
CH,CP00,2010-08-01,0.293542
CH,CP00,2010-09-01,0.283075
CH,CP00,2010-10-01,0.193913
CH,CP00,2010-11-01,0.241109
CH,CP00,2010-12-01,0.519466
CH,CP00,2011-01-01,0.278504
CH,CP00,2011-02-01,0.510113
CH,CP00,2011-03-01,1.004296
CH,CP00,2011-04-01,0.258867
CH,CP00,2011-05-01,0.369102
CH,CP00,2011-06-01,0.56421
CH,CP00,2011-07-01,0.472014
CH,CP00,2011-08-01,0.192195
CH,CP00,2011-09-01,0.485731
CH,CP00,2011-10-01,-0.112502
CH,CP00,2011-11-01,-0.525783
CH,CP00,2011-12-01,-0.714615
CH,CP00,2012-01-01,-0.789485
CH,CP00,2012-02-01,-0.883576
CH,CP00,2012-03-01,-0.954271
CH,CP00,2012-04-01,-0.989465
CH,CP00,2012-05-01,-1.013666
CH,CP00,2012-06-01,-1.053706
CH,CP00,2012-07-01,-0.714011
CH,CP00,2012-08-01,-0.453015
CH,CP00,2012-09-01,-0.411365
CH,CP00,2012-10-01,-0.222097
CH,CP00,2012-11-01,-0.375418
CH,CP00,2012-12-01,-0.434455
CH,CP00,2013-01-01,-0.269644
CH,CP00,2013-02-01,-0.256077
CH,CP00,2013-03-01,-0.593638
CH,CP00,2013-04-01,-0.634431
CH,CP00,2013-05-01,-0.507341
CH,CP00,2013-06-01,-0.127985
CH,CP00,2013-07-01,-0.002757
CH,CP00,2013-08-01,-0.044543
CH,CP00,2013-09-01,-0.055399
CH,CP00,2013-10-01,-0.255326
CH,CP00,2013-11-01,0.07988
CH,CP00,2013-12-01,0.067098
CH,CP00,2014-01-01,0.054394
CH,CP00,2014-02-01,-0.141156
CH,CP00,2014-03-01,0.002859
CH,CP00,2014-04-01,0.038006
CH,CP00,2014-05-01,0.220701
CH,CP00,2014-06-01,0.04976
CH,CP00,2014-07-01,0.031807
CH,CP00,2014-08-01,0.071618
CH,CP00,2014-09-01,-0.087694
CH,CP00,2014-10-01,-0.012598
CH,CP00,2014-11-01,-0.058645
CH,CP00,2014-12-01,-0.328476
CH,CP00,2015-01-01,-0.485236
CH,CP00,2015-02-01,-0.839631
CH,CP00,2015-03-01,-0.874729
CH,CP00,2015-04-01,-1.122713
CH,CP00,2015-05-01,-1.181796
CH,CP00,2015-06-01,-1.037357
CH,CP00,2015-07-01,-1.275919
CH,CP00,2015-08-01,-1.402394
CH,CP00,2015-09-01,-1.443615
CH,CP00,2015-10-01,-1.35989
CH,CP00,2015-11-01,-1.392515
CH,CP00,2015-12-01,-1.308335
CH,CP00,2016-01-01,-1.266739
CH,CP00,2016-02-01,-0.828413
CH,CP00,2016-03-01,-0.86076
CH,CP00,2016-04-01,-0.351908
CH,CP00,2016-05-01,-0.439931
CH,CP00,2016-06-01,-0.373987
CH,CP00,2016-07-01,-0.202912
CH,CP00,2016-08-01,-0.143127
CH,CP00,2016-09-01,-0.181443
CH,CP00,2016-10-01,-0.21285
CH,CP00,2016-11-01,-0.338249
CH,CP00,2016-12-01,-0.006687
CH,CP00,2017-01-01,0.348981
CH,CP00,2017-02-01,0.645981
CH,CP00,2017-03-01,0.567903
CH,CP00,2017-04-01,0.437787
CH,CP00,2017-05-01,0.479413
CH,CP00,2017-06-01,0.197174
CH,CP00,2017-07-01,0.329299
CH,CP00,2017-08-01,0.462732
CH,CP00,2017-09-01,0.651973
CH,CP00,2017-10-01,0.660994
CH,CP00,2017-11-01,0.787111
CH,CP00,2017-12-01,0.83865
CH,CP00,2018-01-01,0.740207
CH,CP00,2018-02-01,0.627982
CH,CP00,2018-03-01,0.795396
CH,CP00,2018-04-01,0.803211
CH,CP00,2018-05-01,0.999189
CH,CP00,2018-06-01,1.146618
CH,CP00,2018-07-01,1.230418
CH,CP00,2018-08-01,1.180926
CH,CP00,2018-09-01,0.989481
CH,CP00,2018-10-01,1.106533
CH,CP00,2018-11-01,0.922015
CH,CP00,2018-12-01,0.691547
CH,CP00,2019-01-01,0.560073
CH,CP00,2019-02-01,0.57871
CH,CP00,2019-03-01,0.729056
CH,CP00,2019-04-01,0.708123
CH,CP00,2019-05-01,0.634313
CH,CP00,2019-06-01,0.600257
CH,CP00,2019-07-01,0.311624
CH,CP00,2019-08-01,0.318032
CH,CP00,2019-09-01,0.148334
CH,CP00,2019-10-01,-0.253128
CH,CP00,2019-11-01,-0.131179
CH,CP00,2019-12-01,0.155738
CH,CP00,2020-01-01,0.202267
CH,CP00,2020-02-01,-0.062281
CH,CP00,2020-03-01,-0.515236
CH,CP00,2020-04-01,-1.063196
CH,CP00,2020-05-01,-1.324585
CH,CP00,2020-06-01,-1.274869
CH,CP00,2020-07-01,-0.919826
CH,CP00,2020-08-01,-0.866167
CH,CP00,2020-09-01,-0.799879
CH,CP00,2020-10-01,-0.570268
CH,CP00,2020-11-01,-0.684767
CH,CP00,2020-12-01,-0.813754
CH,CP00,2021-01-01,-0.544243
CH,CP00,2021-02-01,-0.50397
CH,CP00,2021-03-01,-0.245161
CH,CP00,2021-04-01,0.32804
CH,CP00,2021-05-01,0.550973
CH,CP00,2021-06-01,0.604487
CH,CP00,2021-07-01,0.678769
CH,CP00,2021-08-01,0.881618
CH,CP00,2021-09-01,0.942422
CH,CP00,2021-10-01,1.241922
CH,CP00,2021-11-01,1.532814
CH,CP00,2021-12-01,1.531035
CH,CP00,2022-01-01,1.648718
CH,CP00,2022-02-01,2.150828
CH,CP00,2022-03-01,2.386173
CH,CP00,2022-04-01,2.548032
CH,CP00,2022-05-01,2.942462
CH,CP00,2022-06-01,3.385032
CH,CP00,2022-07-01,3.43342
CH,CP00,2022-08-01,3.452147
CH,CP00,2022-09-01,3.252426
CH,CP00,2022-10-01,2.995985
CH,CP00,2022-11-01,2.960215
CH,CP00,2022-12-01,2.840318
CH,CP00,2023-01-01,3.282541
CH,CP00,2023-02-01,3.371875
CH,CP00,2023-03-01,2.945349
CH,CP00,2023-04-01,2.565336
CH,CP00,2023-05-01,2.158676
CH,CP00,2023-06-01,1.710809
CH,CP00,2023-07-01,1.605125
CH,CP00,2023-08-01,1.554256
CH,CP00,2023-09-01,1.654642
CH,CP00,2023-10-01,1.693407
CH,CP00,2023-11-01,1.443684
CH,CP00,2023-12-01,1.714866
CH,CP00,2024-01-01,1.278657
CH,CP00,2024-02-01,1.168439
CH,CP00,2024-03-01,1.044869
CH,CP00,2024-04-01,1.36778
CH,CP00,2024-05-01,1.390122
CH,CP00,2024-06-01,1.328084
CH,CP00,2024-07-01,1.290587
CH,CP00,2024-08-01,1.060383
CH,CP00,2024-09-01,0.843025
CH,CP00,2024-10-01,0.622971
CH,CP00,2024-11-01,0.73076
CH,CP00,2024-12-01,0.626493
CH,CP00,2025-01-01,0.401572
CH,CP00,2025-02-01,0.324719
CH,CP00,2025-03-01,0.342292
CH,CP00,2025-04-01,0.034241
CH,CP00,2025-05-01,-0.099762
CH,CP00,2025-06-01,0.078021
CH,CP00,2025-07-01,0.217976
CH,CP00,2025-08-01,0.152167
CH,CP00,2025-09-01,0.22443
CH,CP00,2025-10-01,0.095878
CH,CP00,2025-11-01,0.021102
CH,CP00,2025-12-01,0.06314
CH,CP00,2026-01-01,0.058068
GB,CP00,1997-01-01,2.064897
GB,CP00,1997-02-01,1.908957
GB,CP00,1997-03-01,1.608187
GB,CP00,1997-04-01,1.601164
GB,CP00,1997-05-01,1.596517
GB,CP00,1997-06-01,1.73913
GB,CP00,1997-07-01,1.895044
GB,CP00,1997-08-01,2.03193
GB,CP00,1997-09-01,1.875902
GB,CP00,1997-10-01,1.875902
GB,CP00,1997-11-01,1.875902
GB,CP00,1997-12-01,1.726619
GB,CP00,1998-01-01,1.589595
GB,CP00,1998-02-01,1.585014
GB,CP00,1998-03-01,1.726619
GB,CP00,1998-04-01,1.862464
GB,CP00,1998-05-01,2.0
GB,CP00,1998-06-01,1.566952
GB,CP00,1998-07-01,1.573677
GB,CP00,1998-08-01,1.280228
GB,CP00,1998-09-01,1.274788
GB,CP00,1998-10-01,1.274788
GB,CP00,1998-11-01,1.416431
GB,CP00,1998-12-01,1.55587
GB,CP00,1999-01-01,1.564723
GB,CP00,1999-02-01,1.41844
GB,CP00,1999-03-01,1.697313
GB,CP00,1999-04-01,1.547117
GB,CP00,1999-05-01,1.40056
GB,CP00,1999-06-01,1.402525
GB,CP00,1999-07-01,1.267606
GB,CP00,1999-08-01,1.264045
GB,CP00,1999-09-01,1.258741
GB,CP00,1999-10-01,1.118881
GB,CP00,1999-11-01,1.117318
GB,CP00,1999-12-01,1.114206
GB,CP00,2000-01-01,0.70028
GB,CP00,2000-02-01,0.979021
GB,CP00,2000-03-01,0.556328
GB,CP00,2000-04-01,0.554017
GB,CP00,2000-05-01,0.552486
GB,CP00,2000-06-01,0.829876
GB,CP00,2000-07-01,0.834492
GB,CP00,2000-08-01,0.554785
GB,CP00,2000-09-01,0.966851
GB,CP00,2000-10-01,1.106501
GB,CP00,2000-11-01,1.104972
GB,CP00,2000-12-01,0.826446
GB,CP00,2001-01-01,0.973574
GB,CP00,2001-02-01,0.692521
GB,CP00,2001-03-01,0.968188
GB,CP00,2001-04-01,1.101928
GB,CP00,2001-05-01,1.648352
GB,CP00,2001-06-01,1.646091
GB,CP00,2001-07-01,1.517241
GB,CP00,2001-08-01,1.931034
GB,CP00,2001-09-01,1.367989
GB,CP00,2001-10-01,1.094391
GB,CP00,2001-11-01,0.819672
GB,CP00,2001-12-01,1.092896
GB,CP00,2002-01-01,1.515152
GB,CP00,2002-02-01,1.513067
GB,CP00,2002-03-01,1.506849
GB,CP00,2002-04-01,1.362398
GB,CP00,2002-05-01,0.810811
GB,CP00,2002-06-01,0.674764
GB,CP00,2002-07-01,1.086957
GB,CP00,2002-08-01,0.947226
GB,CP00,2002-09-01,0.944669
GB,CP00,2002-10-01,1.35318
GB,CP00,2002-11-01,1.490515
GB,CP00,2002-12-01,1.621622
GB,CP00,2003-01-01,1.356852
GB,CP00,2003-02-01,1.626016
GB,CP00,2003-03-01,1.619433
GB,CP00,2003-04-01,1.478495
GB,CP00,2003-05-01,1.206434
GB,CP00,2003-06-01,1.072386
GB,CP00,2003-07-01,1.209677
GB,CP00,2003-08-01,1.340483
GB,CP00,2003-09-01,1.470588
GB,CP00,2003-10-01,1.468625
GB,CP00,2003-11-01,1.335113
GB,CP00,2003-12-01,1.329787
GB,CP00,2004-01-01,1.472557
GB,CP00,2004-02-01,1.333333
GB,CP00,2004-03-01,1.062417
GB,CP00,2004-04-01,1.192053
GB,CP00,2004-05-01,1.456954
GB,CP00,2004-06-01,1.591512
GB,CP00,2004-07-01,1.460823
GB,CP00,2004-08-01,1.322751
GB,CP00,2004-09-01,1.054018
GB,CP00,2004-10-01,1.184211
GB,CP00,2004-11-01,1.449275
GB,CP00,2004-12-01,1.574803
GB,CP00,2005-01-01,1.583113
GB,CP00,2005-02-01,1.578947
GB,CP00,2005-03-01,1.839685
GB,CP00,2005-04-01,1.832461
GB,CP00,2005-05-01,1.958225
GB,CP00,2005-06-01,1.958225
GB,CP00,2005-07-01,2.356021
GB,CP00,2005-08-01,2.349869
GB,CP00,2005-09-01,2.477184
GB,CP00,2005-10-01,2.340702
GB,CP00,2005-11-01,2.207792
GB,CP00,2005-12-01,1.937984
GB,CP00,2006-01-01,1.948052
GB,CP00,2006-02-01,2.072539
GB,CP00,2006-03-01,1.806452
GB,CP00,2006-04-01,2.056555
GB,CP00,2006-05-01,2.304738
GB,CP00,2006-06-01,2.560819
GB,CP00,2006-07-01,2.30179
GB,CP00,2006-08-01,2.55102
GB,CP00,2006-09-01,2.417303
GB,CP00,2006-10-01,2.414231
GB,CP00,2006-11-01,2.668361
GB,CP00,2006-12-01,3.041825
GB,CP00,2007-01-01,2.675159
GB,CP00,2007-02-01,2.791878
GB,CP00,2007-03-01,3.168568
GB,CP00,2007-04-01,2.770781
GB,CP00,2007-05-01,2.377972
GB,CP00,2007-06-01,2.372035
GB,CP00,2007-07-01,1.875
GB,CP00,2007-08-01,1.741294
GB,CP00,2007-09-01,1.73913
GB,CP00,2007-10-01,2.109181
GB,CP00,2007-11-01,2.10396
GB,CP00,2007-12-01,2.091021
GB,CP00,2008-01-01,2.233251
GB,CP00,2008-02-01,2.469136
GB,CP00,2008-03-01,2.457002
GB,CP00,2008-04-01,2.941176
GB,CP00,2008-05-01,3.422983
GB,CP00,2008-06-01,3.902439
GB,CP00,2008-07-01,4.417178
GB,CP00,2008-08-01,4.767726
GB,CP00,2008-09-01,5.128205
GB,CP00,2008-10-01,4.374241
GB,CP00,2008-11-01,4.0
GB,CP00,2008-12-01,3.012048
GB,CP00,2009-01-01,3.033981
GB,CP00,2009-02-01,3.13253
GB,CP00,2009-03-01,2.877698
GB,CP00,2009-04-01,2.380952
GB,CP00,2009-05-01,2.12766
GB,CP00,2009-06-01,1.760563
GB,CP00,2009-07-01,1.880141
GB,CP00,2009-08-01,1.516919
GB,CP00,2009-09-01,1.16144
GB,CP00,2009-10-01,1.513388
GB,CP00,2009-11-01,1.981352
GB,CP00,2009-12-01,2.923977
GB,CP00,2010-01-01,3.415783
GB,CP00,2010-02-01,3.037383
GB,CP00,2010-03-01,3.379953
GB,CP00,2010-04-01,3.72093
GB,CP00,2010-05-01,3.472222
GB,CP00,2010-06-01,3.229527
GB,CP00,2010-07-01,2.998847
GB,CP00,2010-08-01,3.218391
GB,CP00,2010-09-01,3.099885
GB,CP00,2010-10-01,3.211009
GB,CP00,2010-11-01,3.2
GB,CP00,2010-12-01,3.636364
GB,CP00,2011-01-01,3.986333
GB,CP00,2011-02-01,4.30839
GB,CP00,2011-03-01,3.945885
GB,CP00,2011-04-01,4.484305
GB,CP00,2011-05-01,4.474273
GB,CP00,2011-06-01,4.24581
GB,CP00,2011-07-01,4.479283
GB,CP00,2011-08-01,4.454343
GB,CP00,2011-09-01,5.122494
GB,CP00,2011-10-01,5.0
GB,CP00,2011-11-01,4.761905
GB,CP00,2011-12-01,4.276316
GB,CP00,2012-01-01,3.614458
GB,CP00,2012-02-01,3.369565
GB,CP00,2012-03-01,3.470716
GB,CP00,2012-04-01,3.004292
GB,CP00,2012-05-01,2.67666
GB,CP00,2012-06-01,2.357985
GB,CP00,2012-07-01,2.465166
GB,CP00,2012-08-01,2.452026
GB,CP00,2012-09-01,2.224576
GB,CP00,2012-10-01,2.645503
GB,CP00,2012-11-01,2.748414
GB,CP00,2012-12-01,2.628812
GB,CP00,2013-01-01,2.642706
GB,CP00,2013-02-01,2.839117
GB,CP00,2013-03-01,2.830189
GB,CP00,2013-04-01,2.395833
GB,CP00,2013-05-01,2.711157
GB,CP00,2013-06-01,2.931937
GB,CP00,2013-07-01,2.824268
GB,CP00,2013-08-01,2.705515
GB,CP00,2013-09-01,2.694301
GB,CP00,2013-10-01,2.164948
GB,CP00,2013-11-01,2.057613
GB,CP00,2013-12-01,2.04918
GB,CP00,2014-01-01,1.956746
GB,CP00,2014-02-01,1.738241
GB,CP00,2014-03-01,1.630989
GB,CP00,2014-04-01,1.831129
GB,CP00,2014-05-01,1.522843
GB,CP00,2014-06-01,1.932859
GB,CP00,2014-07-01,1.62767
GB,CP00,2014-08-01,1.519757
GB,CP00,2014-09-01,1.210898
GB,CP00,2014-10-01,1.311806
GB,CP00,2014-11-01,0.907258
GB,CP00,2014-12-01,0.502008
GB,CP00,2015-01-01,0.30303
GB,CP00,2015-02-01,0.0
GB,CP00,2015-03-01,0.0
GB,CP00,2015-04-01,-0.1998
GB,CP00,2015-05-01,0.1
GB,CP00,2015-06-01,0.0
GB,CP00,2015-07-01,0.1001
GB,CP00,2015-08-01,0.0998
GB,CP00,2015-09-01,-0.099701
GB,CP00,2015-10-01,-0.099602
GB,CP00,2015-11-01,0.1998
GB,CP00,2015-12-01,0.1998
GB,CP00,2016-01-01,0.20141
GB,CP00,2016-02-01,0.301508
GB,CP00,2016-03-01,0.501505
GB,CP00,2016-04-01,0.3003
GB,CP00,2016-05-01,0.2997
GB,CP00,2016-06-01,0.399202
GB,CP00,2016-07-01,0.6
GB,CP00,2016-08-01,0.598205
GB,CP00,2016-09-01,0.898204
GB,CP00,2016-10-01,0.897308
GB,CP00,2016-11-01,1.09671
GB,CP00,2016-12-01,1.595214
GB,CP00,2017-01-01,1.909548
GB,CP00,2017-02-01,2.304609
GB,CP00,2017-03-01,2.295409
GB,CP00,2017-04-01,2.694611
GB,CP00,2017-05-01,2.888446
GB,CP00,2017-06-01,2.683897
GB,CP00,2017-07-01,2.584493
GB,CP00,2017-08-01,2.874133
GB,CP00,2017-09-01,2.967359
GB,CP00,2017-10-01,2.964427
GB,CP00,2017-11-01,3.155819
GB,CP00,2017-12-01,2.944063
GB,CP00,2018-01-01,2.95858
GB,CP00,2018-02-01,2.742409
GB,CP00,2018-03-01,2.439024
GB,CP00,2018-04-01,2.429543
GB,CP00,2018-05-01,2.420136
GB,CP00,2018-06-01,2.420136
GB,CP00,2018-07-01,2.51938
GB,CP00,2018-08-01,2.601156
GB,CP00,2018-09-01,2.401537
GB,CP00,2018-10-01,2.399232
GB,CP00,2018-11-01,2.294455
GB,CP00,2018-12-01,2.097235
GB,CP00,2019-01-01,1.819923
GB,CP00,2019-02-01,1.811249
GB,CP00,2019-03-01,1.904762
GB,CP00,2019-04-01,2.087287
GB,CP00,2019-05-01,1.984877
GB,CP00,2019-06-01,1.984877
GB,CP00,2019-07-01,1.984877
GB,CP00,2019-08-01,1.784038
GB,CP00,2019-09-01,1.782364
GB,CP00,2019-10-01,1.499531
GB,CP00,2019-11-01,1.401869
GB,CP00,2019-12-01,1.30719
GB,CP00,2020-01-01,1.787394
GB,CP00,2020-02-01,1.685393
GB,CP00,2020-03-01,1.495327
GB,CP00,2020-04-01,0.836431
GB,CP00,2020-05-01,0.55607
GB,CP00,2020-06-01,0.648749
GB,CP00,2020-07-01,1.112141
GB,CP00,2020-08-01,0.184502
GB,CP00,2020-09-01,0.552995
GB,CP00,2020-10-01,0.738689
GB,CP00,2020-11-01,0.368664
GB,CP00,2020-12-01,0.645161
GB,CP00,2021-01-01,0.739372
GB,CP00,2021-02-01,0.460405
GB,CP00,2021-03-01,0.736648
GB,CP00,2021-04-01,1.474654
GB,CP00,2021-05-01,2.119816
GB,CP00,2021-06-01,2.486188
GB,CP00,2021-07-01,2.016499
GB,CP00,2021-08-01,3.222836
GB,CP00,2021-09-01,3.024748
GB,CP00,2021-10-01,4.124656
GB,CP00,2021-11-01,5.142332
GB,CP00,2021-12-01,5.40293
GB,CP00,2022-01-01,5.412844
GB,CP00,2022-02-01,6.141155
GB,CP00,2022-03-01,7.038391
GB,CP00,2022-04-01,8.991826
GB,CP00,2022-05-01,9.025271
GB,CP00,2022-06-01,9.433962
GB,CP00,2022-07-01,10.062893
GB,CP00,2022-08-01,9.812667
GB,CP00,2022-09-01,10.142349
GB,CP00,2022-10-01,11.091549
GB,CP00,2022-11-01,10.655022
GB,CP00,2022-12-01,10.512598
GB,CP00,2023-01-01,10.008703
GB,CP00,2023-02-01,10.44905
GB,CP00,2023-03-01,10.076857
GB,CP00,2023-04-01,8.666667
GB,CP00,2023-05-01,8.692053
GB,CP00,2023-06-01,7.963875
GB,CP00,2023-07-01,6.857143
GB,CP00,2023-08-01,6.661251
GB,CP00,2023-09-01,6.623586
GB,CP00,2023-10-01,4.59588
GB,CP00,2023-11-01,3.94633
GB,CP00,2023-12-01,3.930818
GB,CP00,2024-01-01,4.03481
GB,CP00,2024-02-01,3.440188
GB,CP00,2024-03-01,3.18076
GB,CP00,2024-04-01,2.377301
GB,CP00,2024-05-01,1.980198
GB,CP00,2024-06-01,1.977186
GB,CP00,2024-07-01,2.215432
GB,CP00,2024-08-01,2.284844
GB,CP00,2024-09-01,1.666667
GB,CP00,2024-10-01,2.272727
GB,CP00,2024-11-01,2.581625
GB,CP00,2024-12-01,2.571861
GB,CP00,2025-01-01,2.965779
GB,CP00,2025-02-01,2.796674
GB,CP00,2025-03-01,2.631579
GB,CP00,2025-04-01,3.520599
GB,CP00,2025-05-01,3.360717
GB,CP00,2025-06-01,3.579418
GB,CP00,2025-07-01,3.886398
GB,CP00,2025-08-01,3.723008
GB,CP00,2025-09-01,3.800298
GB,CP00,2025-10-01,3.555556
GB,CP00,2025-11-01,3.256847
GB,CP00,2025-12-01,3.318584
GB,CP00,2026-01-01,3.028065
US,CP00,1997-01-01,3.044041
US,CP00,1997-02-01,3.034216
US,CP00,1997-03-01,2.761721
US,CP00,1997-04-01,2.495202
US,CP00,1997-05-01,2.234994
US,CP00,1997-06-01,2.297384
US,CP00,1997-07-01,2.229299
US,CP00,1997-08-01,2.225048
US,CP00,1997-09-01,2.154626
US,CP00,1997-10-01,2.084649
US,CP00,1997-11-01,1.828499
US,CP00,1997-12-01,1.702396
US,CP00,1998-01-01,1.571339
US,CP00,1998-02-01,1.441103
US,CP00,1998-03-01,1.375
US,CP00,1998-04-01,1.435705
US,CP00,1998-05-01,1.686446
US,CP00,1998-06-01,1.684342
US,CP00,1998-07-01,1.682243
US,CP00,1998-08-01,1.616915
US,CP00,1998-09-01,1.488834
US,CP00,1998-10-01,1.485149
US,CP00,1998-11-01,1.547988
US,CP00,1998-12-01,1.611903
US,CP00,1999-01-01,1.670792
US,CP00,1999-02-01,1.60593
US,CP00,1999-03-01,1.726264
US,CP00,1999-04-01,2.276923
US,CP00,1999-05-01,2.088452
US,CP00,1999-06-01,1.96319
US,CP00,1999-07-01,2.144608
US,CP00,1999-08-01,2.264382
US,CP00,1999-09-01,2.628362
US,CP00,1999-10-01,2.560976
US,CP00,1999-11-01,2.621951
US,CP00,1999-12-01,2.684564
US,CP00,2000-01-01,2.738892
US,CP00,2000-02-01,3.221884
US,CP00,2000-03-01,3.757576
US,CP00,2000-04-01,3.068592
US,CP00,2000-05-01,3.188929
US,CP00,2000-06-01,3.730445
US,CP00,2000-07-01,3.659268
US,CP00,2000-08-01,3.411131
US,CP00,2000-09-01,3.454437
US,CP00,2000-10-01,3.448276
US,CP00,2000-11-01,3.446227
US,CP00,2000-12-01,3.386809
US,CP00,2001-01-01,3.732227
US,CP00,2001-02-01,3.533569
US,CP00,2001-03-01,2.920561
US,CP00,2001-04-01,3.269119
US,CP00,2001-05-01,3.61516
US,CP00,2001-06-01,3.24826
US,CP00,2001-07-01,2.719907
US,CP00,2001-08-01,2.719907
US,CP00,2001-09-01,2.648244
US,CP00,2001-10-01,2.126437
US,CP00,2001-11-01,1.895462
US,CP00,2001-12-01,1.551724
US,CP00,2002-01-01,1.142204
US,CP00,2002-02-01,1.137656
US,CP00,2002-03-01,1.475596
US,CP00,2002-04-01,1.639344
US,CP00,2002-05-01,1.181767
US,CP00,2002-06-01,1.067416
US,CP00,2002-07-01,1.464789
US,CP00,2002-08-01,1.802817
US,CP00,2002-09-01,1.514302
US,CP00,2002-10-01,2.025886
US,CP00,2002-11-01,2.198422
US,CP00,2002-12-01,2.37691
US,CP00,2003-01-01,2.597403
US,CP00,2003-02-01,2.980877
US,CP00,2003-03-01,3.020134
US,CP00,2003-04-01,2.224694
US,CP00,2003-05-01,2.057842
US,CP00,2003-06-01,2.112285
US,CP00,2003-07-01,2.109939
US,CP00,2003-08-01,2.158273
US,CP00,2003-09-01,2.320442
US,CP00,2003-10-01,2.040816
US,CP00,2003-11-01,1.76503
US,CP00,2003-12-01,1.879491
US,CP00,2004-01-01,1.926252
US,CP00,2004-02-01,1.693064
US,CP00,2004-03-01,1.737242
US,CP00,2004-04-01,2.285092
US,CP00,2004-05-01,3.051771
US,CP00,2004-06-01,3.266195
US,CP00,2004-07-01,2.990756
US,CP00,2004-08-01,2.654388
US,CP00,2004-09-01,2.537797
US,CP00,2004-10-01,3.189189
US,CP00,2004-11-01,3.523035
US,CP00,2004-12-01,3.255562
US,CP00,2005-01-01,2.969762
US,CP00,2005-02-01,3.007519
US,CP00,2005-03-01,3.148346
US,CP00,2005-04-01,3.510638
US,CP00,2005-05-01,2.80275
US,CP00,2005-06-01,2.530311
US,CP00,2005-07-01,3.167899
US,CP00,2005-08-01,3.641161
US,CP00,2005-09-01,4.686677
US,CP00,2005-10-01,4.347826
US,CP00,2005-11-01,3.455497
US,CP00,2005-12-01,3.415659
US,CP00,2006-01-01,3.985317
US,CP00,2006-02-01,3.597497
US,CP00,2006-03-01,3.362649
US,CP00,2006-04-01,3.545735
US,CP00,2006-05-01,4.166667
US,CP00,2006-06-01,4.318766
US,CP00,2006-07-01,4.145343
US,CP00,2006-08-01,3.818737
US,CP00,2006-09-01,2.062374
US,CP00,2006-10-01,1.305221
US,CP00,2006-11-01,1.973684
US,CP00,2006-12-01,2.54065
US,CP00,2007-01-01,2.075643
US,CP00,2007-02-01,2.415199
US,CP00,2007-03-01,2.778779
US,CP00,2007-04-01,2.573697
US,CP00,2007-05-01,2.690864
US,CP00,2007-06-01,2.687038
US,CP00,2007-07-01,2.358231
US,CP00,2007-08-01,1.970083
US,CP00,2007-09-01,2.755052
US,CP00,2007-10-01,3.536174
US,CP00,2007-11-01,4.306203
US,CP00,2007-12-01,4.081269
US,CP00,2008-01-01,4.280294
US,CP00,2008-02-01,4.026555
US,CP00,2008-03-01,3.981456
US,CP00,2008-04-01,3.93689
US,CP00,2008-05-01,4.175543
US,CP00,2008-06-01,5.02179
US,CP00,2008-07-01,5.600123
US,CP00,2008-08-01,5.371855
US,CP00,2008-09-01,4.936927
US,CP00,2008-10-01,3.655186
US,CP00,2008-11-01,1.069575
US,CP00,2008-12-01,0.091413
US,CP00,2009-01-01,0.029847
US,CP00,2009-02-01,0.236191
US,CP00,2009-03-01,-0.383556
US,CP00,2009-04-01,-0.736886
US,CP00,2009-05-01,-1.281436
US,CP00,2009-06-01,-1.426776
US,CP00,2009-07-01,-2.097161
US,CP00,2009-08-01,-1.484349
US,CP00,2009-09-01,-1.286206
US,CP00,2009-10-01,-0.182848
US,CP00,2009-11-01,1.838296
US,CP00,2009-12-01,2.721331
US,CP00,2010-01-01,2.625709
US,CP00,2010-02-01,2.143332
US,CP00,2010-03-01,2.313959
US,CP00,2010-04-01,2.236447
US,CP00,2010-05-01,2.020986
US,CP00,2010-06-01,1.053349
US,CP00,2010-07-01,1.235193
US,CP00,2010-08-01,1.148105
US,CP00,2010-09-01,1.143683
US,CP00,2010-10-01,1.172188
US,CP00,2010-11-01,1.143161
US,CP00,2010-12-01,1.495724
US,CP00,2011-01-01,1.631847
US,CP00,2011-02-01,2.107585
US,CP00,2011-03-01,2.681603
US,CP00,2011-04-01,3.163631
US,CP00,2011-05-01,3.568646
US,CP00,2011-06-01,3.558828
US,CP00,2011-07-01,3.628716
US,CP00,2011-08-01,3.771208
US,CP00,2011-09-01,3.868357
US,CP00,2011-10-01,3.5252
US,CP00,2011-11-01,3.394378
US,CP00,2011-12-01,2.962419
US,CP00,2012-01-01,2.925217
US,CP00,2012-02-01,2.871099
US,CP00,2012-03-01,2.651398
US,CP00,2012-04-01,2.30274
US,CP00,2012-05-01,1.704254
US,CP00,2012-06-01,1.663994
US,CP00,2012-07-01,1.408451
US,CP00,2012-08-01,1.692379
US,CP00,2012-09-01,1.991282
US,CP00,2012-10-01,2.162344
US,CP00,2012-11-01,1.764134
US,CP00,2012-12-01,1.741022
US,CP00,2013-01-01,1.594865
US,CP00,2013-02-01,1.977924
US,CP00,2013-03-01,1.473896
US,CP00,2013-04-01,1.063085
US,CP00,2013-05-01,1.361965
US,CP00,2013-06-01,1.754417
US,CP00,2013-07-01,1.960682
US,CP00,2013-08-01,1.518368
US,CP00,2013-09-01,1.184925
US,CP00,2013-10-01,0.963613
US,CP00,2013-11-01,1.237072
US,CP00,2013-12-01,1.501736
US,CP00,2014-01-01,1.578947
US,CP00,2014-02-01,1.126349
US,CP00,2014-03-01,1.512203
US,CP00,2014-04-01,1.952858
US,CP00,2014-05-01,2.127112
US,CP00,2014-06-01,2.072341
US,CP00,2014-07-01,1.992329
US,CP00,2014-08-01,1.699611
US,CP00,2014-09-01,1.657919
US,CP00,2014-10-01,1.66434
US,CP00,2014-11-01,1.322355
US,CP00,2014-12-01,0.756493
US,CP00,2015-01-01,-0.089348
US,CP00,2015-02-01,-0.02513
US,CP00,2015-03-01,-0.073637
US,CP00,2015-04-01,-0.199517
US,CP00,2015-05-01,-0.039933
US,CP00,2015-06-01,0.123771
US,CP00,2015-07-01,0.16957
US,CP00,2015-08-01,0.195079
US,CP00,2015-09-01,-0.03613
US,CP00,2015-10-01,0.170574
US,CP00,2015-11-01,0.501798
US,CP00,2015-12-01,0.72952
US,CP00,2016-01-01,1.373087
US,CP00,2016-02-01,1.0178
US,CP00,2016-03-01,0.852536
US,CP00,2016-04-01,1.12511
US,CP00,2016-05-01,1.019323
US,CP00,2016-06-01,0.997326
US,CP00,2016-07-01,0.827139
US,CP00,2016-08-01,1.062875
US,CP00,2016-09-01,1.463784
US,CP00,2016-10-01,1.635988
US,CP00,2016-11-01,1.692537
US,CP00,2016-12-01,2.074622
US,CP00,2017-01-01,2.500042
US,CP00,2017-02-01,2.737958
US,CP00,2017-03-01,2.380612
US,CP00,2017-04-01,2.19969
US,CP00,2017-05-01,1.874878
US,CP00,2017-06-01,1.633488
US,CP00,2017-07-01,1.727978
US,CP00,2017-08-01,1.938974
US,CP00,2017-09-01,2.232964
US,CP00,2017-10-01,2.041129
US,CP00,2017-11-01,2.202583
US,CP00,2017-12-01,2.109082
US,CP00,2018-01-01,2.070508
US,CP00,2018-02-01,2.211795
US,CP00,2018-03-01,2.359711
US,CP00,2018-04-01,2.462744
US,CP00,2018-05-01,2.801012
US,CP00,2018-06-01,2.871548
US,CP00,2018-07-01,2.949515
US,CP00,2018-08-01,2.69918
US,CP00,2018-09-01,2.276972
US,CP00,2018-10-01,2.52247
US,CP00,2018-11-01,2.176601
US,CP00,2018-12-01,1.910159
US,CP00,2019-01-01,1.551235
US,CP00,2019-02-01,1.520135
US,CP00,2019-03-01,1.862523
US,CP00,2019-04-01,1.99644
US,CP00,2019-05-01,1.790228
US,CP00,2019-06-01,1.648485
US,CP00,2019-07-01,1.811465
US,CP00,2019-08-01,1.74978
US,CP00,2019-09-01,1.711305
US,CP00,2019-10-01,1.764043
US,CP00,2019-11-01,2.051278
US,CP00,2019-12-01,2.28513
US,CP00,2020-01-01,2.486572
US,CP00,2020-02-01,2.334874
US,CP00,2020-03-01,1.539327
US,CP00,2020-04-01,0.329097
US,CP00,2020-05-01,0.117926
US,CP00,2020-06-01,0.645733
US,CP00,2020-07-01,0.986082
US,CP00,2020-08-01,1.309645
US,CP00,2020-09-01,1.371325
US,CP00,2020-10-01,1.182066
US,CP00,2020-11-01,1.174536
US,CP00,2020-12-01,1.362005
US,CP00,2021-01-01,1.39977
US,CP00,2021-02-01,1.676215
US,CP00,2021-03-01,2.619763
US,CP00,2021-04-01,4.159695
US,CP00,2021-05-01,4.992707
US,CP00,2021-06-01,5.391451
US,CP00,2021-07-01,5.365475
US,CP00,2021-08-01,5.251272
US,CP00,2021-09-01,5.390349
US,CP00,2021-10-01,6.221869
US,CP00,2021-11-01,6.809003
US,CP00,2021-12-01,7.036403
US,CP00,2022-01-01,7.479872
US,CP00,2022-02-01,7.871064
US,CP00,2022-03-01,8.542456
US,CP00,2022-04-01,8.258629
US,CP00,2022-05-01,8.581512
US,CP00,2022-06-01,9.059758
US,CP00,2022-07-01,8.524815
US,CP00,2022-08-01,8.262693
US,CP00,2022-09-01,8.20167
US,CP00,2022-10-01,7.745427
US,CP00,2022-11-01,7.110323
US,CP00,2022-12-01,6.454401
US,CP00,2023-01-01,6.410147
US,CP00,2023-02-01,6.035613
US,CP00,2023-03-01,4.984974
US,CP00,2023-04-01,4.93032
US,CP00,2023-05-01,4.047609
US,CP00,2023-06-01,2.969178
US,CP00,2023-07-01,3.17778
US,CP00,2023-08-01,3.665112
US,CP00,2023-09-01,3.699698
US,CP00,2023-10-01,3.241145
US,CP00,2023-11-01,3.137271
US,CP00,2023-12-01,3.352123
US,CP00,2024-01-01,3.090885
US,CP00,2024-02-01,3.153171
US,CP00,2024-03-01,3.477385
US,CP00,2024-04-01,3.357364
US,CP00,2024-05-01,3.269029
US,CP00,2024-06-01,2.971397
US,CP00,2024-07-01,2.894753
US,CP00,2024-08-01,2.53073
US,CP00,2024-09-01,2.440633
US,CP00,2024-10-01,2.597905
US,CP00,2024-11-01,2.74938
US,CP00,2024-12-01,2.888057
US,CP00,2025-01-01,3.000483
US,CP00,2025-02-01,2.821549
US,CP00,2025-03-01,2.390725
US,CP00,2025-04-01,2.311289
US,CP00,2025-05-01,2.354897
US,CP00,2025-06-01,2.669213
US,CP00,2025-07-01,2.704902
US,CP00,2025-08-01,2.916174
US,CP00,2025-09-01,3.012677
US,CP00,2025-10-01,
US,CP00,2025-11-01,2.735084
US,CP00,2025-12-01,2.677081
US,CP00,2026-01-01,2.386431
